"Account Number","Account Name","Cash Account Number","Cash Account Name","Sweep Vehicle Number","Sweep Vehicle Name","Account Group","Reporting Currency Code","Reporting Currency Name","Local Currency Code","Local Currency Name","Location Code","Location Name","Cash Reporting Date","Reference Number","Client Reference Number","Related Reference","Tax Code","Tax Code Description","Transaction Type Code","Transaction Type","Main Transaction Code","Sub Transaction Code","Detailed Transaction Type Name","Transaction Description 1","Transaction Description 2","Transaction Description 3","Transaction Description 4","Transaction Description 5","Transaction Description 6","Trade / Ex Date","Settle / Pay Date","Actual Settle Date","Record Date","Cash Post Date","Cash Value Date","Shares/Par","Local Price/Rate","Local Principal Amount","Local Income Amount","Gross Amount","Source Tax Withheld Amount","Bank Tax Withheld Amount","Opening Balance Local","Transaction Activity Local","Closing Balance Local","Opening Balance Reporting Equivalent","Transaction Amount Reporting Equivalent","Closing Balance Reporting Equivalent","Trading Broker Code","Trading BIC Broker Code","Trading Broker Name","Clearing Broker Code","Clearing Broker Name","Clearing BIC Broker Code","Security Short Description","Security Description 1","Security Description 2","Security  Description 3","Security Description 4","Security Description 5","Exchange Rate","CUSIP/CINS","TICKER","ISIN","SEDOL","VALOREN","SICOVAM","WPK","QUICK","Wire Reference Number","Begin Date","End Date","Report Run Date","Report Run Time","Current Factor","Previous Factor","Amortized Units","Event ID","Flat Tax %","Flat Tax Amount","Solidarity %","Solidarity Amount","Flat Tax Currency","Account - GSP","Extended Account","Opening STIF Balance","STIF Transaction Amount","Closing STIF Balance","Create Date","Last Updated","Contractual Indicator Code","Settlement Policy","CID","IAS Account Number","IAS Account Name","IAS Consolidated Account Name","IAS Consolidated Account Number","GFC Indicator","Issue Currency Code","Accrual Currency Code","Asset Category"
"212156","NYLI MERGER ARBITRAGE ETF","2121568400","NYLI MERGER ARBITRAGE ETF","","","","USD","UNITED STATES DOLLAR","USD","UNITED STATES DOLLAR","31","NYG","09/12/25","1252520563104","A960681","","","","S","SELL","SE","101","Sale","INSUFFICIENT SECURITIES","N","SEDOL #: 2669272  ISIN #: CA6979001089","DESC : PAN AMERN SILVER CORP NPV","BROKER : BOFA SECURITIES INC                 ADEL DT:","","09/03/25","09/04/25","","","","","-126060.000000","24.4827","5244855.37","","","","","-1439720.890000","5240099.53","11828945.180000","-1439720.890000","5240099.530000","11828945.180000","161","","MERRILL LYNCH PIERCE FENNER &","161","MERRILL LYNCH PIERCE FENNER &","","PAN AMERN SILVER CORP NPV","PAN AMERN SILVER CORP NPV","","","","","1.000000","697900108","PAAS CN","CA6979001089","2669272","000696996","","","","","09/12/25","09/17/25","09/12/25","9:01:27 AM EDT","","","","","","","","","","212156","000000212156","0","0","0","09/09/25","09/09/2025 20.01.14","N","Actual","5829290091","","","","","Not Applicable","USD","USD","EQUITIES"
"212156","NYLI MERGER ARBITRAGE ETF","2121568400","NYLI MERGER ARBITRAGE ETF","","","","USD","UNITED STATES DOLLAR","USD","UNITED STATES DOLLAR","31","NYG","09/12/25","1252540510683","A961758","","","","S","SELL","SE","101","Sale","MATCHING INSTRUCTION NOT FOUND","RAD AWAITING APPROVAL","1252540240143","N","BROKER : CITADEL SECS INST LLC               ADEL DT:","","09/11/25","09/12/25","09/12/25","","09/12/25","09/12/25","-137249.000000","63.13","8664529.37","","","","","-1439720.890000","8661482.44","11828945.180000","-1439720.890000","8661482.440000","11828945.180000","69941000","","CITADEL SECS INST LLC","161","MERRILL LYNCH PIERCE FENNER &","","SKECHERS U S A INC USD 0.001","SKECHERS U S A INC USD 0.001","","","","","1.000000","830566105","SKX US","US8305661055","2428042","000812362","","","","","09/12/25","09/17/25","09/12/25","9:01:27 AM EDT","","","","","","","","","","212156","000000212156","0","0","0","09/11/25","09/12/2025 01.29.41","N","Actual","5829290091","","","","","Not Applicable","USD","USD","EQUITIES"
"222959","NYLI US LARGE CAP RD LEADERS ETF","","","","","","USD","UNITED STATES DOLLAR","USD","","","","","1252550106255","GLNEKGX1O012003D","MDJ2509120263900","","","SW","SECURITY WITHDRAWAL","LO","20","Agent Loan Open (Free) DF","1252550094833","","","","","","09/12/25","09/12/25","09/12/25","","","","22.000000","0","","","","","","0.000000","0.00","0.000000","0.000000","0.000000","0.000000","901000","","BANK OF NEW YORK MELLON/CUST","901000","BANK OF NEW YORK MELLON/CUST","","LUCID GROUP INC USD 0.0001","LUCID GROUP INC USD 0.0001","","","","","0.000000","549498202","LCID US","US5494982029","BVY4KF9","","","","","","09/12/25","09/17/25","09/12/25","9:01:27 AM EDT","","","","","","","","","","222959","000000222959","0","0","0","09/12/25","09/12/2025 05.02.27","N","Actual","5829291092","","","","","Not Applicable","USD","USD","EQUITIES"
"240413","NYLI CANDRIAM ESG US MID CAP ETF","","","","","","USD","UNITED STATES DOLLAR","USD","","","","","1252550106390","GLNEJP9G7021012D","MDJ2509120264089","","","SW","SECURITY WITHDRAWAL","LO","20","Agent Loan Open (Free) DF","1252550094960","","","","","","09/12/25","09/12/25","09/12/25","","","","1232.000000","0","","","","","","0.000000","0.00","0.000000","0.000000","0.000000","0.000000","901000","","BANK OF NEW YORK MELLON/CUST","901000","BANK OF NEW YORK MELLON/CUST","","CHOICE HOTELS INTL INC USD 0.01","CHOICE HOTELS INTL INC USD 0.01","","","","","0.000000","169905106","CHH US","US1699051066","2106780","000701530","","","","","09/12/25","09/17/25","09/12/25","9:01:27 AM EDT","","","","","","","","","","240413","000000240413","0","0","0","09/12/25","09/12/2025 05.02.29","N","Actual","5829291121","","","","","Not Applicable","USD","USD","EQUITIES"
"240413","NYLI CANDRIAM ESG US MID CAP ETF","","","","","","USD","UNITED STATES DOLLAR","USD","","","","","1252550106436","GLNEKMAIU026010D","MDJ2509120264101","","","SW","SECURITY WITHDRAWAL","LO","20","Agent Loan Open (Free) DF","1252550094965","","","","","","09/12/25","09/12/25","09/12/25","","","","1603.000000","0","","","","","","0.000000","0.00","0.000000","0.000000","0.000000","0.000000","901000","","BANK OF NEW YORK MELLON/CUST","901000","BANK OF NEW YORK MELLON/CUST","","CHOICE HOTELS INTL INC USD 0.01","CHOICE HOTELS INTL INC USD 0.01","","","","","0.000000","169905106","CHH US","US1699051066","2106780","000701530","","","","","09/12/25","09/17/25","09/12/25","9:01:27 AM EDT","","","","","","","","","","240413","000000240413","0","0","0","09/12/25","09/12/2025 05.02.29","N","Actual","5829291121","","","","","Not Applicable","USD","USD","EQUITIES"
"263076","NYLIHEDGE MULTI STRATEGY TRACK ETF","","","","","","USD","UNITED STATES DOLLAR","USD","","","","","1252550154361","GLNELE1EM002001D","MDJ2509120400728","","","SW","SECURITY WITHDRAWAL","LO","20","Agent Loan Open (Free) DF","1252550113124","","","","","","09/12/25","09/12/25","09/12/25","","","","10000.000000","0","","","","","","0.000000","0.00","0.000000","0.000000","0.000000","0.000000","901000","","BANK OF NEW YORK MELLON/CUST","901000","BANK OF NEW YORK MELLON/CUST","","ISHARES NATIONAL MUNI BOND ETF","ISHARES NATIONAL MUNI BOND ETF","","","","","0.000000","464288414","MUB US","US4642884146","B24DX21","003398490","","","","","09/12/25","09/17/25","09/12/25","9:01:27 AM EDT","","","","","","","","","","263076","000000263076","0","0","0","09/12/25","09/12/2025 07.12.53","N","Actual","5829290784","","","","","Not Applicable","USD","USD","EQUITIES"
"263076","NYLIHEDGE MULTI STRATEGY TRACK ETF","","","","","","USD","UNITED STATES DOLLAR","USD","","","","","1252550127372","GLNELDZ1N002001D","MDJ2509120318897","","","SW","SECURITY WITHDRAWAL","LO","20","Agent Loan Open (Free) DF","1252550102768","","","","","","09/12/25","09/12/25","09/12/25","","","","22300.000000","0","","","","","","0.000000","0.00","0.000000","0.000000","0.000000","0.000000","901000","","BANK OF NEW YORK MELLON/CUST","901000","BANK OF NEW YORK MELLON/CUST","","ISHARES TR MSCI CHINA ETF","ISHARES MSCI CHINA ETF","","","","","0.000000","46429B671","MCHI US","US46429B6719","B5LX1Z4","012804625","","","","","09/12/25","09/17/25","09/12/25","9:01:27 AM EDT","","","","","","","","","","263076","000000263076","0","0","0","09/12/25","09/12/2025 06.02.08","N","Actual","5829290784","","","","","Not Applicable","USD","USD","EQUITIES"
"263076","NYLIHEDGE MULTI STRATEGY TRACK ETF","","","","","","USD","UNITED STATES DOLLAR","USD","","","","","1252550192292","GLNELE3B0002001D","MDJ2509120483292","","","SW","SECURITY WITHDRAWAL","LO","20","Agent Loan Open (Free) DF","1252550125554","","","","","","09/12/25","09/12/25","09/12/25","","","","115000.000000","0","","","","","","0.000000","0.00","0.000000","0.000000","0.000000","0.000000","901000","","BANK OF NEW YORK MELLON/CUST","901000","BANK OF NEW YORK MELLON/CUST","","ISHARES TR 0-5 YEAR TIPS BD ETF","ISHARES 0-5 YEAR TIPS BOND E","","","","","0.000000","46429B747","STIP US","US46429B7477","B4N6VX2","012112186","","","","","09/12/25","09/17/25","09/12/25","9:01:27 AM EDT","","","","","","","","","","263076","000000263076","0","0","0","09/12/25","09/12/2025 08.23.56","N","Actual","5829290784","","","","","Not Applicable","USD","USD","EQUITIES"
"263076","NYLIHEDGE MULTI STRATEGY TRACK ETF","","","","","","USD","UNITED STATES DOLLAR","USD","","","","","1252550168023","GLNELE29I002001D","MDJ2509120430268","","","SW","SECURITY WITHDRAWAL","LO","20","Agent Loan Open (Free) DF","1252550117157","","","","","","09/12/25","09/12/25","09/12/25","","","","28000.000000","0","","","","","","0.000000","0.00","0.000000","0.000000","0.000000","0.000000","901000","","BANK OF NEW YORK MELLON/CUST","901000","BANK OF NEW YORK MELLON/CUST","","LITMAN GRE IMGP DBI MANAGED FUTURES","LITMAN GRE IMGP DBI MANAGED FUTURES","","","","","0.000000","53700T827","DBMF US","US53700T8273","BNYDNJ5","113673058","","","","","09/12/25","09/17/25","09/12/25","9:01:27 AM EDT","","","","","","","","","","263076","000000263076","0","0","0","09/12/25","09/12/2025 07.38.52","N","Actual","5829290784","","","","","Not Applicable","USD","USD","EQUITIES"
"263076","NYLIHEDGE MULTI STRATEGY TRACK ETF","","","","","","USD","UNITED STATES DOLLAR","USD","","","","","1252550168022","GLNELE29H002001D","MDJ2509120430265","","","SW","SECURITY WITHDRAWAL","LO","20","Agent Loan Open (Free) DF","1252550117156","","","","","","09/12/25","09/12/25","09/12/25","","","","31500.000000","0","","","","","","0.000000","0.00","0.000000","0.000000","0.000000","0.000000","901000","","BANK OF NEW YORK MELLON/CUST","901000","BANK OF NEW YORK MELLON/CUST","","SPDR BLOOMBERG BARCLAYS CONVERTIBLE","SPDR BLOOMBERG BARCLAYS CONVERTIBLE","SECURITIES ETF","","","","0.000000","78464A359","CWB US","US78464A3591","B3Z44V6","004573758","","","","","09/12/25","09/17/25","09/12/25","9:01:27 AM EDT","","","","","","","","","","263076","000000263076","0","0","0","09/12/25","09/12/2025 07.38.52","N","Actual","5829290784","","","","","Not Applicable","USD","USD","EQUITIES"
"263076","NYLIHEDGE MULTI STRATEGY TRACK ETF","","","","","","USD","UNITED STATES DOLLAR","USD","","","","","1252550157027","GLNELE1IM002001D","MDJ2509120407067","","","SW","SECURITY WITHDRAWAL","LO","20","Agent Loan Open (Free) DF","1252550113742","","","","","","09/12/25","09/12/25","09/12/25","","","","500.000000","0","","","","","","0.000000","0.00","0.000000","0.000000","0.000000","0.000000","901000","","BANK OF NEW YORK MELLON/CUST","901000","BANK OF NEW YORK MELLON/CUST","","SPDR BLOOMBERG BARCLAYS CONVERTIBLE","SPDR BLOOMBERG BARCLAYS CONVERTIBLE","SECURITIES ETF","","","","0.000000","78464A359","CWB US","US78464A3591","B3Z44V6","004573758","","","","","09/12/25","09/17/25","09/12/25","9:01:27 AM EDT","","","","","","","","","","263076","000000263076","0","0","0","09/12/25","09/12/2025 07.17.04","N","Actual","5829290784","","","","","Not Applicable","USD","USD","EQUITIES"
"212156","NYLI MERGER ARBITRAGE ETF","","","","","","USD","UNITED STATES DOLLAR","USD","","","","","1252540563604","EPC10029851TXL2D","MDJ2509111072807","","","SD","SECURITY DEPOSIT","RF","110","Security Addition","","","","","","","09/11/25","09/12/25","","","","","50000.000000","0","","","","","","0.000000","0.00","0.000000","0.000000","0.000000","0.000000","8497000","","JANE STREET CAPITAL LLC","8497000","JANE STREET CAPITAL LLC","","NYLI MERGER ARBITRAGE ETF","NYLI MERGER ARBITRAGE ETF","","","","","0.000000","45409B800","MNA US","US45409B8000","B65XBQ8","010748212","","","","","09/12/25","09/17/25","09/12/25","9:01:27 AM EDT","","","","","","","","","","212156","000000212156","0","0","0","09/11/25","09/11/2025 16.46.47","N","Actual","5829290091","","","","","Not Applicable","USD","USD","EQUITIES"
"139473","NYLI CANDRIAM ESG INTL EQUITY ETF","1394730360","NYLI CANDRIAM ESG INTL EQUITY ETF","","","","USD","UNITED STATES DOLLAR","AUD","AUSTRALIAN DOLLAR","11","BRU","09/12/25","P25091005171-05","C=311394738400 D","","","","FX","FOREIGN EXCHANGE","D","368","Sell Spot Foreign Exchange- BNY SI","PSS2508201141992","SEDOL #: 6247306  ISIN #: AU000000APA1  EVENT ID: 1566367342","DESC : APA GROUP              DIV SRC RATE:     0.2245220000","EX DT: 25JUN27  RECORD DT: 25JUN30  PAY DT: 25SEP10","CCY: AUD  GRSS: 4,990.2300         WTH: 0.0000","FX CONFIRM:P250910-05171 FXRT:0.6601037000  FXVD: 12SEP25 M","09/10/25","09/12/25","","","09/12/25","09/12/25","3294.070000","0.6601037","","","","","","6644.470000","-4990.23","1163.970000","4417.580000","-3317.750000","773.870000","300000155","","PSS FOR FX 2","300000155","PSS FOR FX 2","","","","","","","","0.664850","","","","","","","","","","09/12/25","09/17/25","09/12/25","9:01:27 AM EDT","","","","","","","","","","139473","000000139473","0","0","0","09/10/25","09/11/2025 14.41.00","","","5829291047","","","","","","","",""
"139473","NYLI CANDRIAM ESG INTL EQUITY ETF","1394730360","NYLI CANDRIAM ESG INTL EQUITY ETF","","","","USD","UNITED STATES DOLLAR","AUD","AUSTRALIAN DOLLAR","11","BRU","09/12/25","P25091005176-05","C=311394738400 D","","","","FX","FOREIGN EXCHANGE","D","368","Sell Spot Foreign Exchange- BNY SI","PSS2508201141991","SEDOL #: 6247306  ISIN #: AU000000APA1  EVENT ID: 1566367342","DESC : APA GROUP              DIV SRC RATE:     0.0646960000","EX DT: 25JUN27  RECORD DT: 25JUN30  PAY DT: 25SEP10","CCY: AUD  GRSS: 1,437.9300         WTH: 0.0000","FX CONFIRM:P250910-05176 FXRT:0.6601037000  FXVD: 12SEP25 M","09/10/25","09/12/25","","","09/12/25","09/12/25","949.180000","0.6601037","","","","","","6644.470000","-1437.93","1163.970000","4417.580000","-956.010000","773.870000","300000155","","PSS FOR FX 2","300000155","PSS FOR FX 2","","","","","","","","0.664850","","","","","","","","","","09/12/25","09/17/25","09/12/25","9:01:27 AM EDT","","","","","","","","","","139473","000000139473","0","0","0","09/10/25","09/11/2025 14.41.00","","","5829291047","","","","","","","",""
"139473","NYLI CANDRIAM ESG INTL EQUITY ETF","1394730360","NYLI CANDRIAM ESG INTL EQUITY ETF","","","","USD","UNITED STATES DOLLAR","AUD","AUSTRALIAN DOLLAR","11","BRU","09/12/25","P25091005172-05","C=311394738400 D","","","","FX","FOREIGN EXCHANGE","D","368","Sell Spot Foreign Exchange- BNY SI","PSS2508201141993","SEDOL #: 6247306  ISIN #: AU000000APA1  EVENT ID: 1566367342","DESC : APA GROUP              DIV SRC RATE:     0.0107820000","EX DT: 25JUN27  RECORD DT: 25JUN30  PAY DT: 25SEP10","CCY: AUD  GRSS: 239.6400           WTH: 23.9600","FX CONFIRM:P250910-05172 FXRT:0.6601037000  FXVD: 12SEP25 M","09/10/25","09/12/25","","","09/12/25","09/12/25","142.370000","0.6601037","","","","","","6644.470000","-215.68","1163.970000","4417.580000","-143.390000","773.870000","300000155","","PSS FOR FX 2","300000155","PSS FOR FX 2","","","","","","","","0.664850","","","","","","","","","","09/12/25","09/17/25","09/12/25","9:01:27 AM EDT","","","","","","","","","","139473","000000139473","0","0","0","09/10/25","09/11/2025 14.41.00","","","5829291047","","","","","","","",""
"139473","NYLI CANDRIAM ESG INTL EQUITY ETF","1394730360","NYLI CANDRIAM ESG INTL EQUITY ETF","","","","USD","UNITED STATES DOLLAR","AUD","AUSTRALIAN DOLLAR","11","BRU","09/15/25","P25091126666-05","C=311394738400 D","","","","FX","FOREIGN EXCHANGE","D","368","Sell Spot Foreign Exchange- BNY SI","PSS2508271249268","SEDOL #: 6198578  ISIN #: AU000000REA9  EVENT ID: 1568408591","DESC : REA GROUP LTD NPV      DIV SRC RATE:     1.3800000000","EX DT: 25AUG28  RECORD DT: 25AUG29  PAY DT: 25SEP12","CCY: AUD  GRSS: 1,163.3400         WTH: 0.0000","FX CONFIRM:P250911-26666 FXRT:0.6655004600  FXVD: 15SEP25 M","09/11/25","09/15/25","","","","","774.200000","0.6655004","","","","","","1163.970000","-1163.34","4407.510000","773.870000","-773.450000","2930.330000","300000155","","PSS FOR FX 2","300000155","PSS FOR FX 2","","","","","","","","0.664850","","","","","","","","","","09/12/25","09/17/25","09/12/25","9:01:27 AM EDT","","","","","","","","","","139473","000000139473","0","0","0","09/12/25","09/11/2025 14.55.12","","","5829291047","","","","","","","",""
"139473","NYLI CANDRIAM ESG INTL EQUITY ETF","1394733440","NYLI CANDRIAM ESG INTL EQUITY ETF","","","","USD","UNITED STATES DOLLAR","HKD","HONG KONG DOLLAR","11","BRU","09/12/25","P25091017664-05","C=311394738400 D","","","","FX","FOREIGN EXCHANGE","D","368","Sell Spot Foreign Exchange- BNY SI","PSS2508251538640","SEDOL #: BF0GWS4  ISIN #: KYG9593A1040  EVENT ID: 1568495570","DESC : WHARF REAL ESTATE INVE DIV SRC RATE:     0.6600000000","EX DT: 25AUG26  RECORD DT: 25AUG27  PAY DT: 25SEP11","CCY: HKD  GRSS: 18,037.1400        WTH: 0.0000","FX CONFIRM:P250910-17664 FXRT:7.7949741800  FXVD: 12SEP25 D","09/10/25","09/12/25","","","09/12/25","09/12/25","2313.940000","7.7949741","","","","","","18037.140000","-18037.14","0.000000","2315.590000","-2315.590000","0.000000","300000155","","PSS FOR FX 2","300000155","PSS FOR FX 2","","","","","","","","0.128379","","","","","","","","","","09/12/25","09/17/25","09/12/25","9:01:27 AM EDT","","","","","","","","","","139473","000000139473","0","0","0","09/10/25","09/11/2025 14.41.00","","","5829291047","","","","","","","",""
"139473","NYLI CANDRIAM ESG INTL EQUITY ETF","1394733920","NYLI CANDRIAM ESG INTL EQUITY ETF","","","","USD","UNITED STATES DOLLAR","JPY","JAPANESE YEN","11","BRU","09/16/25","P25091117500-05","C=311394738400 D","","","","FX","FOREIGN EXCHANGE","D","368","Sell Spot Foreign Exchange- BNY SI","PSS2506261265153","SEDOL #: 6986461  ISIN #: JP3955800002  EVENT ID: 1564460302","DESC : YOKOHAMA RUBBER CO LTD DIV SRC RATE:    48.0000000000","EX DT: 25JUN27  RECORD DT: 25JUN30  PAY DT: 25SEP12","CCY: JPY  GRSS: 108,288.0000       WTH: 10,829.0000","FX CONFIRM:P250911-17500 FXRT:147.183257000 FXVD: 16SEP25 D","09/11/25","09/16/25","","","","","662.160000","147.183257","","","","","","612250.000000","-97459.00","-3298.000000","4159.450000","-662.110000","-22.410000","300000155","","PSS FOR FX 2","300000155","PSS FOR FX 2","","","","","","","","0.006794","","","","","","","","","","09/12/25","09/17/25","09/12/25","9:01:27 AM EDT","","","","","","","","","","139473","000000139473","0","0","0","09/11/25","09/11/2025 10.25.12","","","5829291047","","","","","","","",""
"139473","NYLI CANDRIAM ESG INTL EQUITY ETF","1394733920","NYLI CANDRIAM ESG INTL EQUITY ETF","","","","USD","UNITED STATES DOLLAR","JPY","JAPANESE YEN","11","BRU","09/16/25","P25091117399-05","C=311394738400 D","","","","FX","FOREIGN EXCHANGE","D","368","Sell Spot Foreign Exchange- BNY SI","PSS2506261247356","SEDOL #: 6396800  ISIN #: JP3027670003  EVENT ID: 1564460106","DESC : NIPPON BUI REIT        DIV SRC RATE:  2495.0000000000","EX DT: 25JUN27  RECORD DT: 25JUN30  PAY DT: 25SEP12","CCY: JPY  GRSS: 351,795.0000       WTH: 35,180.0000","FX CONFIRM:P250911-17399 FXRT:147.188260000 FXVD: 16SEP25 D","09/11/25","09/16/25","","","","","2151.090000","147.18826","","","","","","612250.000000","-316615.00","-3298.000000","4159.450000","-2150.990000","-22.410000","300000155","","PSS FOR FX 2","300000155","PSS FOR FX 2","","","","","","","","0.006794","","","","","","","","","","09/12/25","09/17/25","09/12/25","9:01:27 AM EDT","","","","","","","","","","139473","000000139473","0","0","0","09/11/25","09/11/2025 10.25.12","","","5829291047","","","","","","","",""
"139473","NYLI CANDRIAM ESG INTL EQUITY ETF","1394733920","NYLI CANDRIAM ESG INTL EQUITY ETF","","","","USD","UNITED STATES DOLLAR","JPY","JAPANESE YEN","11","BRU","09/16/25","P25091117423-05","C=311394738400 D","","","","FX","FOREIGN EXCHANGE","D","368","Sell Spot Foreign Exchange- BNY SI","PSS2506261270022","SEDOL #: 6302700  ISIN #: JP3166000004  PSS #: 2506261270022","DESC : EBARA CORP NPV         DIV SRC RATE:    28.0000000000","EX DT: 25JUN27  RECORD DT: 25JUN30  PAY DT: 25SEP12","CCY: JPY  GRSS: 223,860.0000       WTH: 22,386.0000","FX CONFIRM:P250911-17423 FXRT:147.178254000 FXVD: 16SEP25 D","09/11/25","09/16/25","","","","","1368.910000","147.178254","","","","","","612250.000000","-201474.00","-3298.000000","4159.450000","-1368.760000","-22.410000","300000155","","PSS FOR FX 2","300000155","PSS FOR FX 2","","","","","","","","0.006794","","","","","","","","","","09/12/25","09/17/25","09/12/25","9:01:27 AM EDT","","","","","","","","","","139473","000000139473","0","0","0","09/11/25","09/11/2025 10.25.12","","","5829291047","","","","","","","",""
"139473","NYLI CANDRIAM ESG INTL EQUITY ETF","1394738260","NYLI CANDRIAM ESG INTL EQUITY ETF","","","","USD","UNITED STATES DOLLAR","GBP","POUND STERLING","10","BRU","09/12/25","P25091017639-05","C=311394738400 D","","","","FX","FOREIGN EXCHANGE","D","368","Sell Spot Foreign Exchange- BNY SI","PSS2508150010272","SEDOL #: B2B0DG9  ISIN #: GB00B2B0DG97  EVENT ID: 1567882485","DESC : RELX PLC               DIV SRC RATE:     0.1950000000","EX DT: 25AUG07  RECORD DT: 25AUG08  PAY DT: 25SEP11","CCY: GBP  GRSS: 6,289.9200         WTH: 0.0000","FX CONFIRM:P250910-17639 FXRT:1.3546867000  FXVD: 12SEP25 M","09/10/25","09/12/25","","","09/12/25","09/12/25","8520.870000","1.3546867","","","","","","6289.570000","-6289.92","29986.460000","8527.710000","-8528.190000","40657.140000","300000155","","PSS FOR FX 2","300000155","PSS FOR FX 2","","","","","","","","1.355850","","","","","","","","","","09/12/25","09/17/25","09/12/25","9:01:27 AM EDT","","","","","","","","","","139473","000000139473","0","0","0","09/10/25","09/11/2025 20.13.18","","","5829291047","","","","","","","",""
"139473","NYLI CANDRIAM ESG INTL EQUITY ETF","1394738260","NYLI CANDRIAM ESG INTL EQUITY ETF","","","","USD","UNITED STATES DOLLAR","GBP","POUND STERLING","10","BRU","09/15/25","P25091117487-05","C=311394738400 D","","","","FX","FOREIGN EXCHANGE","D","368","Sell Spot Foreign Exchange- BNY SI","PSS2508140007892","SEDOL #: B10RZP7  ISIN #: GB00B10RZP78  EVENT ID: 1566041719","DESC : UNILEVER PLC 0.031111P DIV SRC RATE:     0.3916000000","EX DT: 25AUG14  RECORD DT: 25AUG15  PAY DT: 25SEP12","CCY: GBP  GRSS: 17,086.2900        WTH: 0.0000","FX CONFIRM:P250911-17487 FXRT:1.3553862800  FXVD: 15SEP25 M","09/11/25","09/15/25","","","","","23158.520000","1.3553862","","","","","","29986.460000","-17086.29","1407.020000","40657.140000","-23166.450000","1907.710000","300000155","","PSS FOR FX 2","300000155","PSS FOR FX 2","","","","","","","","1.355850","","","","","","","","","","09/12/25","09/17/25","09/12/25","9:01:27 AM EDT","","","","","","","","","","139473","000000139473","0","0","0","09/11/25","09/11/2025 10.25.13","","","5829291047","","","","","","","",""
"139473","NYLI CANDRIAM ESG INTL EQUITY ETF","1394738260","NYLI CANDRIAM ESG INTL EQUITY ETF","","","","USD","UNITED STATES DOLLAR","GBP","POUND STERLING","10","BRU","09/15/25","P25091117435-05","C=311394738400 D","","","","FX","FOREIGN EXCHANGE","D","368","Sell Spot Foreign Exchange- BNY SI","PSS2508060032149","SEDOL #: BM8PJY7  ISIN #: GB00BM8PJY71  EVENT ID: 1567894747","DESC : NATWEST GROUP PLC GBP  DIV SRC RATE:     0.0950000000","EX DT: 25AUG07  RECORD DT: 25AUG08  PAY DT: 25SEP12","CCY: GBP  GRSS: 12,900.5200        WTH: 0.0000","FX CONFIRM:P250911-17435 FXRT:1.3553862800  FXVD: 15SEP25 M","09/11/25","09/15/25","","","","","17485.190000","1.3553862","","","","","","29986.460000","-12900.52","1407.020000","40657.140000","-17491.170000","1907.710000","300000155","","PSS FOR FX 2","300000155","PSS FOR FX 2","","","","","","","","1.355850","","","","","","","","","","09/12/25","09/17/25","09/12/25","9:01:27 AM EDT","","","","","","","","","","139473","000000139473","0","0","0","09/11/25","09/11/2025 10.25.12","","","5829291047","","","","","","","",""
"139473","NYLI CANDRIAM ESG INTL EQUITY ETF","1394737020","NYLI CANDRIAM ESG INTL EQUITY ETF","","","","USD","UNITED STATES DOLLAR","SGD","SINGAPORE DOLLAR","11","BRU","09/12/25","P25091012444-05","C=311394738400 D","","","","FX","FOREIGN EXCHANGE","D","368","Sell Spot Foreign Exchange- BNY SI","PSS2507291269647","SEDOL #: B0D6P43  ISIN #: SG1S03926213  EVENT ID: 1567878823","DESC : MAPLETREE LOGISTICS TR DIV SRC RATE:     0.0053500000","EX DT: 25JUL30  RECORD DT: 25JUL31  PAY DT: 25SEP10","CCY: SGD  GRSS: 314.9100           WTH: 31.4900","FX CONFIRM:P250910-12444 FXRT:1.2843701600  FXVD: 12SEP25 D","09/10/25","09/12/25","","","09/12/25","09/12/25","220.670000","1.2843701","","","","","","1781.760000","-283.42","746.670000","1389.720000","-221.060000","582.380000","300000155","","PSS FOR FX 2","300000155","PSS FOR FX 2","","","","","","","","0.779970","","","","","","","","","","09/12/25","09/17/25","09/12/25","9:01:27 AM EDT","","","","","","","","","","139473","000000139473","0","0","0","09/10/25","09/11/2025 14.41.00","","","5829291047","","","","","","","",""
"139473","NYLI CANDRIAM ESG INTL EQUITY ETF","1394737020","NYLI CANDRIAM ESG INTL EQUITY ETF","","","","USD","UNITED STATES DOLLAR","SGD","SINGAPORE DOLLAR","11","BRU","09/12/25","P25091012445-05","C=311394738400 D","","","","FX","FOREIGN EXCHANGE","D","368","Sell Spot Foreign Exchange- BNY SI","PSS2507291270019","SEDOL #: B0D6P43  ISIN #: SG1S03926213  EVENT ID: 1567878823","DESC : MAPLETREE LOGISTICS TR DIV SRC RATE:     0.0048000000","EX DT: 25JUL30  RECORD DT: 25JUL31  PAY DT: 25SEP10","CCY: SGD  GRSS: 282.5400           WTH: 0.0000","FX CONFIRM:P250910-12445 FXRT:1.2843701600  FXVD: 12SEP25 D","09/10/25","09/12/25","","","09/12/25","09/12/25","219.980000","1.2843701","","","","","","1781.760000","-282.54","746.670000","1389.720000","-220.370000","582.380000","300000155","","PSS FOR FX 2","300000155","PSS FOR FX 2","","","","","","","","0.779970","","","","","","","","","","09/12/25","09/17/25","09/12/25","9:01:27 AM EDT","","","","","","","","","","139473","000000139473","0","0","0","09/10/25","09/11/2025 14.41.00","","","5829291047","","","","","","","",""
"139473","NYLI CANDRIAM ESG INTL EQUITY ETF","1394737020","NYLI CANDRIAM ESG INTL EQUITY ETF","","","","USD","UNITED STATES DOLLAR","SGD","SINGAPORE DOLLAR","11","BRU","09/12/25","P25091009600-05","C=311394738400 D","","","","FX","FOREIGN EXCHANGE","D","368","Sell Spot Foreign Exchange- BNY SI","PSS2507291249109","UNIT/QNTY: 58,862.0000","SEDOL #: B0D6P43  ISIN #: SG1S03926213","DESC : MAPLETREE LOGISTICS TR NPV (REIT)","EX DT: 25JUL30  RECORD DT: 25JUL31  PAY DT: 25SEP10","FX CONFIRM:P250910-09600 FXRT:1.2840699800  FXVD: 12SEP25 D","09/10/25","09/12/25","","","09/12/25","09/12/25","365.350000","1.2840699","","","","","","1781.760000","-469.13","746.670000","1389.720000","-365.910000","582.380000","300000154","","PSS FOR FX 1","300000154","PSS FOR FX 1","","","","","","","","0.779970","","","","","","","","","","09/12/25","09/17/25","09/12/25","9:01:27 AM EDT","","","","","","","","","","139473","000000139473","0","0","0","09/10/25","09/11/2025 14.41.00","","","5829291047","","","","","","","",""
"139473","NYLI CANDRIAM ESG INTL EQUITY ETF","1394737020","NYLI CANDRIAM ESG INTL EQUITY ETF","","","","USD","UNITED STATES DOLLAR","SGD","SINGAPORE DOLLAR","11","BRU","09/15/25","P25091120711-05","C=311394738400 D","","","","FX","FOREIGN EXCHANGE","D","368","Sell Spot Foreign Exchange- BNY SI","PSS2508051259657","SEDOL #: B5143W8  ISIN #: SG2D18969584  EVENT ID: 1568281344","DESC : MAPLETREE PAN ASIA COM DIV SRC RATE:     0.0150000000","EX DT: 25AUG06  RECORD DT: 25AUG07  PAY DT: 25SEP11","CCY: SGD  GRSS: 602.1600           WTH: 60.2200","FX CONFIRM:P250911-20711 FXRT:1.2822689000  FXVD: 15SEP25 D","09/11/25","09/15/25","","","","","422.640000","1.2822689","","","","","","746.670000","-541.94","0.000000","582.380000","-422.700000","0.000000","300000155","","PSS FOR FX 2","300000155","PSS FOR FX 2","","","","","","","","0.779970","","","","","","","","","","09/12/25","09/17/25","09/12/25","9:01:27 AM EDT","","","","","","","","","","139473","000000139473","0","0","0","09/11/25","09/11/2025 11.35.25","","","5829291047","","","","","","","",""
"139473","NYLI CANDRIAM ESG INTL EQUITY ETF","1394737020","NYLI CANDRIAM ESG INTL EQUITY ETF","","","","USD","UNITED STATES DOLLAR","SGD","SINGAPORE DOLLAR","11","BRU","09/15/25","P25091120710-05","C=311394738400 D","","","","FX","FOREIGN EXCHANGE","D","368","Sell Spot Foreign Exchange- BNY SI","PSS2508051259609","SEDOL #: B5143W8  ISIN #: SG2D18969584  EVENT ID: 1568281344","DESC : MAPLETREE PAN ASIA COM DIV SRC RATE:     0.0034000000","EX DT: 25AUG06  RECORD DT: 25AUG07  PAY DT: 25SEP11","CCY: SGD  GRSS: 136.4900           WTH: 0.0000","FX CONFIRM:P250911-20710 FXRT:1.2822689000  FXVD: 15SEP25 D","09/11/25","09/15/25","","","","","106.440000","1.2822689","","","","","","746.670000","-136.49","0.000000","582.380000","-106.460000","0.000000","300000155","","PSS FOR FX 2","300000155","PSS FOR FX 2","","","","","","","","0.779970","","","","","","","","","","09/12/25","09/17/25","09/12/25","9:01:27 AM EDT","","","","","","","","","","139473","000000139473","0","0","0","09/11/25","09/11/2025 11.35.25","","","5829291047","","","","","","","",""
"139473","NYLI CANDRIAM ESG INTL EQUITY ETF","1394737020","NYLI CANDRIAM ESG INTL EQUITY ETF","","","","USD","UNITED STATES DOLLAR","SGD","SINGAPORE DOLLAR","11","BRU","09/15/25","P25091103768-05","C=311394738400 D","","","","FX","FOREIGN EXCHANGE","D","368","Sell Spot Foreign Exchange- BNY SI","PSS2508051243437","UNIT/QNTY: 40,144.0000","SEDOL #: B5143W8  ISIN #: SG2D18969584","DESC : MAPLETREE PAN ASIA COMMERCIAL TRUST","EX DT: 25AUG06  RECORD DT: 25AUG07  PAY DT: 25SEP11","EFF DT:         END DT:         CUSIP:Y5759T101","09/11/25","09/15/25","","","","","53.110000","1.2848704","","","","","","746.670000","-68.24","0.000000","582.380000","-53.230000","0.000000","300000154","","PSS FOR FX 1","300000154","PSS FOR FX 1","","","","","","","","0.779970","","","","","","","","","","09/12/25","09/17/25","09/12/25","9:01:27 AM EDT","","","","","","","","","","139473","000000139473","0","0","0","09/11/25","09/11/2025 02.15.18","","","5829291047","","","","","","","",""
"139473","NYLI CANDRIAM ESG INTL EQUITY ETF","1394738400","NYLI CANDRIAM ESG INTL EQUITY ETF","","","","USD","UNITED STATES DOLLAR","USD","UNITED STATES DOLLAR","31","NYG","09/12/25","P25091009600-05","C=311394738400 D","","","","FX","FOREIGN EXCHANGE","C","868","Sell Spot Foreign Exchange- BNY SI","PSS2507291249109","UNIT/QNTY: 58,862.0000","SEDOL #: B0D6P43  ISIN #: SG1S03926213","DESC : MAPLETREE LOGISTICS TR NPV (REIT)","EX DT: 25JUL30  RECORD DT: 25JUL31  PAY DT: 25SEP10","FX CONFIRM:P250910-09600 FXRT:1.2840699800  FXVD: 12SEP25 M","09/10/25","09/12/25","","","09/12/25","09/12/25","-469.130000","1.2840699","","","","","","200545.120000","365.35","216571.550000","200545.120000","365.350000","216571.550000","300000154","","PSS FOR FX 1","300000154","PSS FOR FX 1","","","","","","","","1.000000","","","","","","","","","","09/12/25","09/17/25","09/12/25","9:01:27 AM EDT","","","","","","","","","","139473","000000139473","0","0","0","09/10/25","09/11/2025 19.54.09","","","5829291047","","","","","","","",""
"139473","NYLI CANDRIAM ESG INTL EQUITY ETF","1394738400","NYLI CANDRIAM ESG INTL EQUITY ETF","","","","USD","UNITED STATES DOLLAR","USD","UNITED STATES DOLLAR","31","NYG","09/12/25","P25091017664-05","C=311394738400 D","","","","FX","FOREIGN EXCHANGE","C","868","Sell Spot Foreign Exchange- BNY SI","PSS2508251538640","SEDOL #: BF0GWS4  ISIN #: KYG9593A1040  EVENT ID: 1568495570","DESC : WHARF REAL ESTATE INVE DIV SRC RATE:     0.6600000000","EX DT: 25AUG26  RECORD DT: 25AUG27  PAY DT: 25SEP11","CCY: HKD  GRSS: 18,037.1400        WTH: 0.0000","FX CONFIRM:P250910-17664 FXRT:7.7949741800  FXVD: 12SEP25 M","09/10/25","09/12/25","","","09/12/25","09/12/25","-18037.140000","7.7949741","","","","","","200545.120000","2313.94","216571.550000","200545.120000","2313.940000","216571.550000","300000155","","PSS FOR FX 2","300000155","PSS FOR FX 2","","","","","","","","1.000000","","","","","","","","","","09/12/25","09/17/25","09/12/25","9:01:27 AM EDT","","","","","","","","","","139473","000000139473","0","0","0","09/10/25","09/11/2025 19.54.09","","","5829291047","","","","","","","",""
"139473","NYLI CANDRIAM ESG INTL EQUITY ETF","1394738400","NYLI CANDRIAM ESG INTL EQUITY ETF","","","","USD","UNITED STATES DOLLAR","USD","UNITED STATES DOLLAR","31","NYG","09/12/25","P25091017639-05","C=311394738400 D","","","","FX","FOREIGN EXCHANGE","C","868","Sell Spot Foreign Exchange- BNY SI","PSS2508150010272","SEDOL #: B2B0DG9  ISIN #: GB00B2B0DG97  EVENT ID: 1567882485","DESC : RELX PLC               DIV SRC RATE:     0.1950000000","EX DT: 25AUG07  RECORD DT: 25AUG08  PAY DT: 25SEP11","CCY: GBP  GRSS: 6,289.9200         WTH: 0.0000","FX CONFIRM:P250910-17639 FXRT:1.3546867000  FXVD: 12SEP25 M","09/10/25","09/12/25","","","09/12/25","09/12/25","-6289.920000","1.3546867","","","","","","200545.120000","8520.87","216571.550000","200545.120000","8520.870000","216571.550000","300000155","","PSS FOR FX 2","300000155","PSS FOR FX 2","","","","","","","","1.000000","","","","","","","","","","09/12/25","09/17/25","09/12/25","9:01:27 AM EDT","","","","","","","","","","139473","000000139473","0","0","0","09/10/25","09/11/2025 19.54.09","","","5829291047","","","","","","","",""
"139473","NYLI CANDRIAM ESG INTL EQUITY ETF","1394738400","NYLI CANDRIAM ESG INTL EQUITY ETF","","","","USD","UNITED STATES DOLLAR","USD","UNITED STATES DOLLAR","31","NYG","09/12/25","P25091012445-05","C=311394738400 D","","","","FX","FOREIGN EXCHANGE","C","868","Sell Spot Foreign Exchange- BNY SI","PSS2507291270019","SEDOL #: B0D6P43  ISIN #: SG1S03926213  EVENT ID: 1567878823","DESC : MAPLETREE LOGISTICS TR DIV SRC RATE:     0.0048000000","EX DT: 25JUL30  RECORD DT: 25JUL31  PAY DT: 25SEP10","CCY: SGD  GRSS: 282.5400           WTH: 0.0000","FX CONFIRM:P250910-12445 FXRT:1.2843701600  FXVD: 12SEP25 M","09/10/25","09/12/25","","","09/12/25","09/12/25","-282.540000","1.2843701","","","","","","200545.120000","219.98","216571.550000","200545.120000","219.980000","216571.550000","300000155","","PSS FOR FX 2","300000155","PSS FOR FX 2","","","","","","","","1.000000","","","","","","","","","","09/12/25","09/17/25","09/12/25","9:01:27 AM EDT","","","","","","","","","","139473","000000139473","0","0","0","09/10/25","09/11/2025 19.54.09","","","5829291047","","","","","","","",""
"139473","NYLI CANDRIAM ESG INTL EQUITY ETF","1394738400","NYLI CANDRIAM ESG INTL EQUITY ETF","","","","USD","UNITED STATES DOLLAR","USD","UNITED STATES DOLLAR","31","NYG","09/12/25","P25091005171-05","C=311394738400 D","","","","FX","FOREIGN EXCHANGE","C","868","Sell Spot Foreign Exchange- BNY SI","PSS2508201141992","SEDOL #: 6247306  ISIN #: AU000000APA1  EVENT ID: 1566367342","DESC : APA GROUP              DIV SRC RATE:     0.2245220000","EX DT: 25JUN27  RECORD DT: 25JUN30  PAY DT: 25SEP10","CCY: AUD  GRSS: 4,990.2300         WTH: 0.0000","FX CONFIRM:P250910-05171 FXRT:0.6601037000  FXVD: 12SEP25 M","09/10/25","09/12/25","","","09/12/25","09/12/25","-4990.230000","0.6601037","","","","","","200545.120000","3294.07","216571.550000","200545.120000","3294.070000","216571.550000","300000155","","PSS FOR FX 2","300000155","PSS FOR FX 2","","","","","","","","1.000000","","","","","","","","","","09/12/25","09/17/25","09/12/25","9:01:27 AM EDT","","","","","","","","","","139473","000000139473","0","0","0","09/10/25","09/11/2025 19.54.09","","","5829291047","","","","","","","",""
"139473","NYLI CANDRIAM ESG INTL EQUITY ETF","1394738400","NYLI CANDRIAM ESG INTL EQUITY ETF","","","","USD","UNITED STATES DOLLAR","USD","UNITED STATES DOLLAR","31","NYG","09/12/25","P25091005172-05","C=311394738400 D","","","","FX","FOREIGN EXCHANGE","C","868","Sell Spot Foreign Exchange- BNY SI","PSS2508201141993","SEDOL #: 6247306  ISIN #: AU000000APA1  EVENT ID: 1566367342","DESC : APA GROUP              DIV SRC RATE:     0.0107820000","EX DT: 25JUN27  RECORD DT: 25JUN30  PAY DT: 25SEP10","CCY: AUD  GRSS: 239.6400           WTH: 23.9600","FX CONFIRM:P250910-05172 FXRT:0.6601037000  FXVD: 12SEP25 M","09/10/25","09/12/25","","","09/12/25","09/12/25","-215.680000","0.6601037","","","","","","200545.120000","142.37","216571.550000","200545.120000","142.370000","216571.550000","300000155","","PSS FOR FX 2","300000155","PSS FOR FX 2","","","","","","","","1.000000","","","","","","","","","","09/12/25","09/17/25","09/12/25","9:01:27 AM EDT","","","","","","","","","","139473","000000139473","0","0","0","09/10/25","09/11/2025 19.54.09","","","5829291047","","","","","","","",""
"139473","NYLI CANDRIAM ESG INTL EQUITY ETF","1394738400","NYLI CANDRIAM ESG INTL EQUITY ETF","","","","USD","UNITED STATES DOLLAR","USD","UNITED STATES DOLLAR","31","NYG","09/12/25","P25091005176-05","C=311394738400 D","","","","FX","FOREIGN EXCHANGE","C","868","Sell Spot Foreign Exchange- BNY SI","PSS2508201141991","SEDOL #: 6247306  ISIN #: AU000000APA1  EVENT ID: 1566367342","DESC : APA GROUP              DIV SRC RATE:     0.0646960000","EX DT: 25JUN27  RECORD DT: 25JUN30  PAY DT: 25SEP10","CCY: AUD  GRSS: 1,437.9300         WTH: 0.0000","FX CONFIRM:P250910-05176 FXRT:0.6601037000  FXVD: 12SEP25 M","09/10/25","09/12/25","","","09/12/25","09/12/25","-1437.930000","0.6601037","","","","","","200545.120000","949.18","216571.550000","200545.120000","949.180000","216571.550000","300000155","","PSS FOR FX 2","300000155","PSS FOR FX 2","","","","","","","","1.000000","","","","","","","","","","09/12/25","09/17/25","09/12/25","9:01:27 AM EDT","","","","","","","","","","139473","000000139473","0","0","0","09/10/25","09/11/2025 19.54.09","","","5829291047","","","","","","","",""
"139473","NYLI CANDRIAM ESG INTL EQUITY ETF","1394738400","NYLI CANDRIAM ESG INTL EQUITY ETF","","","","USD","UNITED STATES DOLLAR","USD","UNITED STATES DOLLAR","31","NYG","09/12/25","P25091012444-05","C=311394738400 D","","","","FX","FOREIGN EXCHANGE","C","868","Sell Spot Foreign Exchange- BNY SI","PSS2507291269647","SEDOL #: B0D6P43  ISIN #: SG1S03926213  EVENT ID: 1567878823","DESC : MAPLETREE LOGISTICS TR DIV SRC RATE:     0.0053500000","EX DT: 25JUL30  RECORD DT: 25JUL31  PAY DT: 25SEP10","CCY: SGD  GRSS: 314.9100           WTH: 31.4900","FX CONFIRM:P250910-12444 FXRT:1.2843701600  FXVD: 12SEP25 M","09/10/25","09/12/25","","","09/12/25","09/12/25","-283.420000","1.2843701","","","","","","200545.120000","220.67","216571.550000","200545.120000","220.670000","216571.550000","300000155","","PSS FOR FX 2","300000155","PSS FOR FX 2","","","","","","","","1.000000","","","","","","","","","","09/12/25","09/17/25","09/12/25","9:01:27 AM EDT","","","","","","","","","","139473","000000139473","0","0","0","09/10/25","09/11/2025 19.54.09","","","5829291047","","","","","","","",""
"139473","NYLI CANDRIAM ESG INTL EQUITY ETF","1394738400","NYLI CANDRIAM ESG INTL EQUITY ETF","","","","USD","UNITED STATES DOLLAR","USD","UNITED STATES DOLLAR","31","NYG","09/15/25","P25091117487-05","C=311394738400 D","","","","FX","FOREIGN EXCHANGE","C","868","Sell Spot Foreign Exchange- BNY SI","PSS2508140007892","SEDOL #: B10RZP7  ISIN #: GB00B10RZP78  EVENT ID: 1566041719","DESC : UNILEVER PLC 0.031111P DIV SRC RATE:     0.3916000000","EX DT: 25AUG14  RECORD DT: 25AUG15  PAY DT: 25SEP12","CCY: GBP  GRSS: 17,086.2900        WTH: 0.0000","FX CONFIRM:P250911-17487 FXRT:1.3553862800  FXVD: 15SEP25 M","09/11/25","09/15/25","","","","","-17086.290000","1.3553862","","","","","","216571.550000","23158.52","258571.650000","216571.550000","23158.520000","258571.650000","300000155","","PSS FOR FX 2","300000155","PSS FOR FX 2","","","","","","","","1.000000","","","","","","","","","","09/12/25","09/17/25","09/12/25","9:01:27 AM EDT","","","","","","","","","","139473","000000139473","0","0","0","09/11/25","09/11/2025 10.25.16","","","5829291047","","","","","","","",""
"139473","NYLI CANDRIAM ESG INTL EQUITY ETF","1394738400","NYLI CANDRIAM ESG INTL EQUITY ETF","","","","USD","UNITED STATES DOLLAR","USD","UNITED STATES DOLLAR","31","NYG","09/15/25","P25091120711-05","C=311394738400 D","","","","FX","FOREIGN EXCHANGE","C","868","Sell Spot Foreign Exchange- BNY SI","PSS2508051259657","SEDOL #: B5143W8  ISIN #: SG2D18969584  EVENT ID: 1568281344","DESC : MAPLETREE PAN ASIA COM DIV SRC RATE:     0.0150000000","EX DT: 25AUG06  RECORD DT: 25AUG07  PAY DT: 25SEP11","CCY: SGD  GRSS: 602.1600           WTH: 60.2200","FX CONFIRM:P250911-20711 FXRT:1.2822689000  FXVD: 15SEP25 M","09/11/25","09/15/25","","","","","-541.940000","1.2822689","","","","","","216571.550000","422.64","258571.650000","216571.550000","422.640000","258571.650000","300000155","","PSS FOR FX 2","300000155","PSS FOR FX 2","","","","","","","","1.000000","","","","","","","","","","09/12/25","09/17/25","09/12/25","9:01:27 AM EDT","","","","","","","","","","139473","000000139473","0","0","0","09/11/25","09/11/2025 11.35.16","","","5829291047","","","","","","","",""
"139473","NYLI CANDRIAM ESG INTL EQUITY ETF","1394738400","NYLI CANDRIAM ESG INTL EQUITY ETF","","","","USD","UNITED STATES DOLLAR","USD","UNITED STATES DOLLAR","31","NYG","09/15/25","P25091103768-05","C=311394738400 D","","","","FX","FOREIGN EXCHANGE","C","868","Sell Spot Foreign Exchange- BNY SI","PSS2508051243437","UNIT/QNTY: 40,144.0000","SEDOL #: B5143W8  ISIN #: SG2D18969584","DESC : MAPLETREE PAN ASIA COMMERCIAL TRUST","EX DT: 25AUG06  RECORD DT: 25AUG07  PAY DT: 25SEP11","EFF DT:         END DT:         CUSIP:Y5759T101","09/11/25","09/15/25","","","","","-68.240000","1.2848704","","","","","","216571.550000","53.11","258571.650000","216571.550000","53.110000","258571.650000","300000154","","PSS FOR FX 1","300000154","PSS FOR FX 1","","","","","","","","1.000000","","","","","","","","","","09/12/25","09/17/25","09/12/25","9:01:27 AM EDT","","","","","","","","","","139473","000000139473","0","0","0","09/11/25","09/11/2025 02.15.18","","","5829291047","","","","","","","",""
"139473","NYLI CANDRIAM ESG INTL EQUITY ETF","1394738400","NYLI CANDRIAM ESG INTL EQUITY ETF","","","","USD","UNITED STATES DOLLAR","USD","UNITED STATES DOLLAR","31","NYG","09/15/25","P25091126666-05","C=311394738400 D","","","","FX","FOREIGN EXCHANGE","C","868","Sell Spot Foreign Exchange- BNY SI","PSS2508271249268","SEDOL #: 6198578  ISIN #: AU000000REA9  EVENT ID: 1568408591","DESC : REA GROUP LTD NPV      DIV SRC RATE:     1.3800000000","EX DT: 25AUG28  RECORD DT: 25AUG29  PAY DT: 25SEP12","CCY: AUD  GRSS: 1,163.3400         WTH: 0.0000","FX CONFIRM:P250911-26666 FXRT:0.6655004600  FXVD: 15SEP25 M","09/11/25","09/15/25","","","","","-1163.340000","0.6655004","","","","","","216571.550000","774.20","258571.650000","216571.550000","774.200000","258571.650000","300000155","","PSS FOR FX 2","300000155","PSS FOR FX 2","","","","","","","","1.000000","","","","","","","","","","09/12/25","09/17/25","09/12/25","9:01:27 AM EDT","","","","","","","","","","139473","000000139473","0","0","0","09/11/25","09/11/2025 14.55.12","","","5829291047","","","","","","","",""
"139473","NYLI CANDRIAM ESG INTL EQUITY ETF","1394738400","NYLI CANDRIAM ESG INTL EQUITY ETF","","","","USD","UNITED STATES DOLLAR","USD","UNITED STATES DOLLAR","31","NYG","09/15/25","P25091117435-05","C=311394738400 D","","","","FX","FOREIGN EXCHANGE","C","868","Sell Spot Foreign Exchange- BNY SI","PSS2508060032149","SEDOL #: BM8PJY7  ISIN #: GB00BM8PJY71  EVENT ID: 1567894747","DESC : NATWEST GROUP PLC GBP  DIV SRC RATE:     0.0950000000","EX DT: 25AUG07  RECORD DT: 25AUG08  PAY DT: 25SEP12","CCY: GBP  GRSS: 12,900.5200        WTH: 0.0000","FX CONFIRM:P250911-17435 FXRT:1.3553862800  FXVD: 15SEP25 M","09/11/25","09/15/25","","","","","-12900.520000","1.3553862","","","","","","216571.550000","17485.19","258571.650000","216571.550000","17485.190000","258571.650000","300000155","","PSS FOR FX 2","300000155","PSS FOR FX 2","","","","","","","","1.000000","","","","","","","","","","09/12/25","09/17/25","09/12/25","9:01:27 AM EDT","","","","","","","","","","139473","000000139473","0","0","0","09/11/25","09/11/2025 10.25.15","","","5829291047","","","","","","","",""
"139473","NYLI CANDRIAM ESG INTL EQUITY ETF","1394738400","NYLI CANDRIAM ESG INTL EQUITY ETF","","","","USD","UNITED STATES DOLLAR","USD","UNITED STATES DOLLAR","31","NYG","09/15/25","P25091120710-05","C=311394738400 D","","","","FX","FOREIGN EXCHANGE","C","868","Sell Spot Foreign Exchange- BNY SI","PSS2508051259609","SEDOL #: B5143W8  ISIN #: SG2D18969584  EVENT ID: 1568281344","DESC : MAPLETREE PAN ASIA COM DIV SRC RATE:     0.0034000000","EX DT: 25AUG06  RECORD DT: 25AUG07  PAY DT: 25SEP11","CCY: SGD  GRSS: 136.4900           WTH: 0.0000","FX CONFIRM:P250911-20710 FXRT:1.2822689000  FXVD: 15SEP25 M","09/11/25","09/15/25","","","","","-136.490000","1.2822689","","","","","","216571.550000","106.44","258571.650000","216571.550000","106.440000","258571.650000","300000155","","PSS FOR FX 2","300000155","PSS FOR FX 2","","","","","","","","1.000000","","","","","","","","","","09/12/25","09/17/25","09/12/25","9:01:27 AM EDT","","","","","","","","","","139473","000000139473","0","0","0","09/11/25","09/11/2025 11.35.16","","","5829291047","","","","","","","",""
"139473","NYLI CANDRIAM ESG INTL EQUITY ETF","1394738400","NYLI CANDRIAM ESG INTL EQUITY ETF","","","","USD","UNITED STATES DOLLAR","USD","UNITED STATES DOLLAR","31","NYG","09/16/25","P25091117500-05","C=311394738400 D","","","","FX","FOREIGN EXCHANGE","C","868","Sell Spot Foreign Exchange- BNY SI","PSS2506261265153","SEDOL #: 6986461  ISIN #: JP3955800002  EVENT ID: 1564460302","DESC : YOKOHAMA RUBBER CO LTD DIV SRC RATE:    48.0000000000","EX DT: 25JUN27  RECORD DT: 25JUN30  PAY DT: 25SEP12","CCY: JPY  GRSS: 108,288.0000       WTH: 10,829.0000","FX CONFIRM:P250911-17500 FXRT:147.183257000 FXVD: 16SEP25 M","09/11/25","09/16/25","","","","","-97459.000000","147.183257","","","","","","258571.650000","662.16","262753.810000","258571.650000","662.160000","262753.810000","300000155","","PSS FOR FX 2","300000155","PSS FOR FX 2","","","","","","","","1.000000","","","","","","","","","","09/12/25","09/17/25","09/12/25","9:01:27 AM EDT","","","","","","","","","","139473","000000139473","0","0","0","09/11/25","09/11/2025 10.25.16","","","5829291047","","","","","","","",""
"139473","NYLI CANDRIAM ESG INTL EQUITY ETF","1394738400","NYLI CANDRIAM ESG INTL EQUITY ETF","","","","USD","UNITED STATES DOLLAR","USD","UNITED STATES DOLLAR","31","NYG","09/16/25","P25091117399-05","C=311394738400 D","","","","FX","FOREIGN EXCHANGE","C","868","Sell Spot Foreign Exchange- BNY SI","PSS2506261247356","SEDOL #: 6396800  ISIN #: JP3027670003  EVENT ID: 1564460106","DESC : NIPPON BUI REIT        DIV SRC RATE:  2495.0000000000","EX DT: 25JUN27  RECORD DT: 25JUN30  PAY DT: 25SEP12","CCY: JPY  GRSS: 351,795.0000       WTH: 35,180.0000","FX CONFIRM:P250911-17399 FXRT:147.188260000 FXVD: 16SEP25 M","09/11/25","09/16/25","","","","","-316615.000000","147.18826","","","","","","258571.650000","2151.09","262753.810000","258571.650000","2151.090000","262753.810000","300000155","","PSS FOR FX 2","300000155","PSS FOR FX 2","","","","","","","","1.000000","","","","","","","","","","09/12/25","09/17/25","09/12/25","9:01:27 AM EDT","","","","","","","","","","139473","000000139473","0","0","0","09/11/25","09/11/2025 10.25.15","","","5829291047","","","","","","","",""
"139473","NYLI CANDRIAM ESG INTL EQUITY ETF","1394738400","NYLI CANDRIAM ESG INTL EQUITY ETF","","","","USD","UNITED STATES DOLLAR","USD","UNITED STATES DOLLAR","31","NYG","09/16/25","P25091117423-05","C=311394738400 D","","","","FX","FOREIGN EXCHANGE","C","868","Sell Spot Foreign Exchange- BNY SI","PSS2506261270022","SEDOL #: 6302700  ISIN #: JP3166000004  PSS #: 2506261270022","DESC : EBARA CORP NPV         DIV SRC RATE:    28.0000000000","EX DT: 25JUN27  RECORD DT: 25JUN30  PAY DT: 25SEP12","CCY: JPY  GRSS: 223,860.0000       WTH: 22,386.0000","FX CONFIRM:P250911-17423 FXRT:147.178254000 FXVD: 16SEP25 M","09/11/25","09/16/25","","","","","-201474.000000","147.178254","","","","","","258571.650000","1368.91","262753.810000","258571.650000","1368.910000","262753.810000","300000155","","PSS FOR FX 2","300000155","PSS FOR FX 2","","","","","","","","1.000000","","","","","","","","","","09/12/25","09/17/25","09/12/25","9:01:27 AM EDT","","","","","","","","","","139473","000000139473","0","0","0","09/11/25","09/11/2025 10.25.15","","","5829291047","","","","","","","",""
"222963","NYLI GLOBAL EQUITY RD LEADERS ETF","2229638260","NYLI GLOBAL EQUITY RD LEADERS ETF","","","","USD","UNITED STATES DOLLAR","GBP","POUND STERLING","10","BRU","09/15/25","P25091117484-05","C=312229638400 D","","","","FX","FOREIGN EXCHANGE","D","368","Sell Spot Foreign Exchange- BNY SI","PSS2508140007894","SEDOL #: B10RZP7  ISIN #: GB00B10RZP78  EVENT ID: 1566041719","DESC : UNILEVER PLC 0.031111P DIV SRC RATE:     0.3916000000","EX DT: 25AUG14  RECORD DT: 25AUG15  PAY DT: 25SEP12","CCY: GBP  GRSS: 58.3400            WTH: 0.0000","FX CONFIRM:P250911-17484 FXRT:1.3554862200  FXVD: 15SEP25 M","09/11/25","09/15/25","","","","","79.080000","1.3554862","","","","","","58.340000","-58.34","0.000000","79.100000","-79.100000","0.000000","300000155","","PSS FOR FX 2","300000155","PSS FOR FX 2","","","","","","","","1.355850","","","","","","","","","","09/12/25","09/17/25","09/12/25","9:01:27 AM EDT","","","","","","","","","","222963","000000222963","0","0","0","09/11/25","09/11/2025 10.25.13","","","5829291091","","","","","","","",""
"222963","NYLI GLOBAL EQUITY RD LEADERS ETF","2229638400","NYLI GLOBAL EQUITY RD LEADERS ETF","","","","USD","UNITED STATES DOLLAR","USD","UNITED STATES DOLLAR","31","NYG","09/15/25","P25091117484-05","C=312229638400 D","","","","FX","FOREIGN EXCHANGE","C","868","Sell Spot Foreign Exchange- BNY SI","PSS2508140007894","SEDOL #: B10RZP7  ISIN #: GB00B10RZP78  EVENT ID: 1566041719","DESC : UNILEVER PLC 0.031111P DIV SRC RATE:     0.3916000000","EX DT: 25AUG14  RECORD DT: 25AUG15  PAY DT: 25SEP12","CCY: GBP  GRSS: 58.3400            WTH: 0.0000","FX CONFIRM:P250911-17484 FXRT:1.3554862200  FXVD: 15SEP25 M","09/11/25","09/15/25","","","","","-58.340000","1.3554862","","","","","","29040.940000","79.08","29532.280000","29040.940000","79.080000","29532.280000","300000155","","PSS FOR FX 2","300000155","PSS FOR FX 2","","","","","","","","1.000000","","","","","","","","","","09/12/25","09/17/25","09/12/25","9:01:27 AM EDT","","","","","","","","","","222963","000000222963","0","0","0","09/11/25","09/11/2025 10.25.16","","","5829291091","","","","","","","",""
"447594","NYLI 50 PCT HEDGED FTSE INTL ETF","4475940360","NYLI 50 PCT HEDGED FTSE INTL ETF","","","","USD","UNITED STATES DOLLAR","AUD","AUSTRALIAN DOLLAR","11","BRU","09/12/25","P25091005177-05","C=314475948400 D","","","","FX","FOREIGN EXCHANGE","D","368","Sell Spot Foreign Exchange- BNY SI","PSS2508201141988","SEDOL #: 6247306  ISIN #: AU000000APA1  EVENT ID: 1566367342","DESC : APA GROUP              DIV SRC RATE:     0.0646960000","EX DT: 25JUN27  RECORD DT: 25JUN30  PAY DT: 25SEP10","CCY: AUD  GRSS: 4,944.3900         WTH: 0.0000","FX CONFIRM:P250910-05177 FXRT:0.6601037000  FXVD: 12SEP25 M","09/10/25","09/12/25","","","09/12/25","09/12/25","3263.810000","0.6601037","","","","","","22844.440000","-4944.39","4190.410000","15188.130000","-3287.280000","2785.990000","300000155","","PSS FOR FX 2","300000155","PSS FOR FX 2","","","","","","","","0.664850","","","","","","","","","","09/12/25","09/17/25","09/12/25","9:01:27 AM EDT","","","","","","","","","","447594","000000447594","0","0","0","09/10/25","09/11/2025 14.41.00","","","5829290930","","","","","","","",""
"447594","NYLI 50 PCT HEDGED FTSE INTL ETF","4475940360","NYLI 50 PCT HEDGED FTSE INTL ETF","","","","USD","UNITED STATES DOLLAR","AUD","AUSTRALIAN DOLLAR","11","BRU","09/12/25","P25091005178-05","C=314475948400 D","","","","FX","FOREIGN EXCHANGE","D","368","Sell Spot Foreign Exchange- BNY SI","PSS2508201141989","SEDOL #: 6247306  ISIN #: AU000000APA1  EVENT ID: 1566367342","DESC : APA GROUP              DIV SRC RATE:     0.2245220000","EX DT: 25JUN27  RECORD DT: 25JUN30  PAY DT: 25SEP10","CCY: AUD  GRSS: 17,159.0900        WTH: 0.0000","FX CONFIRM:P250910-05178 FXRT:0.6601037000  FXVD: 12SEP25 M","09/10/25","09/12/25","","","09/12/25","09/12/25","11326.780000","0.6601037","","","","","","22844.440000","-17159.09","4190.410000","15188.130000","-11408.220000","2785.990000","300000155","","PSS FOR FX 2","300000155","PSS FOR FX 2","","","","","","","","0.664850","","","","","","","","","","09/12/25","09/17/25","09/12/25","9:01:27 AM EDT","","","","","","","","","","447594","000000447594","0","0","0","09/10/25","09/11/2025 14.41.00","","","5829290930","","","","","","","",""
"447594","NYLI 50 PCT HEDGED FTSE INTL ETF","4475940360","NYLI 50 PCT HEDGED FTSE INTL ETF","","","","USD","UNITED STATES DOLLAR","AUD","AUSTRALIAN DOLLAR","11","BRU","09/12/25","P25091005175-05","C=314475948400 D","","","","FX","FOREIGN EXCHANGE","D","368","Sell Spot Foreign Exchange- BNY SI","PSS2508201141990","SEDOL #: 6247306  ISIN #: AU000000APA1  EVENT ID: 1566367342","DESC : APA GROUP              DIV SRC RATE:     0.0107820000","EX DT: 25JUN27  RECORD DT: 25JUN30  PAY DT: 25SEP10","CCY: AUD  GRSS: 824.0100           WTH: 82.4000","FX CONFIRM:P250910-05175 FXRT:0.6601037000  FXVD: 12SEP25 M","09/10/25","09/12/25","","","09/12/25","09/12/25","489.540000","0.6601037","","","","","","22844.440000","-741.61","4190.410000","15188.130000","-493.060000","2785.990000","300000155","","PSS FOR FX 2","300000155","PSS FOR FX 2","","","","","","","","0.664850","","","","","","","","","","09/12/25","09/17/25","09/12/25","9:01:27 AM EDT","","","","","","","","","","447594","000000447594","0","0","0","09/10/25","09/11/2025 14.41.00","","","5829290930","","","","","","","",""
"447594","NYLI 50 PCT HEDGED FTSE INTL ETF","4475940360","NYLI 50 PCT HEDGED FTSE INTL ETF","","","","USD","UNITED STATES DOLLAR","AUD","AUSTRALIAN DOLLAR","11","BRU","09/15/25","P25091126667-05","C=314475948400 D","","","","FX","FOREIGN EXCHANGE","D","368","Sell Spot Foreign Exchange- BNY SI","PSS2508271249466","SEDOL #: 6198578  ISIN #: AU000000REA9  EVENT ID: 1568408591","DESC : REA GROUP LTD NPV      DIV SRC RATE:     1.3800000000","EX DT: 25AUG28  RECORD DT: 25AUG29  PAY DT: 25SEP12","CCY: AUD  GRSS: 4,191.0600         WTH: 0.0000","FX CONFIRM:P250911-26667 FXRT:0.6655004600  FXVD: 15SEP25 M","09/11/25","09/15/25","","","","","2789.150000","0.6655004","","","","","","4190.410000","-4191.06","14181.430000","2785.990000","-2786.430000","9428.520000","300000155","","PSS FOR FX 2","300000155","PSS FOR FX 2","","","","","","","","0.664850","","","","","","","","","","09/12/25","09/17/25","09/12/25","9:01:27 AM EDT","","","","","","","","","","447594","000000447594","0","0","0","09/12/25","09/11/2025 14.55.12","","","5829290930","","","","","","","",""
"447594","NYLI 50 PCT HEDGED FTSE INTL ETF","4475949780","NYLI 50 PCT HEDGED FTSE INTL ETF","","","","USD","UNITED STATES DOLLAR","EUR","EURO","10","BRU","09/12/25","P25091201698-05","C=314475948400 D","","","","FX","FOREIGN EXCHANGE","D","368","Sell Spot Foreign Exchange- BNY SI","PSS2242260024852","11SEP25","DESC : SMURFIT WESTROCK PLC USD 0.001","EX DT: 24AUG15  RECORD DT: 24AUG15  PAY DT: 24SEP18","EUR DIV GROSS:  1,844.5400       WTH: 461.1300","FX CONFIRM:P250912-01698 FXRT:1.1712610200  FXVD: 12SEP25 M","09/12/25","09/12/25","","","09/12/25","09/11/25","540.100000","1.171261","","","","","","-30943.790000","-461.13","-28328.930000","-36290.880000","-540.810000","-33224.170000","300000155","","PSS FOR FX 2","300000155","PSS FOR FX 2","","","","","","","","1.172800","","","","","","","","","","09/12/25","09/17/25","09/12/25","9:01:27 AM EDT","","","","","","","","","","447594","000000447594","0","0","0","09/12/25","09/12/2025 00.08.38","","","5829290930","","","","","","","",""
"447594","NYLI 50 PCT HEDGED FTSE INTL ETF","4475949780","NYLI 50 PCT HEDGED FTSE INTL ETF","","","","USD","UNITED STATES DOLLAR","EUR","EURO","10","BRU","09/12/25","P25091201702-05","C=314475948400 D","","","","FX","FOREIGN EXCHANGE","D","368","Sell Spot Foreign Exchange- BNY SI","PSS2242600084181","11SEP25","DESC : CRH PLC EUR 0.32","EX DT: 24AUG23  RECORD DT: 24AUG23  PAY DT: 24SEP25","EUR DIV GROSS:  7,543.9000       WTH: 1,885.9800","FX CONFIRM:P250912-01702 FXRT:1.1712610200  FXVD: 12SEP25 M","09/12/25","09/12/25","","","09/12/25","09/11/25","2208.970000","1.171261","","","","","","-30943.790000","-1885.98","-28328.930000","-36290.880000","-2211.880000","-33224.170000","300000155","","PSS FOR FX 2","300000155","PSS FOR FX 2","","","","","","","","1.172800","","","","","","","","","","09/12/25","09/17/25","09/12/25","9:01:27 AM EDT","","","","","","","","","","447594","000000447594","0","0","0","09/12/25","09/12/2025 00.08.47","","","5829290930","","","","","","","",""
"447594","NYLI 50 PCT HEDGED FTSE INTL ETF","4475949780","NYLI 50 PCT HEDGED FTSE INTL ETF","","","","USD","UNITED STATES DOLLAR","EUR","EURO","10","BRU","09/12/25","P25091201699-05","C=314475948400 D","","","","FX","FOREIGN EXCHANGE","D","368","Sell Spot Foreign Exchange- BNY SI","PSS2243460257585","11SEP25","DESC : CRH PLC EUR 0.32","EX DT: 24NOV22  RECORD DT: 24NOV22  PAY DT: 24DEC18","EUR DIV GROSS:  9,533.1900       WTH: 2,383.3000","FX CONFIRM:P250912-01699 FXRT:1.1712610200  FXVD: 12SEP25 M","09/12/25","09/12/25","","","09/12/25","09/11/25","2791.470000","1.171261","","","","","","-30943.790000","-2383.30","-28328.930000","-36290.880000","-2795.130000","-33224.170000","300000155","","PSS FOR FX 2","300000155","PSS FOR FX 2","","","","","","","","1.172800","","","","","","","","","","09/12/25","09/17/25","09/12/25","9:01:27 AM EDT","","","","","","","","","","447594","000000447594","0","0","0","09/12/25","09/12/2025 00.08.38","","","5829290930","","","","","","","",""
"447594","NYLI 50 PCT HEDGED FTSE INTL ETF","4475949780","NYLI 50 PCT HEDGED FTSE INTL ETF","","","","USD","UNITED STATES DOLLAR","EUR","EURO","10","BRU","09/12/25","P25091201701-05","C=314475948400 D","","","","FX","FOREIGN EXCHANGE","D","368","Sell Spot Foreign Exchange- BNY SI","PSS2243180206920","11SEP25","DESC : SMURFIT WESTROCK PLC USD 0.001","EX DT: 24NOV15  RECORD DT: 24NOV15  PAY DT: 24DEC18","EUR DIV GROSS:  3,060.7600       WTH: 765.1900","FX CONFIRM:P250912-01701 FXRT:1.1712610200  FXVD: 12SEP25 M","09/12/25","09/12/25","","","09/12/25","09/11/25","896.240000","1.171261","","","","","","-30943.790000","-765.19","-28328.930000","-36290.880000","-897.410000","-33224.170000","300000155","","PSS FOR FX 2","300000155","PSS FOR FX 2","","","","","","","","1.172800","","","","","","","","","","09/12/25","09/17/25","09/12/25","9:01:27 AM EDT","","","","","","","","","","447594","000000447594","0","0","0","09/12/25","09/12/2025 00.08.43","","","5829290930","","","","","","","",""
"447594","NYLI 50 PCT HEDGED FTSE INTL ETF","4475949780","NYLI 50 PCT HEDGED FTSE INTL ETF","","","","USD","UNITED STATES DOLLAR","EUR","EURO","10","BRU","09/12/25","P25091201700-05","C=314475948400 D","","","","FX","FOREIGN EXCHANGE","D","368","Sell Spot Foreign Exchange- BNY SI","PSS2241009694272","11SEP25","DESC : CRH PLC EUR 0.32","EX DT: 24MAR14  RECORD DT: 24MAR15  PAY DT: 24APR17","EUR DIV GROSS:  6,856.5200       WTH: 1,714.1300","FX CONFIRM:P250912-01700 FXRT:1.1712610200  FXVD: 12SEP25 M","09/12/25","09/12/25","","","09/12/25","09/11/25","2007.690000","1.171261","","","","","","-30943.790000","-1714.13","-28328.930000","-36290.880000","-2010.330000","-33224.170000","300000155","","PSS FOR FX 2","300000155","PSS FOR FX 2","","","","","","","","1.172800","","","","","","","","","","09/12/25","09/17/25","09/12/25","9:01:27 AM EDT","","","","","","","","","","447594","000000447594","0","0","0","09/12/25","09/12/2025 00.08.38","","","5829290930","","","","","","","",""
"447594","NYLI 50 PCT HEDGED FTSE INTL ETF","4475949780","NYLI 50 PCT HEDGED FTSE INTL ETF","","","","USD","UNITED STATES DOLLAR","EUR","EURO","10","BRU","09/12/25","P25091201697-05","C=314475948400 D","","","","FX","FOREIGN EXCHANGE","D","368","Sell Spot Foreign Exchange- BNY SI","PSS2241709919239","11SEP25","DESC : CRH PLC EUR 0.32","EX DT: 24MAY23  RECORD DT: 24MAY24  PAY DT: 24JUN26","EUR DIV GROSS:  6,649.4200       WTH: 1,662.3500","FX CONFIRM:P250912-01697 FXRT:1.1712610200  FXVD: 12SEP25 M","09/12/25","09/12/25","","","09/12/25","09/11/25","1947.050000","1.171261","","","","","","-30943.790000","-1662.35","-28328.930000","-36290.880000","-1949.600000","-33224.170000","300000155","","PSS FOR FX 2","300000155","PSS FOR FX 2","","","","","","","","1.172800","","","","","","","","","","09/12/25","09/17/25","09/12/25","9:01:27 AM EDT","","","","","","","","","","447594","000000447594","0","0","0","09/12/25","09/12/2025 00.08.37","","","5829290930","","","","","","","",""
"447594","NYLI 50 PCT HEDGED FTSE INTL ETF","4475943440","NYLI 50 PCT HEDGED FTSE INTL ETF","","","","USD","UNITED STATES DOLLAR","HKD","HONG KONG DOLLAR","11","BRU","09/12/25","P25091017661-05","C=314475948400 D","","","","FX","FOREIGN EXCHANGE","D","368","Sell Spot Foreign Exchange- BNY SI","PSS2508251538532","SEDOL #: BF0GWS4  ISIN #: KYG9593A1040  EVENT ID: 1568495570","DESC : WHARF REAL ESTATE INVE DIV SRC RATE:     0.6600000000","EX DT: 25AUG26  RECORD DT: 25AUG27  PAY DT: 25SEP11","CCY: HKD  GRSS: 69,480.8400        WTH: 0.0000","FX CONFIRM:P250910-17661 FXRT:7.7949741800  FXVD: 12SEP25 D","09/10/25","09/12/25","","","09/12/25","09/12/25","8913.540000","7.7949741","","","","","","69480.940000","-69480.84","31809.350000","8919.880000","-8919.860000","4083.650000","300000155","","PSS FOR FX 2","300000155","PSS FOR FX 2","","","","","","","","0.128379","","","","","","","","","","09/12/25","09/17/25","09/12/25","9:01:27 AM EDT","","","","","","","","","","447594","000000447594","0","0","0","09/10/25","09/11/2025 14.41.00","","","5829290930","","","","","","","",""
"447594","NYLI 50 PCT HEDGED FTSE INTL ETF","4475943440","NYLI 50 PCT HEDGED FTSE INTL ETF","","","","USD","UNITED STATES DOLLAR","HKD","HONG KONG DOLLAR","11","BRU","09/15/25","P25091117524-05","C=314475948400 D","","","","FX","FOREIGN EXCHANGE","D","368","Sell Spot Foreign Exchange- BNY SI","PSS2508271255388","SEDOL #: B5B23W2  ISIN #: KYG7800X1079  EVENT ID: 1568823574","DESC : SANDS CHINA LTD USD 0. DIV SRC RATE:     0.2500000000","EX DT: 25AUG28  RECORD DT: 25AUG29  PAY DT: 25SEP12","CCY: HKD  GRSS: 31,809.2500        WTH: 0.0000","FX CONFIRM:P250911-17524 FXRT:7.7938735200  FXVD: 15SEP25 D","09/11/25","09/15/25","","","","","4081.310000","7.7938735","","","","","","31809.350000","-31809.25","140339.560000","4083.650000","-4083.630000","18016.620000","300000155","","PSS FOR FX 2","300000155","PSS FOR FX 2","","","","","","","","0.128379","","","","","","","","","","09/12/25","09/17/25","09/12/25","9:01:27 AM EDT","","","","","","","","","","447594","000000447594","0","0","0","09/11/25","09/11/2025 10.25.22","","","5829290930","","","","","","","",""
"447594","NYLI 50 PCT HEDGED FTSE INTL ETF","4475943920","NYLI 50 PCT HEDGED FTSE INTL ETF","","","","USD","UNITED STATES DOLLAR","JPY","JAPANESE YEN","11","BRU","09/12/25","P25091017646-05","C=314475948400 D","","","","FX","FOREIGN EXCHANGE","D","368","Sell Spot Foreign Exchange- BNY SI","PSS2506261269440","SEDOL #: 6640507  ISIN #: JP3749400002  PSS #: 2506261269440","DESC : NIPPON PAINT HOLDINGS  DIV SRC RATE:     8.0000000000","EX DT: 25JUN27  RECORD DT: 25JUN30  PAY DT: 25SEP11","CCY: JPY  GRSS: 441,472.0000       WTH: 44,147.0000","FX CONFIRM:P250910-17646 FXRT:147.373371000 FXVD: 12SEP25 D","09/10/25","09/12/25","","","09/12/25","09/12/25","2696.040000","147.373371","","","","","","-974541.000000","-397325.00","961973.000000","-6620.750000","-2699.310000","6535.360000","300000155","","PSS FOR FX 2","300000155","PSS FOR FX 2","","","","","","","","0.006794","","","","","","","","","","09/12/25","09/17/25","09/12/25","9:01:27 AM EDT","","","","","","","","","","447594","000000447594","0","0","0","09/10/25","09/11/2025 14.41.00","","","5829290930","","","","","","","",""
"447594","NYLI 50 PCT HEDGED FTSE INTL ETF","4475943920","NYLI 50 PCT HEDGED FTSE INTL ETF","","","","USD","UNITED STATES DOLLAR","JPY","JAPANESE YEN","11","BRU","09/16/25","P25091117394-05","C=314475948400 D","","","","FX","FOREIGN EXCHANGE","D","368","Sell Spot Foreign Exchange- BNY SI","PSS2506261247296","SEDOL #: 6396800  ISIN #: JP3027670003  EVENT ID: 1564460106","DESC : NIPPON BUI REIT        DIV SRC RATE:  2495.0000000000","EX DT: 25JUN27  RECORD DT: 25JUN30  PAY DT: 25SEP12","CCY: JPY  GRSS: 1,656,680.0000     WTH: 165,668.0000","FX CONFIRM:P250911-17394 FXRT:147.178254000 FXVD: 16SEP25 D","09/11/25","09/16/25","","","","","10130.650000","147.178254","","","","","","961973.000000","-1491012.00","-1371866.000000","6535.360000","-10129.500000","-9320.060000","300000155","","PSS FOR FX 2","300000155","PSS FOR FX 2","","","","","","","","0.006794","","","","","","","","","","09/12/25","09/17/25","09/12/25","9:01:27 AM EDT","","","","","","","","","","447594","000000447594","0","0","0","09/11/25","09/11/2025 10.25.12","","","5829290930","","","","","","","",""
"447594","NYLI 50 PCT HEDGED FTSE INTL ETF","4475943920","NYLI 50 PCT HEDGED FTSE INTL ETF","","","","USD","UNITED STATES DOLLAR","JPY","JAPANESE YEN","11","BRU","09/16/25","P25091117429-05","C=314475948400 D","","","","FX","FOREIGN EXCHANGE","D","368","Sell Spot Foreign Exchange- BNY SI","PSS2506261269968","SEDOL #: 6302700  ISIN #: JP3166000004  PSS #: 2506261269968","DESC : EBARA CORP NPV         DIV SRC RATE:    28.0000000000","EX DT: 25JUN27  RECORD DT: 25JUN30  PAY DT: 25SEP12","CCY: JPY  GRSS: 726,152.0000       WTH: 72,615.0000","FX CONFIRM:P250911-17429 FXRT:147.178254000 FXVD: 16SEP25 D","09/11/25","09/16/25","","","","","4440.450000","147.178254","","","","","","961973.000000","-653537.00","-1371866.000000","6535.360000","-4439.940000","-9320.060000","300000155","","PSS FOR FX 2","300000155","PSS FOR FX 2","","","","","","","","0.006794","","","","","","","","","","09/12/25","09/17/25","09/12/25","9:01:27 AM EDT","","","","","","","","","","447594","000000447594","0","0","0","09/11/25","09/11/2025 10.25.12","","","5829290930","","","","","","","",""
"447594","NYLI 50 PCT HEDGED FTSE INTL ETF","4475943920","NYLI 50 PCT HEDGED FTSE INTL ETF","","","","USD","UNITED STATES DOLLAR","JPY","JAPANESE YEN","11","BRU","09/16/25","P25091117414-05","C=314475948400 D","","","","FX","FOREIGN EXCHANGE","D","368","Sell Spot Foreign Exchange- BNY SI","PSS2506261254779","SEDOL #: 6416322  ISIN #: JP3783420007  PSS #: 2506261254779","DESC : HIKARI TSUSHIN INC NPV DIV SRC RATE:   181.0000000000","EX DT: 25JUN27  RECORD DT: 25JUN30  PAY DT: 25SEP12","CCY: JPY  GRSS: 210,322.0000       WTH: 21,032.0000","FX CONFIRM:P250911-17414 FXRT:147.173251000 FXVD: 16SEP25 D","09/11/25","09/16/25","","","","","1286.170000","147.173251","","","","","","961973.000000","-189290.00","-1371866.000000","6535.360000","-1285.980000","-9320.060000","300000155","","PSS FOR FX 2","300000155","PSS FOR FX 2","","","","","","","","0.006794","","","","","","","","","","09/12/25","09/17/25","09/12/25","9:01:27 AM EDT","","","","","","","","","","447594","000000447594","0","0","0","09/11/25","09/11/2025 10.25.12","","","5829290930","","","","","","","",""
"447594","NYLI 50 PCT HEDGED FTSE INTL ETF","4475948260","NYLI 50 PCT HEDGED FTSE INTL ETF","","","","USD","UNITED STATES DOLLAR","GBP","POUND STERLING","10","BRU","09/12/25","P25091017638-05","C=314475948400 D","","","","FX","FOREIGN EXCHANGE","D","368","Sell Spot Foreign Exchange- BNY SI","PSS2508150010270","SEDOL #: B2B0DG9  ISIN #: GB00B2B0DG97  EVENT ID: 1567882485","DESC : RELX PLC               DIV SRC RATE:     0.1950000000","EX DT: 25AUG07  RECORD DT: 25AUG08  PAY DT: 25SEP11","CCY: GBP  GRSS: 18,476.8300        WTH: 0.0000","FX CONFIRM:P250910-17638 FXRT:1.3544868200  FXVD: 12SEP25 M","09/10/25","09/12/25","","","09/12/25","09/12/25","25026.620000","1.3544868","","","","","","17360.050000","-18476.83","86776.190000","23537.620000","-25051.810000","117655.500000","300000155","","PSS FOR FX 2","300000155","PSS FOR FX 2","","","","","","","","1.355850","","","","","","","","","","09/12/25","09/17/25","09/12/25","9:01:27 AM EDT","","","","","","","","","","447594","000000447594","0","0","0","09/10/25","09/11/2025 20.13.18","","","5829290930","","","","","","","",""
"447594","NYLI 50 PCT HEDGED FTSE INTL ETF","4475948260","NYLI 50 PCT HEDGED FTSE INTL ETF","","","","USD","UNITED STATES DOLLAR","GBP","POUND STERLING","10","BRU","09/15/25","P25091117474-05","C=314475948400 D","","","","FX","FOREIGN EXCHANGE","D","368","Sell Spot Foreign Exchange- BNY SI","PSS2508130026499","SEDOL #: B10RZP7  ISIN #: GB00B10RZP78  EVENT ID: 1566041719","DESC : UNILEVER PLC 0.031111P DIV SRC RATE:     0.3916000000","EX DT: 25AUG14  RECORD DT: 25AUG15  PAY DT: 25SEP12","CCY: GBP  GRSS: 49,389.7600        WTH: 0.0000","FX CONFIRM:P250911-17474 FXRT:1.3556861000  FXVD: 15SEP25 M","09/11/25","09/15/25","","","","","66957.010000","1.3556861","","","","","","86776.190000","-49389.76","3302.270000","117655.500000","-66965.110000","4477.380000","300000155","","PSS FOR FX 2","300000155","PSS FOR FX 2","","","","","","","","1.355850","","","","","","","","","","09/12/25","09/17/25","09/12/25","9:01:27 AM EDT","","","","","","","","","","447594","000000447594","0","0","0","09/11/25","09/11/2025 10.25.13","","","5829290930","","","","","","","",""
"447594","NYLI 50 PCT HEDGED FTSE INTL ETF","4475948260","NYLI 50 PCT HEDGED FTSE INTL ETF","","","","USD","UNITED STATES DOLLAR","GBP","POUND STERLING","10","BRU","09/15/25","P25091117441-05","C=314475948400 D","","","","FX","FOREIGN EXCHANGE","D","368","Sell Spot Foreign Exchange- BNY SI","PSS2508060035047","SEDOL #: BM8PJY7  ISIN #: GB00BM8PJY71  EVENT ID: 1567894747","DESC : NATWEST GROUP PLC GBP  DIV SRC RATE:     0.0950000000","EX DT: 25AUG07  RECORD DT: 25AUG08  PAY DT: 25SEP12","CCY: GBP  GRSS: 38,503.2100        WTH: 0.0000","FX CONFIRM:P250911-17441 FXRT:1.3554862200  FXVD: 15SEP25 M","09/11/25","09/15/25","","","","","52190.570000","1.3554862","","","","","","86776.190000","-38503.21","3302.270000","117655.500000","-52204.580000","4477.380000","300000155","","PSS FOR FX 2","300000155","PSS FOR FX 2","","","","","","","","1.355850","","","","","","","","","","09/12/25","09/17/25","09/12/25","9:01:27 AM EDT","","","","","","","","","","447594","000000447594","0","0","0","09/11/25","09/11/2025 10.25.12","","","5829290930","","","","","","","",""
"447594","NYLI 50 PCT HEDGED FTSE INTL ETF","4475948400","NYLI 50 PCT HEDGED FTSE INTL ETF","","","","USD","UNITED STATES DOLLAR","USD","UNITED STATES DOLLAR","31","NYG","09/12/25","P25091201697-05","C=314475948400 D","","","","FX","FOREIGN EXCHANGE","C","868","Sell Spot Foreign Exchange- BNY SI","PSS2241709919239","11SEP25","DESC : CRH PLC EUR 0.32","EX DT: 24MAY23  RECORD DT: 24MAY24  PAY DT: 24JUN26","EUR DIV GROSS:  6,649.4200       WTH: 1,662.3500","FX CONFIRM:P250912-01697 FXRT:1.1712610200  FXVD: 12SEP25 M","09/12/25","09/12/25","","","09/12/25","09/11/25","-1662.350000","1.171261","","","","","","660211.710000","1947.05","722337.710000","660211.710000","1947.050000","722337.710000","300000155","","PSS FOR FX 2","300000155","PSS FOR FX 2","","","","","","","","1.000000","","","","","","","","","","09/12/25","09/17/25","09/12/25","9:01:27 AM EDT","","","","","","","","","","447594","000000447594","0","0","0","09/12/25","09/12/2025 00.08.38","","","5829290930","","","","","","","",""
"447594","NYLI 50 PCT HEDGED FTSE INTL ETF","4475948400","NYLI 50 PCT HEDGED FTSE INTL ETF","","","","USD","UNITED STATES DOLLAR","USD","UNITED STATES DOLLAR","31","NYG","09/12/25","P25091005178-05","C=314475948400 D","","","","FX","FOREIGN EXCHANGE","C","868","Sell Spot Foreign Exchange- BNY SI","PSS2508201141989","SEDOL #: 6247306  ISIN #: AU000000APA1  EVENT ID: 1566367342","DESC : APA GROUP              DIV SRC RATE:     0.2245220000","EX DT: 25JUN27  RECORD DT: 25JUN30  PAY DT: 25SEP10","CCY: AUD  GRSS: 17,159.0900        WTH: 0.0000","FX CONFIRM:P250910-05178 FXRT:0.6601037000  FXVD: 12SEP25 M","09/10/25","09/12/25","","","09/12/25","09/12/25","-17159.090000","0.6601037","","","","","","660211.710000","11326.78","722337.710000","660211.710000","11326.780000","722337.710000","300000155","","PSS FOR FX 2","300000155","PSS FOR FX 2","","","","","","","","1.000000","","","","","","","","","","09/12/25","09/17/25","09/12/25","9:01:27 AM EDT","","","","","","","","","","447594","000000447594","0","0","0","09/10/25","09/11/2025 19.54.09","","","5829290930","","","","","","","",""
"447594","NYLI 50 PCT HEDGED FTSE INTL ETF","4475948400","NYLI 50 PCT HEDGED FTSE INTL ETF","","","","USD","UNITED STATES DOLLAR","USD","UNITED STATES DOLLAR","31","NYG","09/12/25","P25091017646-05","C=314475948400 D","","","","FX","FOREIGN EXCHANGE","C","868","Sell Spot Foreign Exchange- BNY SI","PSS2506261269440","SEDOL #: 6640507  ISIN #: JP3749400002  PSS #: 2506261269440","DESC : NIPPON PAINT HOLDINGS  DIV SRC RATE:     8.0000000000","EX DT: 25JUN27  RECORD DT: 25JUN30  PAY DT: 25SEP11","CCY: JPY  GRSS: 441,472.0000       WTH: 44,147.0000","FX CONFIRM:P250910-17646 FXRT:147.373371000 FXVD: 12SEP25 M","09/10/25","09/12/25","","","09/12/25","09/12/25","-397325.000000","147.373371","","","","","","660211.710000","2696.04","722337.710000","660211.710000","2696.040000","722337.710000","300000155","","PSS FOR FX 2","300000155","PSS FOR FX 2","","","","","","","","1.000000","","","","","","","","","","09/12/25","09/17/25","09/12/25","9:01:27 AM EDT","","","","","","","","","","447594","000000447594","0","0","0","09/10/25","09/11/2025 19.54.09","","","5829290930","","","","","","","",""
"447594","NYLI 50 PCT HEDGED FTSE INTL ETF","4475948400","NYLI 50 PCT HEDGED FTSE INTL ETF","","","","USD","UNITED STATES DOLLAR","USD","UNITED STATES DOLLAR","31","NYG","09/12/25","P25091005175-05","C=314475948400 D","","","","FX","FOREIGN EXCHANGE","C","868","Sell Spot Foreign Exchange- BNY SI","PSS2508201141990","SEDOL #: 6247306  ISIN #: AU000000APA1  EVENT ID: 1566367342","DESC : APA GROUP              DIV SRC RATE:     0.0107820000","EX DT: 25JUN27  RECORD DT: 25JUN30  PAY DT: 25SEP10","CCY: AUD  GRSS: 824.0100           WTH: 82.4000","FX CONFIRM:P250910-05175 FXRT:0.6601037000  FXVD: 12SEP25 M","09/10/25","09/12/25","","","09/12/25","09/12/25","-741.610000","0.6601037","","","","","","660211.710000","489.54","722337.710000","660211.710000","489.540000","722337.710000","300000155","","PSS FOR FX 2","300000155","PSS FOR FX 2","","","","","","","","1.000000","","","","","","","","","","09/12/25","09/17/25","09/12/25","9:01:27 AM EDT","","","","","","","","","","447594","000000447594","0","0","0","09/10/25","09/11/2025 19.54.09","","","5829290930","","","","","","","",""
"447594","NYLI 50 PCT HEDGED FTSE INTL ETF","4475948400","NYLI 50 PCT HEDGED FTSE INTL ETF","","","","USD","UNITED STATES DOLLAR","USD","UNITED STATES DOLLAR","31","NYG","09/12/25","P25091017661-05","C=314475948400 D","","","","FX","FOREIGN EXCHANGE","C","868","Sell Spot Foreign Exchange- BNY SI","PSS2508251538532","SEDOL #: BF0GWS4  ISIN #: KYG9593A1040  EVENT ID: 1568495570","DESC : WHARF REAL ESTATE INVE DIV SRC RATE:     0.6600000000","EX DT: 25AUG26  RECORD DT: 25AUG27  PAY DT: 25SEP11","CCY: HKD  GRSS: 69,480.8400        WTH: 0.0000","FX CONFIRM:P250910-17661 FXRT:7.7949741800  FXVD: 12SEP25 M","09/10/25","09/12/25","","","09/12/25","09/12/25","-69480.840000","7.7949741","","","","","","660211.710000","8913.54","722337.710000","660211.710000","8913.540000","722337.710000","300000155","","PSS FOR FX 2","300000155","PSS FOR FX 2","","","","","","","","1.000000","","","","","","","","","","09/12/25","09/17/25","09/12/25","9:01:27 AM EDT","","","","","","","","","","447594","000000447594","0","0","0","09/10/25","09/11/2025 19.54.09","","","5829290930","","","","","","","",""
"447594","NYLI 50 PCT HEDGED FTSE INTL ETF","4475948400","NYLI 50 PCT HEDGED FTSE INTL ETF","","","","USD","UNITED STATES DOLLAR","USD","UNITED STATES DOLLAR","31","NYG","09/12/25","P25091017638-05","C=314475948400 D","","","","FX","FOREIGN EXCHANGE","C","868","Sell Spot Foreign Exchange- BNY SI","PSS2508150010270","SEDOL #: B2B0DG9  ISIN #: GB00B2B0DG97  EVENT ID: 1567882485","DESC : RELX PLC               DIV SRC RATE:     0.1950000000","EX DT: 25AUG07  RECORD DT: 25AUG08  PAY DT: 25SEP11","CCY: GBP  GRSS: 18,476.8300        WTH: 0.0000","FX CONFIRM:P250910-17638 FXRT:1.3544868200  FXVD: 12SEP25 M","09/10/25","09/12/25","","","09/12/25","09/12/25","-18476.830000","1.3544868","","","","","","660211.710000","25026.62","722337.710000","660211.710000","25026.620000","722337.710000","300000155","","PSS FOR FX 2","300000155","PSS FOR FX 2","","","","","","","","1.000000","","","","","","","","","","09/12/25","09/17/25","09/12/25","9:01:27 AM EDT","","","","","","","","","","447594","000000447594","0","0","0","09/10/25","09/11/2025 19.54.09","","","5829290930","","","","","","","",""
"447594","NYLI 50 PCT HEDGED FTSE INTL ETF","4475948400","NYLI 50 PCT HEDGED FTSE INTL ETF","","","","USD","UNITED STATES DOLLAR","USD","UNITED STATES DOLLAR","31","NYG","09/12/25","P25091201702-05","C=314475948400 D","","","","FX","FOREIGN EXCHANGE","C","868","Sell Spot Foreign Exchange- BNY SI","PSS2242600084181","11SEP25","DESC : CRH PLC EUR 0.32","EX DT: 24AUG23  RECORD DT: 24AUG23  PAY DT: 24SEP25","EUR DIV GROSS:  7,543.9000       WTH: 1,885.9800","FX CONFIRM:P250912-01702 FXRT:1.1712610200  FXVD: 12SEP25 M","09/12/25","09/12/25","","","09/12/25","09/11/25","-1885.980000","1.171261","","","","","","660211.710000","2208.97","722337.710000","660211.710000","2208.970000","722337.710000","300000155","","PSS FOR FX 2","300000155","PSS FOR FX 2","","","","","","","","1.000000","","","","","","","","","","09/12/25","09/17/25","09/12/25","9:01:27 AM EDT","","","","","","","","","","447594","000000447594","0","0","0","09/12/25","09/12/2025 00.08.53","","","5829290930","","","","","","","",""
"447594","NYLI 50 PCT HEDGED FTSE INTL ETF","4475948400","NYLI 50 PCT HEDGED FTSE INTL ETF","","","","USD","UNITED STATES DOLLAR","USD","UNITED STATES DOLLAR","31","NYG","09/12/25","P25091201701-05","C=314475948400 D","","","","FX","FOREIGN EXCHANGE","C","868","Sell Spot Foreign Exchange- BNY SI","PSS2243180206920","11SEP25","DESC : SMURFIT WESTROCK PLC USD 0.001","EX DT: 24NOV15  RECORD DT: 24NOV15  PAY DT: 24DEC18","EUR DIV GROSS:  3,060.7600       WTH: 765.1900","FX CONFIRM:P250912-01701 FXRT:1.1712610200  FXVD: 12SEP25 M","09/12/25","09/12/25","","","09/12/25","09/11/25","-765.190000","1.171261","","","","","","660211.710000","896.24","722337.710000","660211.710000","896.240000","722337.710000","300000155","","PSS FOR FX 2","300000155","PSS FOR FX 2","","","","","","","","1.000000","","","","","","","","","","09/12/25","09/17/25","09/12/25","9:01:27 AM EDT","","","","","","","","","","447594","000000447594","0","0","0","09/12/25","09/12/2025 00.08.53","","","5829290930","","","","","","","",""
"447594","NYLI 50 PCT HEDGED FTSE INTL ETF","4475948400","NYLI 50 PCT HEDGED FTSE INTL ETF","","","","USD","UNITED STATES DOLLAR","USD","UNITED STATES DOLLAR","31","NYG","09/12/25","P25091005177-05","C=314475948400 D","","","","FX","FOREIGN EXCHANGE","C","868","Sell Spot Foreign Exchange- BNY SI","PSS2508201141988","SEDOL #: 6247306  ISIN #: AU000000APA1  EVENT ID: 1566367342","DESC : APA GROUP              DIV SRC RATE:     0.0646960000","EX DT: 25JUN27  RECORD DT: 25JUN30  PAY DT: 25SEP10","CCY: AUD  GRSS: 4,944.3900         WTH: 0.0000","FX CONFIRM:P250910-05177 FXRT:0.6601037000  FXVD: 12SEP25 M","09/10/25","09/12/25","","","09/12/25","09/12/25","-4944.390000","0.6601037","","","","","","660211.710000","3263.81","722337.710000","660211.710000","3263.810000","722337.710000","300000155","","PSS FOR FX 2","300000155","PSS FOR FX 2","","","","","","","","1.000000","","","","","","","","","","09/12/25","09/17/25","09/12/25","9:01:27 AM EDT","","","","","","","","","","447594","000000447594","0","0","0","09/10/25","09/11/2025 19.54.09","","","5829290930","","","","","","","",""
"447594","NYLI 50 PCT HEDGED FTSE INTL ETF","4475948400","NYLI 50 PCT HEDGED FTSE INTL ETF","","","","USD","UNITED STATES DOLLAR","USD","UNITED STATES DOLLAR","31","NYG","09/12/25","P25091201698-05","C=314475948400 D","","","","FX","FOREIGN EXCHANGE","C","868","Sell Spot Foreign Exchange- BNY SI","PSS2242260024852","11SEP25","DESC : SMURFIT WESTROCK PLC USD 0.001","EX DT: 24AUG15  RECORD DT: 24AUG15  PAY DT: 24SEP18","EUR DIV GROSS:  1,844.5400       WTH: 461.1300","FX CONFIRM:P250912-01698 FXRT:1.1712610200  FXVD: 12SEP25 M","09/12/25","09/12/25","","","09/12/25","09/11/25","-461.130000","1.171261","","","","","","660211.710000","540.10","722337.710000","660211.710000","540.100000","722337.710000","300000155","","PSS FOR FX 2","300000155","PSS FOR FX 2","","","","","","","","1.000000","","","","","","","","","","09/12/25","09/17/25","09/12/25","9:01:27 AM EDT","","","","","","","","","","447594","000000447594","0","0","0","09/12/25","09/12/2025 00.08.38","","","5829290930","","","","","","","",""
"447594","NYLI 50 PCT HEDGED FTSE INTL ETF","4475948400","NYLI 50 PCT HEDGED FTSE INTL ETF","","","","USD","UNITED STATES DOLLAR","USD","UNITED STATES DOLLAR","31","NYG","09/12/25","P25091201699-05","C=314475948400 D","","","","FX","FOREIGN EXCHANGE","C","868","Sell Spot Foreign Exchange- BNY SI","PSS2243460257585","11SEP25","DESC : CRH PLC EUR 0.32","EX DT: 24NOV22  RECORD DT: 24NOV22  PAY DT: 24DEC18","EUR DIV GROSS:  9,533.1900       WTH: 2,383.3000","FX CONFIRM:P250912-01699 FXRT:1.1712610200  FXVD: 12SEP25 M","09/12/25","09/12/25","","","09/12/25","09/11/25","-2383.300000","1.171261","","","","","","660211.710000","2791.47","722337.710000","660211.710000","2791.470000","722337.710000","300000155","","PSS FOR FX 2","300000155","PSS FOR FX 2","","","","","","","","1.000000","","","","","","","","","","09/12/25","09/17/25","09/12/25","9:01:27 AM EDT","","","","","","","","","","447594","000000447594","0","0","0","09/12/25","09/12/2025 00.08.38","","","5829290930","","","","","","","",""
"447594","NYLI 50 PCT HEDGED FTSE INTL ETF","4475948400","NYLI 50 PCT HEDGED FTSE INTL ETF","","","","USD","UNITED STATES DOLLAR","USD","UNITED STATES DOLLAR","31","NYG","09/12/25","P25091201700-05","C=314475948400 D","","","","FX","FOREIGN EXCHANGE","C","868","Sell Spot Foreign Exchange- BNY SI","PSS2241009694272","11SEP25","DESC : CRH PLC EUR 0.32","EX DT: 24MAR14  RECORD DT: 24MAR15  PAY DT: 24APR17","EUR DIV GROSS:  6,856.5200       WTH: 1,714.1300","FX CONFIRM:P250912-01700 FXRT:1.1712610200  FXVD: 12SEP25 M","09/12/25","09/12/25","","","09/12/25","09/11/25","-1714.130000","1.171261","","","","","","660211.710000","2007.69","722337.710000","660211.710000","2007.690000","722337.710000","300000155","","PSS FOR FX 2","300000155","PSS FOR FX 2","","","","","","","","1.000000","","","","","","","","","","09/12/25","09/17/25","09/12/25","9:01:27 AM EDT","","","","","","","","","","447594","000000447594","0","0","0","09/12/25","09/12/2025 00.08.38","","","5829290930","","","","","","","",""
"447594","NYLI 50 PCT HEDGED FTSE INTL ETF","4475948400","NYLI 50 PCT HEDGED FTSE INTL ETF","","","","USD","UNITED STATES DOLLAR","USD","UNITED STATES DOLLAR","31","NYG","09/15/25","P25091126667-05","C=314475948400 D","","","","FX","FOREIGN EXCHANGE","C","868","Sell Spot Foreign Exchange- BNY SI","PSS2508271249466","SEDOL #: 6198578  ISIN #: AU000000REA9  EVENT ID: 1568408591","DESC : REA GROUP LTD NPV      DIV SRC RATE:     1.3800000000","EX DT: 25AUG28  RECORD DT: 25AUG29  PAY DT: 25SEP12","CCY: AUD  GRSS: 4,191.0600         WTH: 0.0000","FX CONFIRM:P250911-26667 FXRT:0.6655004600  FXVD: 15SEP25 M","09/11/25","09/15/25","","","","","-4191.060000","0.6655004","","","","","","722337.710000","2789.15","848355.750000","722337.710000","2789.150000","848355.750000","300000155","","PSS FOR FX 2","300000155","PSS FOR FX 2","","","","","","","","1.000000","","","","","","","","","","09/12/25","09/17/25","09/12/25","9:01:27 AM EDT","","","","","","","","","","447594","000000447594","0","0","0","09/11/25","09/11/2025 14.55.12","","","5829290930","","","","","","","",""
"447594","NYLI 50 PCT HEDGED FTSE INTL ETF","4475948400","NYLI 50 PCT HEDGED FTSE INTL ETF","","","","USD","UNITED STATES DOLLAR","USD","UNITED STATES DOLLAR","31","NYG","09/15/25","P25091117441-05","C=314475948400 D","","","","FX","FOREIGN EXCHANGE","C","868","Sell Spot Foreign Exchange- BNY SI","PSS2508060035047","SEDOL #: BM8PJY7  ISIN #: GB00BM8PJY71  EVENT ID: 1567894747","DESC : NATWEST GROUP PLC GBP  DIV SRC RATE:     0.0950000000","EX DT: 25AUG07  RECORD DT: 25AUG08  PAY DT: 25SEP12","CCY: GBP  GRSS: 38,503.2100        WTH: 0.0000","FX CONFIRM:P250911-17441 FXRT:1.3554862200  FXVD: 15SEP25 M","09/11/25","09/15/25","","","","","-38503.210000","1.3554862","","","","","","722337.710000","52190.57","848355.750000","722337.710000","52190.570000","848355.750000","300000155","","PSS FOR FX 2","300000155","PSS FOR FX 2","","","","","","","","1.000000","","","","","","","","","","09/12/25","09/17/25","09/12/25","9:01:27 AM EDT","","","","","","","","","","447594","000000447594","0","0","0","09/11/25","09/11/2025 10.25.16","","","5829290930","","","","","","","",""
"447594","NYLI 50 PCT HEDGED FTSE INTL ETF","4475948400","NYLI 50 PCT HEDGED FTSE INTL ETF","","","","USD","UNITED STATES DOLLAR","USD","UNITED STATES DOLLAR","31","NYG","09/15/25","P25091117524-05","C=314475948400 D","","","","FX","FOREIGN EXCHANGE","C","868","Sell Spot Foreign Exchange- BNY SI","PSS2508271255388","SEDOL #: B5B23W2  ISIN #: KYG7800X1079  EVENT ID: 1568823574","DESC : SANDS CHINA LTD USD 0. DIV SRC RATE:     0.2500000000","EX DT: 25AUG28  RECORD DT: 25AUG29  PAY DT: 25SEP12","CCY: HKD  GRSS: 31,809.2500        WTH: 0.0000","FX CONFIRM:P250911-17524 FXRT:7.7938735200  FXVD: 15SEP25 M","09/11/25","09/15/25","","","","","-31809.250000","7.7938735","","","","","","722337.710000","4081.31","848355.750000","722337.710000","4081.310000","848355.750000","300000155","","PSS FOR FX 2","300000155","PSS FOR FX 2","","","","","","","","1.000000","","","","","","","","","","09/12/25","09/17/25","09/12/25","9:01:27 AM EDT","","","","","","","","","","447594","000000447594","0","0","0","09/11/25","09/11/2025 10.25.23","","","5829290930","","","","","","","",""
"447594","NYLI 50 PCT HEDGED FTSE INTL ETF","4475948400","NYLI 50 PCT HEDGED FTSE INTL ETF","","","","USD","UNITED STATES DOLLAR","USD","UNITED STATES DOLLAR","31","NYG","09/15/25","P25091117474-05","C=314475948400 D","","","","FX","FOREIGN EXCHANGE","C","868","Sell Spot Foreign Exchange- BNY SI","PSS2508130026499","SEDOL #: B10RZP7  ISIN #: GB00B10RZP78  EVENT ID: 1566041719","DESC : UNILEVER PLC 0.031111P DIV SRC RATE:     0.3916000000","EX DT: 25AUG14  RECORD DT: 25AUG15  PAY DT: 25SEP12","CCY: GBP  GRSS: 49,389.7600        WTH: 0.0000","FX CONFIRM:P250911-17474 FXRT:1.3556861000  FXVD: 15SEP25 M","09/11/25","09/15/25","","","","","-49389.760000","1.3556861","","","","","","722337.710000","66957.01","848355.750000","722337.710000","66957.010000","848355.750000","300000155","","PSS FOR FX 2","300000155","PSS FOR FX 2","","","","","","","","1.000000","","","","","","","","","","09/12/25","09/17/25","09/12/25","9:01:27 AM EDT","","","","","","","","","","447594","000000447594","0","0","0","09/11/25","09/11/2025 10.25.16","","","5829290930","","","","","","","",""
"447594","NYLI 50 PCT HEDGED FTSE INTL ETF","4475948400","NYLI 50 PCT HEDGED FTSE INTL ETF","","","","USD","UNITED STATES DOLLAR","USD","UNITED STATES DOLLAR","31","NYG","09/16/25","P25091117429-05","C=314475948400 D","","","","FX","FOREIGN EXCHANGE","C","868","Sell Spot Foreign Exchange- BNY SI","PSS2506261269968","SEDOL #: 6302700  ISIN #: JP3166000004  PSS #: 2506261269968","DESC : EBARA CORP NPV         DIV SRC RATE:    28.0000000000","EX DT: 25JUN27  RECORD DT: 25JUN30  PAY DT: 25SEP12","CCY: JPY  GRSS: 726,152.0000       WTH: 72,615.0000","FX CONFIRM:P250911-17429 FXRT:147.178254000 FXVD: 16SEP25 M","09/11/25","09/16/25","","","","","-653537.000000","147.178254","","","","","","848355.750000","4440.45","864213.020000","848355.750000","4440.450000","864213.020000","300000155","","PSS FOR FX 2","300000155","PSS FOR FX 2","","","","","","","","1.000000","","","","","","","","","","09/12/25","09/17/25","09/12/25","9:01:27 AM EDT","","","","","","","","","","447594","000000447594","0","0","0","09/11/25","09/11/2025 10.25.15","","","5829290930","","","","","","","",""
"447594","NYLI 50 PCT HEDGED FTSE INTL ETF","4475948400","NYLI 50 PCT HEDGED FTSE INTL ETF","","","","USD","UNITED STATES DOLLAR","USD","UNITED STATES DOLLAR","31","NYG","09/16/25","P25091117394-05","C=314475948400 D","","","","FX","FOREIGN EXCHANGE","C","868","Sell Spot Foreign Exchange- BNY SI","PSS2506261247296","SEDOL #: 6396800  ISIN #: JP3027670003  EVENT ID: 1564460106","DESC : NIPPON BUI REIT        DIV SRC RATE:  2495.0000000000","EX DT: 25JUN27  RECORD DT: 25JUN30  PAY DT: 25SEP12","CCY: JPY  GRSS: 1,656,680.0000     WTH: 165,668.0000","FX CONFIRM:P250911-17394 FXRT:147.178254000 FXVD: 16SEP25 M","09/11/25","09/16/25","","","","","-1491012.000000","147.178254","","","","","","848355.750000","10130.65","864213.020000","848355.750000","10130.650000","864213.020000","300000155","","PSS FOR FX 2","300000155","PSS FOR FX 2","","","","","","","","1.000000","","","","","","","","","","09/12/25","09/17/25","09/12/25","9:01:27 AM EDT","","","","","","","","","","447594","000000447594","0","0","0","09/11/25","09/11/2025 10.25.15","","","5829290930","","","","","","","",""
"447594","NYLI 50 PCT HEDGED FTSE INTL ETF","4475948400","NYLI 50 PCT HEDGED FTSE INTL ETF","","","","USD","UNITED STATES DOLLAR","USD","UNITED STATES DOLLAR","31","NYG","09/16/25","P25091117414-05","C=314475948400 D","","","","FX","FOREIGN EXCHANGE","C","868","Sell Spot Foreign Exchange- BNY SI","PSS2506261254779","SEDOL #: 6416322  ISIN #: JP3783420007  PSS #: 2506261254779","DESC : HIKARI TSUSHIN INC NPV DIV SRC RATE:   181.0000000000","EX DT: 25JUN27  RECORD DT: 25JUN30  PAY DT: 25SEP12","CCY: JPY  GRSS: 210,322.0000       WTH: 21,032.0000","FX CONFIRM:P250911-17414 FXRT:147.173251000 FXVD: 16SEP25 M","09/11/25","09/16/25","","","","","-189290.000000","147.173251","","","","","","848355.750000","1286.17","864213.020000","848355.750000","1286.170000","864213.020000","300000155","","PSS FOR FX 2","300000155","PSS FOR FX 2","","","","","","","","1.000000","","","","","","","","","","09/12/25","09/17/25","09/12/25","9:01:27 AM EDT","","","","","","","","","","447594","000000447594","0","0","0","09/11/25","09/11/2025 10.25.15","","","5829290930","","","","","","","",""
"478995","NYLI 500 INTERNATIONAL ETF","4789959780","NYLI 500 INTERNATIONAL ETF","","","","USD","UNITED STATES DOLLAR","EUR","EURO","10","BRU","09/12/25","P25091124152-05","C=314789958400 D","","","","FX","FOREIGN EXCHANGE","D","368","Sell Spot Foreign Exchange- BNY SI","PSS2233529438549","SEDOL #: 5271782  ISIN #: ES0130670112 SEQ#: 000","DESC : ENDESA SA EUR 1.2","EX DT: 23DEC28  RECORD DT: 23DEC29  PAY DT: 24JAN02","EUR DIV GROSS:  10,012.0000      WTH: 1,902.2800","FX CONFIRM:P250911-24152 FXRT:1.1726523400  FXVD: 12SEP25 M","09/11/25","09/12/25","","","09/12/25","09/12/25","469.620000","1.1726523","","","","","","396.670000","-400.48","63.230000","465.210000","-469.680000","74.160000","300000155","","PSS FOR FX 2","300000155","PSS FOR FX 2","","","","","","","","1.172800","","","","","","","","","","09/12/25","09/17/25","09/12/25","9:01:27 AM EDT","","","","","","","","","","478995","000000478995","0","0","0","09/11/25","09/11/2025 20.13.18","","","5829291038","","","","","","","",""
"478995","NYLI 500 INTERNATIONAL ETF","4789958400","NYLI 500 INTERNATIONAL ETF","","","","USD","UNITED STATES DOLLAR","USD","UNITED STATES DOLLAR","31","NYG","09/12/25","P25091124152-05","C=314789958400 D","","","","FX","FOREIGN EXCHANGE","C","868","Sell Spot Foreign Exchange- BNY SI","PSS2233529438549","SEDOL #: 5271782  ISIN #: ES0130670112 SEQ#: 000","DESC : ENDESA SA EUR 1.2","EX DT: 23DEC28  RECORD DT: 23DEC29  PAY DT: 24JAN02","EUR DIV GROSS:  10,012.0000      WTH: 1,902.2800","FX CONFIRM:P250911-24152 FXRT:1.1726523400  FXVD: 12SEP25 M","09/11/25","09/12/25","","","09/12/25","09/12/25","-400.480000","1.1726523","","","","","","29236.970000","469.62","29706.590000","29236.970000","469.620000","29706.590000","300000155","","PSS FOR FX 2","300000155","PSS FOR FX 2","","","","","","","","1.000000","","","","","","","","","","09/12/25","09/17/25","09/12/25","9:01:27 AM EDT","","","","","","","","","","478995","000000478995","0","0","0","09/11/25","09/11/2025 19.54.09","","","5829291038","","","","","","","",""
"139473","NYLI CANDRIAM ESG INTL EQUITY ETF","1394730360","NYLI CANDRIAM ESG INTL EQUITY ETF","","","","USD","UNITED STATES DOLLAR","AUD","AUSTRALIAN DOLLAR","11","BRU","09/12/25","PSS2508271249268","Y","","","","DV","DIVIDEND","RC","101","Dividend","PSS #: 2508271249268  UNITS/QNTY: 843.0000","SEDOL #: 6198578  ISIN #: AU000000REA9  EVENT ID: 1568408591","DESC : REA GROUP LTD NPV      DIV SRC RATE:     1.3800000000","EX DT: 25AUG28  RECORD DT: 25AUG29  PAY DT: 25SEP12","CCY: AUD  GRSS: 1,163.3400         WTH: 0.0000","AMOR BAL: 0.0000          PRFC: 0.0000      CUFC: 0.0000","08/28/25","09/12/25","","08/29/25","09/12/25","09/12/25","843.000000","1.38","","1163.34","1163.340000","","","6644.470000","1163.34","1163.970000","4417.580000","773.450000","773.870000","","","","","","","REA GROUP LTD NPV","REA GROUP LTD NPV","","","","","0.664850","Q8051B108","REA AU","AU000000REA9","6198578","001023132","","","","","09/12/25","09/17/25","09/12/25","9:01:27 AM EDT","","","","1568408591","","","","","AUD","139473","000000139473","0","0","0","09/12/25","09/11/2025 14.47.58","C","Contractual Cash","5829291047","","","","","","AUD","AUD","EQUITIES"
"139473","NYLI CANDRIAM ESG INTL EQUITY ETF","1394733920","NYLI CANDRIAM ESG INTL EQUITY ETF","","","","USD","UNITED STATES DOLLAR","JPY","JAPANESE YEN","11","BRU","09/12/25","PSS2506261247356","Y","","","","DV","DIVIDEND","RC","101","Dividend","PSS #: 2506261247356  UNITS/QNTY: 141.0000","SEDOL #: 6396800  ISIN #: JP3027670003  EVENT ID: 1564460106","DESC : NIPPON BUI REIT        DIV SRC RATE:  2495.0000000000","EX DT: 25JUN27  RECORD DT: 25JUN30  PAY DT: 25SEP12","CCY: JPY  GRSS: 351,795.0000       WTH: 35,180.0000","AMOR BAL: 0.0000          PRFC: 0.0000      CUFC: 0.0000","06/27/25","09/12/25","","06/30/25","09/12/25","09/12/25","141.000000","2495","","316615.00","351795.000000","-35180.000000","","-3298.000000","316615.00","612250.000000","-22.410000","2150.990000","4159.450000","","","","","","","NIPPON BUI REIT","NIPPON BUI REIT","","","","","0.006794","J52088101","8951 JP","JP3027670003","6396800","001276024","","","","","09/12/25","09/17/25","09/12/25","9:01:27 AM EDT","","","","1564460106","","","","","JPY","139473","000000139473","0","0","0","09/11/25","09/11/2025 14.41.00","C","Contractual Cash","5829291047","","","","","","JPY","JPY","EQUITIES"
"139473","NYLI CANDRIAM ESG INTL EQUITY ETF","1394733920","NYLI CANDRIAM ESG INTL EQUITY ETF","","","","USD","UNITED STATES DOLLAR","JPY","JAPANESE YEN","11","BRU","09/12/25","PSS2506261270022","Y","","","","DV","DIVIDEND","RC","101","Dividend","PSS #: 2506261270022  UNITS/QNTY: 7,995.0000","SEDOL #: 6302700  ISIN #: JP3166000004  EVENT ID: 1564460495","DESC : EBARA CORP NPV         DIV SRC RATE:    28.0000000000","EX DT: 25JUN27  RECORD DT: 25JUN30  PAY DT: 25SEP12","CCY: JPY  GRSS: 223,860.0000       WTH: 22,386.0000","AMOR BAL: 0.0000          PRFC: 0.0000      CUFC: 0.0000","06/27/25","09/12/25","","06/30/25","09/12/25","09/12/25","7995.000000","28","","201474.00","223860.000000","-22386.000000","","-3298.000000","201474.00","612250.000000","-22.410000","1368.760000","4159.450000","","","","","","","EBARA CORP NPV","EBARA CORP NPV","","","","","0.006794","J12600128","6361 JP","JP3166000004","6302700","000761803","931996","","","","09/12/25","09/17/25","09/12/25","9:01:27 AM EDT","","","","1564460495","","","","","JPY","139473","000000139473","0","0","0","09/11/25","09/11/2025 14.41.00","C","Contractual Cash","5829291047","","","","","","JPY","JPY","EQUITIES"
"139473","NYLI CANDRIAM ESG INTL EQUITY ETF","1394733920","NYLI CANDRIAM ESG INTL EQUITY ETF","","","","USD","UNITED STATES DOLLAR","JPY","JAPANESE YEN","11","BRU","09/12/25","PSS2506261265153","Y","","","","DV","DIVIDEND","RC","101","Dividend","PSS #: 2506261265153  UNITS/QNTY: 2,256.0000","SEDOL #: 6986461  ISIN #: JP3955800002  EVENT ID: 1564460302","DESC : YOKOHAMA RUBBER CO LTD DIV SRC RATE:    48.0000000000","EX DT: 25JUN27  RECORD DT: 25JUN30  PAY DT: 25SEP12","CCY: JPY  GRSS: 108,288.0000       WTH: 10,829.0000","AMOR BAL: 0.0000          PRFC: 0.0000      CUFC: 0.0000","06/27/25","09/12/25","","06/30/25","09/12/25","09/12/25","2256.000000","48","","97459.00","108288.000000","-10829.000000","","-3298.000000","97459.00","612250.000000","-22.410000","662.110000","4159.450000","","","","","","","YOKOHAMA RUBBER CO LTD/THE NPV","YOKOHAMA RUBBER CO LTD/THE NPV","","","","","0.006794","J97536171","5101 JP","JP3955800002","6986461","000764180","910002","","","","09/12/25","09/17/25","09/12/25","9:01:27 AM EDT","","","","1564460302","","","","","JPY","139473","000000139473","0","0","0","09/11/25","09/11/2025 14.41.00","C","Contractual Cash","5829291047","","","","","","JPY","JPY","EQUITIES"
"139473","NYLI CANDRIAM ESG INTL EQUITY ETF","1394738260","NYLI CANDRIAM ESG INTL EQUITY ETF","","","","USD","UNITED STATES DOLLAR","GBP","POUND STERLING","10","BRU","09/12/25","PSS2508140007892","Y","","","","DV","DIVIDEND","RC","101","Dividend","PSS #: 2508140007892  UNITS/QNTY: 43,632.0000","SEDOL #: B10RZP7  ISIN #: GB00B10RZP78  EVENT ID: 1566041719","DESC : UNILEVER PLC 0.031111P DIV SRC RATE:     0.3916000000","EX DT: 25AUG14  RECORD DT: 25AUG15  PAY DT: 25SEP12","CCY: GBP  GRSS: 17,086.2900        WTH: 0.0000","AMOR BAL: 0.0000          PRFC: 0.0000      CUFC: 0.0000","08/14/25","09/12/25","","08/15/25","09/12/25","09/12/25","43632.000000","0.3916","","17086.29","17086.290000","","","6289.570000","17086.29","29986.460000","8527.710000","23166.450000","40657.140000","","","","","","","UNILEVER PLC 0.031111P","UNILEVER PLC 0.031111P","","","","","1.355850","G92087165","ULVR LN","GB00B10RZP78","B10RZP7","002477074","954221","","","","09/12/25","09/17/25","09/12/25","9:01:27 AM EDT","","","","1566041719","","","","","GBP","139473","000000139473","0","0","0","09/11/25","09/11/2025 20.13.18","C","Contractual Cash","5829291047","","","","","","GBP","GBP","EQUITIES"
"139473","NYLI CANDRIAM ESG INTL EQUITY ETF","1394738260","NYLI CANDRIAM ESG INTL EQUITY ETF","","","","USD","UNITED STATES DOLLAR","GBP","POUND STERLING","10","BRU","09/12/25","PSS2508060032149","Y","","","","DV","DIVIDEND","RC","101","Dividend","PSS #: 2508060032149  UNITS/QNTY: 135,795.0000","SEDOL #: BM8PJY7  ISIN #: GB00BM8PJY71  EVENT ID: 1567894747","DESC : NATWEST GROUP PLC GBP  DIV SRC RATE:     0.0950000000","EX DT: 25AUG07  RECORD DT: 25AUG08  PAY DT: 25SEP12","CCY: GBP  GRSS: 12,900.5200        WTH: 0.0000","AMOR BAL: 0.0000          PRFC: 0.0000      CUFC: 0.0000","08/07/25","09/12/25","","08/08/25","09/12/25","09/12/25","135795.000000","0.095","","12900.52","12900.520000","","","6289.570000","12900.52","29986.460000","8527.710000","17491.170000","40657.140000","","","","","","","NATWEST GROUP PLC GBP 1.0769","NATWEST GROUP PLC GBP 1.0769","","","","","1.355850","G6422B147","NWG LN","GB00BM8PJY71","BM8PJY7","","","","","","09/12/25","09/17/25","09/12/25","9:01:27 AM EDT","","","","1567894747","","","","","GBP","139473","000000139473","0","0","0","09/11/25","09/11/2025 20.13.18","C","Contractual Cash","5829291047","","","","","","GBP","GBP","EQUITIES"
"139473","NYLI CANDRIAM ESG INTL EQUITY ETF","1394737520","NYLI CANDRIAM ESG INTL EQUITY ETF","","","","USD","UNITED STATES DOLLAR","SEK","SWEDISH KRONA","10","BRU","09/12/25","PSS2404161136331","Y","","","","DV","DIVIDEND","RC","101","Dividend","PSS #: 2404161136331  UNITS/QNTY: 5,549.0000","SEDOL #: B12PJ24  ISIN #: SE0001662230  EVENT ID: 1436704488","DESC : HUSQVARNA AB SEK 2.0   DIV SRC RATE:     1.0000000000","EX DT: 24APR19  RECORD DT: 24APR22  PAY DT: 24APR25","CCY: SEK  GRSS: 5,549.0000         MFDV:4,716.6500","AMOR BAL: 0.0000          PRFC: 0.0000      CUFC: 0.0000","04/19/24","04/25/24","","04/22/24","","","5549.000000","1","","4716.65","5549.000000","-832.350000","","-2377.020000","4716.65","21600.140000","-254.940000","505.870000","2316.650000","","","","","","","HUSQVARNA AB SEK 2.0","HUSQVARNA AB SEK 2.0","","","","","0.107252","W4235G116","HUSQB SS","SE0001662230","B12PJ24","002522755","","","","","09/12/25","09/17/25","09/12/25","9:01:27 AM EDT","","","","1436704488","","","","","SEK","139473","000000139473","0","0","0","04/16/24","04/25/2024 20.14.14","C","Contractual Cash","5829291047","","","","","","SEK","SEK","EQUITIES"
"139473","NYLI CANDRIAM ESG INTL EQUITY ETF","1394737520","NYLI CANDRIAM ESG INTL EQUITY ETF","","","","USD","UNITED STATES DOLLAR","SEK","SWEDISH KRONA","10","BRU","09/12/25","PSS2404101254664","Y","","","","DV","DIVIDEND","RC","101","Dividend","PSS #: 2404101254664  UNITS/QNTY: 293.0000","SEDOL #: B12PJ24  ISIN #: SE0001662230  EVENT ID: 1436704488","DESC : HUSQVARNA AB SEK 2.0   DIV SRC RATE:     1.0000000000","EX DT: 24APR19  RECORD DT: 24APR22  PAY DT: 24APR25","CCY: SEK  GRSS: 293.0000           WTH: 87.9000","AMOR BAL: 0.0000          PRFC: 0.0000      CUFC: 0.0000","04/19/24","04/25/24","","04/22/24","","","293.000000","1","","205.10","293.000000","-87.900000","","-2377.020000","205.10","21600.140000","-254.940000","22.000000","2316.650000","","","","","","","HUSQVARNA AB SEK 2.0","HUSQVARNA AB SEK 2.0","","","","","0.107252","W4235G116","HUSQB SS","SE0001662230","B12PJ24","002522755","","","","","09/12/25","09/17/25","09/12/25","9:01:27 AM EDT","","","","1436704488","","","","","SEK","139473","000000139473","0","0","0","04/16/24","04/25/2024 20.14.14","C","Contractual Cash","5829291047","","","","","","SEK","SEK","EQUITIES"
"139473","NYLI CANDRIAM ESG INTL EQUITY ETF","1394737520","NYLI CANDRIAM ESG INTL EQUITY ETF","","","","USD","UNITED STATES DOLLAR","SEK","SWEDISH KRONA","10","BRU","09/12/25","PSS2404111051982","Y","","","","DV","DIVIDEND","RC","101","Dividend","PSS #: 2404111051982  UNITS/QNTY: 1,311.0000","SEDOL #: BDQQ1Q5  ISIN #: SE0011090018  EVENT ID: 1436697733","DESC : HOLMEN AB SEK 25.0     DIV SRC RATE:    11.5000000000","EX DT: 24APR17  RECORD DT: 24APR18  PAY DT: 24APR23","CCY: SEK  GRSS: 15,076.5000        MFDV:12,815.0200","AMOR BAL: 0.0000          PRFC: 0.0000      CUFC: 0.0000","04/17/24","04/23/24","","04/18/24","","","1311.000000","11.5","","12815.02","15076.500000","-2261.480000","","-2377.020000","12815.02","21600.140000","-254.940000","1374.430000","2316.650000","","","","","","","HOLMEN AB SEK 25.0","HOLMEN AB SEK 25.0","","","","","0.107252","W4R00P201","HOLMB SS","SE0011090018","BDQQ1Q5","","","","","","09/12/25","09/17/25","09/12/25","9:01:27 AM EDT","","","","1436697733","","","","","SEK","139473","000000139473","0","0","0","04/17/24","04/23/2024 20.09.59","C","Contractual Cash","5829291047","","","","","","SEK","SEK","EQUITIES"
"139473","NYLI CANDRIAM ESG INTL EQUITY ETF","1394737520","NYLI CANDRIAM ESG INTL EQUITY ETF","","","","USD","UNITED STATES DOLLAR","SEK","SWEDISH KRONA","10","BRU","09/12/25","PSS2404081568653","Y","","","","DV","DIVIDEND","RC","101","Dividend","PSS #: 2404081568653  UNITS/QNTY: 69.0000","SEDOL #: BDQQ1Q5  ISIN #: SE0011090018  EVENT ID: 1436697733","DESC : HOLMEN AB SEK 25.0     DIV SRC RATE:    11.5000000000","EX DT: 24APR17  RECORD DT: 24APR18  PAY DT: 24APR23","CCY: SEK  GRSS: 793.5000           WTH: 238.0500","AMOR BAL: 0.0000          PRFC: 0.0000      CUFC: 0.0000","04/17/24","04/23/24","","04/18/24","","","69.000000","11.5","","555.45","793.500000","-238.050000","","-2377.020000","555.45","21600.140000","-254.940000","59.570000","2316.650000","","","","","","","HOLMEN AB SEK 25.0","HOLMEN AB SEK 25.0","","","","","0.107252","W4R00P201","HOLMB SS","SE0011090018","BDQQ1Q5","","","","","","09/12/25","09/17/25","09/12/25","9:01:27 AM EDT","","","","1436697733","","","","","SEK","139473","000000139473","0","0","0","04/17/24","04/23/2024 20.09.59","C","Contractual Cash","5829291047","","","","","","SEK","SEK","EQUITIES"
"139473","NYLI CANDRIAM ESG INTL EQUITY ETF","1394737520","NYLI CANDRIAM ESG INTL EQUITY ETF","","","","USD","UNITED STATES DOLLAR","SEK","SWEDISH KRONA","10","BRU","09/12/25","PSS2404111239216","Y","","","","DV","DIVIDEND","RC","101","Dividend","PSS #: 2404111239216  UNITS/QNTY: 2,753.0000","SEDOL #: BLN9XH8  ISIN #: SE0014960373  EVENT ID: 1437038001","DESC : SWECO AB SEK 1.0       DIV SRC RATE:     2.9500000000","EX DT: 24APR22  RECORD DT: 24APR23  PAY DT: 24APR26","CCY: SEK  GRSS: 8,121.3500         WTH: 2,436.4100","AMOR BAL: 0.0000          PRFC: 0.0000      CUFC: 0.0000","04/22/24","04/26/24","","04/23/24","","","2753.000000","2.95","","5684.94","8121.350000","-2436.410000","","-2377.020000","5684.94","21600.140000","-254.940000","609.720000","2316.650000","","","","","","","SWECO AB SEK 1.0","SWECO AB SEK 1.0","","","","","0.107252","W31065225","SWECB SS","SE0014960373","BLN9XH8","","","","","","09/12/25","09/17/25","09/12/25","9:01:27 AM EDT","","","","1437038001","","","","","SEK","139473","000000139473","0","0","0","04/12/24","04/26/2024 20.15.25","C","Contractual Cash","5829291047","","","","","","SEK","SEK","EQUITIES"
"139522","NYLI CANDRIAM ESG US EQUITY ETF","1395228400","NYLI CANDRIAM ESG US EQUITY ETF","","","","USD","UNITED STATES DOLLAR","USD","UNITED STATES DOLLAR","31","NYG","09/12/25","PSS2508214210275","N","","","","DV","DIVIDEND","RC","101","Dividend","PSS #: 2508214210275  UNITS/QNTY: 2,892.0000","SEDOL #: BRC3N84  ISIN #: IE000IVNQZ81  EVENT ID: 1567512357","DESC : TE CONNECTIVITY PLC US DIV SRC RATE:     0.7100000000","EX DT: 25AUG22  RECORD DT: 25AUG22  PAY DT: 25SEP12","CCY: USD  GRSS: 2,053.3200         WTH: 0.0000","AMOR BAL: 0.0000          PRFC: 0.0000      CUFC: 0.0000","08/22/25","09/12/25","","08/22/25","09/12/25","09/12/25","2892.000000","0.71","","2043.92","2053.320000","","","162450.860000","2043.92","171440.850000","162450.860000","2043.920000","171440.850000","","","","","","","TE CONNECTIVITY PLC USD 0.01","TE CONNECTIVITY PLC USD 0.01","","","","","1.000000","G87052109","TEL US","IE000IVNQZ81","BRC3N84","","","","","","09/12/25","09/17/25","09/12/25","9:01:27 AM EDT","","","","1567512357","","","","","USD","139522","000000139522","0","0","0","09/11/25","09/11/2025 19.54.09","C","Contractual Cash","5829291046","","","","","","USD","USD","EQUITIES"
"139522","NYLI CANDRIAM ESG US EQUITY ETF","1395228400","NYLI CANDRIAM ESG US EQUITY ETF","","","","USD","UNITED STATES DOLLAR","USD","UNITED STATES DOLLAR","31","NYG","09/12/25","PSS2508284207774","N","","","","DV","DIVIDEND","RC","101","Dividend","PSS #: 2508284207774  UNITS/QNTY: 4,543.0000","SEDOL #: 2293819  ISIN #: US2786421030  EVENT ID: 1568287638","DESC : EBAY INC USD 0.001     DIV SRC RATE:     0.2900000000","EX DT: 25AUG29  RECORD DT: 25AUG29  PAY DT: 25SEP12","CCY: USD  GRSS: 1,317.4700         WTH: 0.0000","AMOR BAL: 0.0000          PRFC: 0.0000      CUFC: 0.0000","08/29/25","09/12/25","","08/29/25","09/12/25","09/12/25","4543.000000","0.29","","1317.47","1317.470000","","","162450.860000","1317.47","171440.850000","162450.860000","1317.470000","171440.850000","","","","","","","EBAY INC USD 0.001","EBAY INC USD 0.001","","","","","1.000000","278642103","EBAY US","US2786421030","2293819","000956191","","","","","09/12/25","09/17/25","09/12/25","9:01:27 AM EDT","","","","1568287638","","","","","USD","139522","000000139522","0","0","0","08/29/25","09/11/2025 19.54.09","C","Contractual Cash","5829291046","","","","","","USD","USD","EQUITIES"
"139522","NYLI CANDRIAM ESG US EQUITY ETF","1395228400","NYLI CANDRIAM ESG US EQUITY ETF","","","","USD","UNITED STATES DOLLAR","USD","UNITED STATES DOLLAR","31","NYG","09/12/25","PSS2508084437758","N","","","","DV","DIVIDEND","RC","101","Dividend","PSS #: 2508084437758  UNITS/QNTY: 3,112.0000","SEDOL #: 2698470  ISIN #: US6935061076  EVENT ID: 1567509592","DESC : PPG INDS INC USD 1.666 DIV SRC RATE:     0.7100000000","EX DT: 25AUG11  RECORD DT: 25AUG11  PAY DT: 25SEP12","CCY: USD  GRSS: 2,209.5200         WTH: 0.0000","AMOR BAL: 0.0000          PRFC: 0.0000      CUFC: 0.0000","08/11/25","09/12/25","","08/11/25","09/12/25","09/12/25","3112.000000","0.71","","2209.52","2209.520000","","","162450.860000","2209.52","171440.850000","162450.860000","2209.520000","171440.850000","","","","","","","PPG INDS INC USD 1.66666","PPG INDS INC USD 1.66666","","","","","1.000000","693506107","PPG US","US6935061076","2698470","000963722","975540","","","","09/12/25","09/17/25","09/12/25","9:01:27 AM EDT","","","","1567509592","","","","","USD","139522","000000139522","0","0","0","08/11/25","09/11/2025 19.54.09","C","Contractual Cash","5829291046","","","","","","USD","USD","EQUITIES"
"139522","NYLI CANDRIAM ESG US EQUITY ETF","1395228400","NYLI CANDRIAM ESG US EQUITY ETF","","","","USD","UNITED STATES DOLLAR","USD","UNITED STATES DOLLAR","31","NYG","09/12/25","PSS2508284326485","N","","","","DV","DIVIDEND","RC","101","Dividend","PSS #: 2508284326485  UNITS/QNTY: 7,146.0000","SEDOL #: 2958936  ISIN #: US9621661043  EVENT ID: 1568798935","DESC : WEYERHAEUS COM USD1.25 DIV SRC RATE:     0.2100000000","EX DT: 25AUG29  RECORD DT: 25AUG29  PAY DT: 25SEP12","CCY: USD  GRSS: 1,500.6600         WTH: 0.0000","AMOR BAL: 0.0000          PRFC: 0.0000      CUFC: 0.0000","08/29/25","09/12/25","","08/29/25","09/12/25","09/12/25","7146.000000","0.21","","1500.66","1500.660000","","","162450.860000","1500.66","171440.850000","162450.860000","1500.660000","171440.850000","","","","","","","WEYERHAEUS COM USD1.25","WEYERHAEUS COM USD1.25","","","","","1.000000","962166104","WY US","US9621661043","2958936","000985869","997772","","","","09/12/25","09/17/25","09/12/25","9:01:27 AM EDT","","","","1568798935","","","","","USD","139522","000000139522","0","0","0","08/29/25","09/11/2025 19.54.09","C","Contractual Cash","5829291046","","","","","","USD","USD","EQUITIES"
"139522","NYLI CANDRIAM ESG US EQUITY ETF","1395228400","NYLI CANDRIAM ESG US EQUITY ETF","","","","USD","UNITED STATES DOLLAR","USD","UNITED STATES DOLLAR","31","NYG","09/12/25","PSS2508284364313","N","","","","DV","DIVIDEND","RC","101","Dividend","PSS #: 2508284364313  UNITS/QNTY: 2,702.0000","SEDOL #: 2098876  ISIN #: US9884981013  EVENT ID: 1569200627","DESC : YUM BRANDS INC NPV     DIV SRC RATE:     0.7100000000","EX DT: 25SEP02  RECORD DT: 25SEP02  PAY DT: 25SEP12","CCY: USD  GRSS: 1,918.4200         WTH: 0.0000","AMOR BAL: 0.0000          PRFC: 0.0000      CUFC: 0.0000","09/02/25","09/12/25","","09/02/25","09/12/25","09/12/25","2702.000000","0.71","","1918.42","1918.420000","","","162450.860000","1918.42","171440.850000","162450.860000","1918.420000","171440.850000","","","","","","","YUM BRANDS INC NPV","YUM BRANDS INC NPV","","","","","1.000000","988498101","YUM US","US9884981013","2098876","001413362","953844","","","","09/12/25","09/17/25","09/12/25","9:01:27 AM EDT","","","","1569200627","","","","","USD","139522","000000139522","0","0","0","08/29/25","09/11/2025 19.54.09","C","Contractual Cash","5829291046","","","","","","USD","USD","EQUITIES"
"222959","NYLI US LARGE CAP RD LEADERS ETF","2229598400","NYLI US LARGE CAP RD LEADERS ETF","","","","USD","UNITED STATES DOLLAR","USD","UNITED STATES DOLLAR","31","NYG","09/12/25","PSS2508214222239","N","","","","DV","DIVIDEND","RC","101","Dividend","PSS #: 2508214222239  UNITS/QNTY: 323.0000","SEDOL #: 2023607  ISIN #: US0311621009  EVENT ID: 1568406942","DESC : AMGEN INC USD 0.0001   DIV SRC RATE:     2.3800000000","EX DT: 25AUG22  RECORD DT: 25AUG22  PAY DT: 25SEP12","CCY: USD  GRSS: 768.7400           WTH: 0.0000","AMOR BAL: 0.0000          PRFC: 0.0000      CUFC: 0.0000","08/22/25","09/12/25","","08/22/25","09/12/25","09/12/25","323.000000","2.38","","768.74","768.740000","","","-735.800000","768.74","119.080000","-735.800000","768.740000","119.080000","","","","","","","AMGEN INC USD 0.0001","AMGEN INC USD 0.0001","","","","","1.000000","031162100","AMGN US","US0311621009","2023607","000907582","903506","","","","09/12/25","09/17/25","09/12/25","9:01:27 AM EDT","","","","1568406942","","","","","USD","222959","000000222959","0","0","0","08/22/25","09/11/2025 19.54.09","C","Contractual Cash","5829291092","","","","","","USD","USD","EQUITIES"
"222959","NYLI US LARGE CAP RD LEADERS ETF","2229598400","NYLI US LARGE CAP RD LEADERS ETF","","","","USD","UNITED STATES DOLLAR","USD","UNITED STATES DOLLAR","31","NYG","09/12/25","PSS2508224342519","N","","","","DV","DIVIDEND","RC","101","Dividend","PSS #: 2508224342519  UNITS/QNTY: 118.0000","SEDOL #: 2595708  ISIN #: US88579Y1010  EVENT ID: 1568829942","DESC : 3M CO USD 0.01         DIV SRC RATE:     0.7300000000","EX DT: 25AUG25  RECORD DT: 25AUG25  PAY DT: 25SEP12","CCY: USD  GRSS: 86.1400            WTH: 0.0000","AMOR BAL: 0.0000          PRFC: 0.0000      CUFC: 0.0000","08/25/25","09/12/25","","08/25/25","09/12/25","09/12/25","118.000000","0.73","","86.14","86.140000","","","-735.800000","86.14","119.080000","-735.800000","86.140000","119.080000","","","","","","","3M CO USD 0.01","3M CO USD 0.01","","","","","1.000000","88579Y101","MMM US","US88579Y1010","2595708","001405105","963073","851745","","","09/12/25","09/17/25","09/12/25","9:01:27 AM EDT","","","","1568829942","","","","","USD","222959","000000222959","0","0","0","08/25/25","09/11/2025 19.54.09","C","Contractual Cash","5829291092","","","","","","USD","USD","EQUITIES"
"222963","NYLI GLOBAL EQUITY RD LEADERS ETF","2229638260","NYLI GLOBAL EQUITY RD LEADERS ETF","","","","USD","UNITED STATES DOLLAR","GBP","POUND STERLING","10","BRU","09/12/25","PSS2508140007894","Y","","","","DV","DIVIDEND","RC","101","Dividend","PSS #: 2508140007894  UNITS/QNTY: 149.0000","SEDOL #: B10RZP7  ISIN #: GB00B10RZP78  EVENT ID: 1566041719","DESC : UNILEVER PLC 0.031111P DIV SRC RATE:     0.3916000000","EX DT: 25AUG14  RECORD DT: 25AUG15  PAY DT: 25SEP12","CCY: GBP  GRSS: 58.3400            WTH: 0.0000","AMOR BAL: 0.0000          PRFC: 0.0000      CUFC: 0.0000","08/14/25","09/12/25","","08/15/25","09/12/25","09/12/25","149.000000","0.3916","","58.34","58.340000","","","0.000000","58.34","58.340000","0.000000","79.100000","79.100000","","","","","","","UNILEVER PLC 0.031111P","UNILEVER PLC 0.031111P","","","","","1.355850","G92087165","ULVR LN","GB00B10RZP78","B10RZP7","002477074","954221","","","","09/12/25","09/17/25","09/12/25","9:01:27 AM EDT","","","","1566041719","","","","","GBP","222963","000000222963","0","0","0","09/11/25","09/11/2025 20.13.18","C","Contractual Cash","5829291091","","","","","","GBP","GBP","EQUITIES"
"222963","NYLI GLOBAL EQUITY RD LEADERS ETF","2229638400","NYLI GLOBAL EQUITY RD LEADERS ETF","","","","USD","UNITED STATES DOLLAR","USD","UNITED STATES DOLLAR","31","NYG","09/12/25","PSS2508214225123","N","","","","DV","DIVIDEND","RC","101","Dividend","PSS #: 2508214225123  UNITS/QNTY: 142.0000","SEDOL #: 2023607  ISIN #: US0311621009  EVENT ID: 1568406942","DESC : AMGEN INC USD 0.0001   DIV SRC RATE:     2.3800000000","EX DT: 25AUG22  RECORD DT: 25AUG22  PAY DT: 25SEP12","CCY: USD  GRSS: 337.9600           WTH: 0.0000","AMOR BAL: 0.0000          PRFC: 0.0000      CUFC: 0.0000","08/22/25","09/12/25","","08/22/25","09/12/25","09/12/25","142.000000","2.38","","337.96","337.960000","","","28665.020000","337.96","29040.940000","28665.020000","337.960000","29040.940000","","","","","","","AMGEN INC USD 0.0001","AMGEN INC USD 0.0001","","","","","1.000000","031162100","AMGN US","US0311621009","2023607","000907582","903506","","","","09/12/25","09/17/25","09/12/25","9:01:27 AM EDT","","","","1568406942","","","","","USD","222963","000000222963","0","0","0","08/22/25","09/11/2025 19.54.09","C","Contractual Cash","5829291091","","","","","","USD","USD","EQUITIES"
"222963","NYLI GLOBAL EQUITY RD LEADERS ETF","2229638400","NYLI GLOBAL EQUITY RD LEADERS ETF","","","","USD","UNITED STATES DOLLAR","USD","UNITED STATES DOLLAR","31","NYG","09/12/25","PSS2508224342498","N","","","","DV","DIVIDEND","RC","101","Dividend","PSS #: 2508224342498  UNITS/QNTY: 52.0000","SEDOL #: 2595708  ISIN #: US88579Y1010  EVENT ID: 1568829942","DESC : 3M CO USD 0.01         DIV SRC RATE:     0.7300000000","EX DT: 25AUG25  RECORD DT: 25AUG25  PAY DT: 25SEP12","CCY: USD  GRSS: 37.9600            WTH: 0.0000","AMOR BAL: 0.0000          PRFC: 0.0000      CUFC: 0.0000","08/25/25","09/12/25","","08/25/25","09/12/25","09/12/25","52.000000","0.73","","37.96","37.960000","","","28665.020000","37.96","29040.940000","28665.020000","37.960000","29040.940000","","","","","","","3M CO USD 0.01","3M CO USD 0.01","","","","","1.000000","88579Y101","MMM US","US88579Y1010","2595708","001405105","963073","851745","","","09/12/25","09/17/25","09/12/25","9:01:27 AM EDT","","","","1568829942","","","","","USD","222963","000000222963","0","0","0","08/25/25","09/11/2025 19.54.09","C","Contractual Cash","5829291091","","","","","","USD","USD","EQUITIES"
"261571","NYLI CBRE NEXTGEN REAL ESTATE ETF","2615718400","NYLI CBRE NEXTGEN REAL ESTATE ETF","","","","USD","UNITED STATES DOLLAR","USD","UNITED STATES DOLLAR","31","NYG","09/12/25","PSS2406274345728","N","","","","DV","DIVIDEND","RC","101","Dividend","PSS #: 2406274345728  UNITS/QNTY: 270.0000","SEDOL #: B3N4753  ISIN #: US88146M1018  EVENT ID: 1440395826","DESC : TERRENO RE COM USD0.01 DIV SRC RATE:     0.4500000000","EX DT: 24JUN28  RECORD DT: 24JUN28  PAY DT: 24JUL12","CCY: USD  GRSS: 121.5000           WTH: 0.0000","AMOR BAL: 0.0000          PRFC: 0.0000      CUFC: 0.0000","06/28/24","07/12/24","","06/28/24","","","270.000000","0.45","","121.50","121.500000","","","3305.430000","121.50","3426.930000","3305.430000","121.500000","3426.930000","","","","","","","TERRENO RE COM USD0.01","TERRENO RE COM USD0.01","","","","","1.000000","88146M101","TRNO US","US88146M1018","B3N4753","010835338","","","","","09/12/25","09/17/25","09/12/25","9:01:27 AM EDT","","","","1440395826","","","","","USD","261571","000000261571","0","0","0","06/28/24","07/12/2024 20.12.23","C","Contractual Cash","5829290717","","","","","","USD","USD","EQUITIES"
"447594","NYLI 50 PCT HEDGED FTSE INTL ETF","4475940360","NYLI 50 PCT HEDGED FTSE INTL ETF","","","","USD","UNITED STATES DOLLAR","AUD","AUSTRALIAN DOLLAR","11","BRU","09/12/25","PSS2508271249466","Y","","","","DV","DIVIDEND","RC","101","Dividend","PSS #: 2508271249466  UNITS/QNTY: 3,037.0000","SEDOL #: 6198578  ISIN #: AU000000REA9  EVENT ID: 1568408591","DESC : REA GROUP LTD NPV      DIV SRC RATE:     1.3800000000","EX DT: 25AUG28  RECORD DT: 25AUG29  PAY DT: 25SEP12","CCY: AUD  GRSS: 4,191.0600         WTH: 0.0000","AMOR BAL: 0.0000          PRFC: 0.0000      CUFC: 0.0000","08/28/25","09/12/25","","08/29/25","09/12/25","09/12/25","3037.000000","1.38","","4191.06","4191.060000","","","22844.440000","4191.06","4190.410000","15188.130000","2786.430000","2785.990000","","","","","","","REA GROUP LTD NPV","REA GROUP LTD NPV","","","","","0.664850","Q8051B108","REA AU","AU000000REA9","6198578","001023132","","","","","09/12/25","09/17/25","09/12/25","9:01:27 AM EDT","","","","1568408591","","","","","AUD","447594","000000447594","0","0","0","09/12/25","09/11/2025 14.47.58","C","Contractual Cash","5829290930","","","","","","AUD","AUD","EQUITIES"
"447594","NYLI 50 PCT HEDGED FTSE INTL ETF","4475949780","NYLI 50 PCT HEDGED FTSE INTL ETF","","","","USD","UNITED STATES DOLLAR","EUR","EURO","10","BRU","09/12/25","PSS2406131078953","Y","","","","DV","DIVIDEND","RC","101","Dividend","PSS #: 2406131078953  UNITS/QNTY: 4,488.0000","SEDOL #: 5732524  ISIN #: ES0178430E18  EVENT ID: 1438227874","DESC : TELEFONICA S A EUR 1.0 DIV SRC RATE:     0.1500000000","EX DT: 24JUN18  RECORD DT: 24JUN19  PAY DT: 24JUN20","CCY: EUR  GRSS: 673.2000           WTH: 0.0000","AMOR BAL: 0.0000          PRFC: 0.0000      CUFC: 0.0000","06/18/24","06/20/24","","06/19/24","","","4488.000000","0.15","","673.20","673.200000","","","-30943.790000","673.20","-28328.930000","-36290.880000","789.530000","-33224.170000","","","","","","","TELEFONICA S A EUR 1.0","TELEFONICA S A EUR 1.0","","","","","1.172800","879382109","TEF SM","ES0178430E18","5732524","000826858","012811","","","","09/12/25","09/17/25","09/12/25","9:01:27 AM EDT","","","","1438227874","","","","","EUR","447594","000000447594","0","0","0","06/13/24","06/20/2024 20.18.35","C","Contractual Cash","5829290930","","","","","","EUR","EUR","EQUITIES"
"447594","NYLI 50 PCT HEDGED FTSE INTL ETF","4475943440","NYLI 50 PCT HEDGED FTSE INTL ETF","","","","USD","UNITED STATES DOLLAR","HKD","HONG KONG DOLLAR","11","BRU","09/12/25","PSS2508271255388","Y","","","","DV","DIVIDEND","RC","101","Dividend","PSS #: 2508271255388  UNITS/QNTY: 127,237.0000","SEDOL #: B5B23W2  ISIN #: KYG7800X1079  EVENT ID: 1568823574","DESC : SANDS CHINA LTD USD 0. DIV SRC RATE:     0.2500000000","EX DT: 25AUG28  RECORD DT: 25AUG29  PAY DT: 25SEP12","CCY: HKD  GRSS: 31,809.2500        WTH: 0.0000","AMOR BAL: 0.0000          PRFC: 0.0000      CUFC: 0.0000","08/28/25","09/12/25","","08/29/25","09/12/25","09/12/25","127237.000000","0.25","","31809.25","31809.250000","","","69480.940000","31809.25","31809.350000","8919.880000","4083.630000","4083.650000","","","","","","","SANDS CHINA LTD USD 0.01","SANDS CHINA LTD USD 0.01","","","","","0.128379","G7800X107","1928 HK","KYG7800X1079","B5B23W2","010774335","","","","","09/12/25","09/17/25","09/12/25","9:01:27 AM EDT","","","","1568823574","","","","","HKD","447594","000000447594","0","0","0","09/11/25","09/11/2025 14.41.00","C","Contractual Cash","5829290930","","","","","","USD","HKD","EQUITIES"
"447594","NYLI 50 PCT HEDGED FTSE INTL ETF","4475943920","NYLI 50 PCT HEDGED FTSE INTL ETF","","","","USD","UNITED STATES DOLLAR","JPY","JAPANESE YEN","11","BRU","09/12/25","PSS2506261247296","Y","","","","DV","DIVIDEND","RC","101","Dividend","PSS #: 2506261247296  UNITS/QNTY: 664.0000","SEDOL #: 6396800  ISIN #: JP3027670003  EVENT ID: 1564460106","DESC : NIPPON BUI REIT        DIV SRC RATE:  2495.0000000000","EX DT: 25JUN27  RECORD DT: 25JUN30  PAY DT: 25SEP12","CCY: JPY  GRSS: 1,656,680.0000     WTH: 165,668.0000","AMOR BAL: 0.0000          PRFC: 0.0000      CUFC: 0.0000","06/27/25","09/12/25","","06/30/25","09/12/25","09/12/25","664.000000","2495","","1491012.00","1656680.000000","-165668.000000","","-974541.000000","1491012.00","961973.000000","-6620.750000","10129.500000","6535.360000","","","","","","","NIPPON BUI REIT","NIPPON BUI REIT","","","","","0.006794","J52088101","8951 JP","JP3027670003","6396800","001276024","","","","","09/12/25","09/17/25","09/12/25","9:01:27 AM EDT","","","","1564460106","","","","","JPY","447594","000000447594","0","0","0","09/11/25","09/11/2025 14.41.00","C","Contractual Cash","5829290930","","","","","","JPY","JPY","EQUITIES"
"447594","NYLI 50 PCT HEDGED FTSE INTL ETF","4475943920","NYLI 50 PCT HEDGED FTSE INTL ETF","","","","USD","UNITED STATES DOLLAR","JPY","JAPANESE YEN","11","BRU","09/12/25","PSS2506261269968","Y","","","","DV","DIVIDEND","RC","101","Dividend","PSS #: 2506261269968  UNITS/QNTY: 25,934.0000","SEDOL #: 6302700  ISIN #: JP3166000004  EVENT ID: 1564460495","DESC : EBARA CORP NPV         DIV SRC RATE:    28.0000000000","EX DT: 25JUN27  RECORD DT: 25JUN30  PAY DT: 25SEP12","CCY: JPY  GRSS: 726,152.0000       WTH: 72,615.0000","AMOR BAL: 0.0000          PRFC: 0.0000      CUFC: 0.0000","06/27/25","09/12/25","","06/30/25","09/12/25","09/12/25","25934.000000","28","","653537.00","726152.000000","-72615.000000","","-974541.000000","653537.00","961973.000000","-6620.750000","4439.940000","6535.360000","","","","","","","EBARA CORP NPV","EBARA CORP NPV","","","","","0.006794","J12600128","6361 JP","JP3166000004","6302700","000761803","931996","","","","09/12/25","09/17/25","09/12/25","9:01:27 AM EDT","","","","1564460495","","","","","JPY","447594","000000447594","0","0","0","09/11/25","09/11/2025 14.41.00","C","Contractual Cash","5829290930","","","","","","JPY","JPY","EQUITIES"
"447594","NYLI 50 PCT HEDGED FTSE INTL ETF","4475943920","NYLI 50 PCT HEDGED FTSE INTL ETF","","","","USD","UNITED STATES DOLLAR","JPY","JAPANESE YEN","11","BRU","09/12/25","PSS2506261254779","Y","","","","DV","DIVIDEND","RC","101","Dividend","PSS #: 2506261254779  UNITS/QNTY: 1,162.0000","SEDOL #: 6416322  ISIN #: JP3783420007  EVENT ID: 1564460235","DESC : HIKARI TSUSHIN INC NPV DIV SRC RATE:   181.0000000000","EX DT: 25JUN27  RECORD DT: 25JUN30  PAY DT: 25SEP12","CCY: JPY  GRSS: 210,322.0000       WTH: 21,032.0000","AMOR BAL: 0.0000          PRFC: 0.0000      CUFC: 0.0000","06/27/25","09/12/25","","06/30/25","09/12/25","09/12/25","1162.000000","181","","189290.00","210322.000000","-21032.000000","","-974541.000000","189290.00","961973.000000","-6620.750000","1285.980000","6535.360000","","","","","","","HIKARI TSUSHIN INC NPV","HIKARI TSUSHIN INC NPV","","","","","0.006794","J1949F108","9435 JP","JP3783420007","6416322","000423895","","","","","09/12/25","09/17/25","09/12/25","9:01:27 AM EDT","","","","1564460235","","","","","JPY","447594","000000447594","0","0","0","09/11/25","09/11/2025 14.41.00","C","Contractual Cash","5829290930","","","","","","JPY","JPY","EQUITIES"
"447594","NYLI 50 PCT HEDGED FTSE INTL ETF","4475948260","NYLI 50 PCT HEDGED FTSE INTL ETF","","","","USD","UNITED STATES DOLLAR","GBP","POUND STERLING","10","BRU","09/12/25","PSS2508130026499","Y","","","","DV","DIVIDEND","RC","101","Dividend","PSS #: 2508130026499  UNITS/QNTY: 126,123.0000","SEDOL #: B10RZP7  ISIN #: GB00B10RZP78  EVENT ID: 1566041719","DESC : UNILEVER PLC 0.031111P DIV SRC RATE:     0.3916000000","EX DT: 25AUG14  RECORD DT: 25AUG15  PAY DT: 25SEP12","CCY: GBP  GRSS: 49,389.7600        WTH: 0.0000","AMOR BAL: 0.0000          PRFC: 0.0000      CUFC: 0.0000","08/14/25","09/12/25","","08/15/25","09/12/25","09/12/25","126123.000000","0.3916","","49389.76","49389.760000","","","17360.050000","49389.76","86776.190000","23537.620000","66965.110000","117655.500000","","","","","","","UNILEVER PLC 0.031111P","UNILEVER PLC 0.031111P","","","","","1.355850","G92087165","ULVR LN","GB00B10RZP78","B10RZP7","002477074","954221","","","","09/12/25","09/17/25","09/12/25","9:01:27 AM EDT","","","","1566041719","","","","","GBP","447594","000000447594","0","0","0","09/11/25","09/11/2025 20.13.18","C","Contractual Cash","5829290930","","","","","","GBP","GBP","EQUITIES"
"447594","NYLI 50 PCT HEDGED FTSE INTL ETF","4475948260","NYLI 50 PCT HEDGED FTSE INTL ETF","","","","USD","UNITED STATES DOLLAR","GBP","POUND STERLING","10","BRU","09/12/25","PSS2508060035047","Y","","","","DV","DIVIDEND","RC","101","Dividend","PSS #: 2508060035047  UNITS/QNTY: 405,297.0000","SEDOL #: BM8PJY7  ISIN #: GB00BM8PJY71  EVENT ID: 1567894747","DESC : NATWEST GROUP PLC GBP  DIV SRC RATE:     0.0950000000","EX DT: 25AUG07  RECORD DT: 25AUG08  PAY DT: 25SEP12","CCY: GBP  GRSS: 38,503.2100        WTH: 0.0000","AMOR BAL: 0.0000          PRFC: 0.0000      CUFC: 0.0000","08/07/25","09/12/25","","08/08/25","09/12/25","09/12/25","405297.000000","0.095","","38503.21","38503.210000","","","17360.050000","38503.21","86776.190000","23537.620000","52204.580000","117655.500000","","","","","","","NATWEST GROUP PLC GBP 1.0769","NATWEST GROUP PLC GBP 1.0769","","","","","1.355850","G6422B147","NWG LN","GB00BM8PJY71","BM8PJY7","","","","","","09/12/25","09/17/25","09/12/25","9:01:27 AM EDT","","","","1567894747","","","","","GBP","447594","000000447594","0","0","0","09/11/25","09/11/2025 20.13.18","C","Contractual Cash","5829290930","","","","","","GBP","GBP","EQUITIES"
"447594","NYLI 50 PCT HEDGED FTSE INTL ETF","4475944100","NYLI 50 PCT HEDGED FTSE INTL ETF","","","","USD","UNITED STATES DOLLAR","KRW","SOUTH KOREAN WON","11","BRU","09/12/25","PSS2508251537547","Y","","","","DV","DIVIDEND","RC","101","Dividend","PSS #: 2508251537547  UNITS/QNTY: 4,247.0000","SEDOL #: 6693233  ISIN #: KR7005490008  EVENT ID: 1568800263","DESC : POSCO HOLDINGS INC KRW DIV SRC RATE:  2500.0000000000","EX DT: 25AUG26  RECORD DT: 25AUG27  PAY DT: 25SEP12","CCY: KRW  GRSS: 10,617,500.0000    WTH: 2,335,850.0000","AMOR BAL: 0.0000          PRFC: 0.0000      CUFC: 0.0000","08/26/25","09/12/25","","08/27/25","","","4247.000000","2500","","8281650.00","10617500.000000","-2335850.000000","","0.000000","8281650.00","8281650.000000","0.000000","5950.100000","5950.100000","","","","","","","POSCO HOLDINGS INC KRW 5000.0","POSCO HOLDINGS INC KRW 5000.0","","","","","0.000718","Y70750115","005490 KS","KR7005490008","6693233","000721806","902554","","","","09/12/25","09/17/25","09/12/25","9:01:27 AM EDT","","","","1568800263","","","","","KRW","447594","000000447594","0","0","0","08/26/25","08/25/2025 22.16.32","A","Un-projected Actual","5829290930","","","","","","KRW","KRW","EQUITIES"
"447594","NYLI 50 PCT HEDGED FTSE INTL ETF","4475947560","NYLI 50 PCT HEDGED FTSE INTL ETF","","","","USD","UNITED STATES DOLLAR","CHF","SWISS FRANC","10","BRU","09/12/25","PSS2304041027485","","","","","DV","DIVIDEND","RC","101","Dividend","PSS #: 2304041027485  UNITS/QNTY: 2,648.0000","SEDOL #: 5983816  ISIN #: CH0011075394  EVENT ID: 1324123713","DESC : ZURICH INSURANCE GROUP DIV SRC RATE:    24.0000000000","EX DT: 23APR12  RECORD DT: 23APR13  PAY DT: 23APR14","CCY: CHF  GRSS: 63,552.0000        WTH: 22,243.2000","AMOR BAL: 0.0000          PRFC: 0.0000      CUFC: 0.0000","04/12/23","04/14/23","","04/13/23","","","2648.000000","24","","41308.80","63552.000000","-22243.200000","","0.000000","41308.80","41308.800000","0.000000","51898.740000","51898.740000","","","","","","","ZURICH INSURANCE GROUP AG CHF 0.1","ZURICH INSURANCE GROUP AG CHF 0.1","","","","","1.256360","H9870Y105","ZURN SW","CH0011075394","5983816","001107539","995199","","","","09/12/25","09/17/25","09/12/25","9:01:27 AM EDT","","","","1324123713","","","","","CHF","447594","000000447594","0","0","0","04/04/23","04/14/2023 20.23.25","C","Contractual Cash","5829290930","","","","","","CHF","CHF","EQUITIES"
"447594","NYLI 50 PCT HEDGED FTSE INTL ETF","4475948400","NYLI 50 PCT HEDGED FTSE INTL ETF","","","","USD","UNITED STATES DOLLAR","USD","UNITED STATES DOLLAR","31","NYG","09/12/25","PSS2503260004211","N","","","","DV","DIVIDEND","RC","101","Dividend","PSS #: 2503260004211  UNITS/QNTY: 80.0000","SEDOL #: BRK49M5  ISIN #: IE00028FXN24  EVENT ID: 1447305946","DESC : SMURFIT WESTROCK PLC U DIV SRC RATE:     0.3025000000","EX DT: 24NOV15  RECORD DT: 24NOV15  PAY DT: 24DEC18","CCY: USD  GRSS: 24.2000            WTH: 6.0500","AMOR BAL: 0.0000          PRFC: 0.0000      CUFC: 0.0000","11/15/24","12/18/24","","11/15/24","","","80.000000","0.3025","","18.15","24.200000","-6.050000","","660211.710000","18.15","722337.710000","660211.710000","18.150000","722337.710000","","","","","","","SMURFIT WESTROCK PLC USD 0.001","SMURFIT WESTROCK PLC USD 0.001","","","","","1.000000","G8267P108","SW US","IE00028FXN24","BRK49M5","","","","","","09/12/25","09/17/25","09/12/25","9:01:27 AM EDT","","","","1447305946","","","","","USD","447594","000000447594","0","0","0","03/26/25","03/26/2025 07.17.17","A","Un-projected Actual","5829290930","","","","","","USD","USD","EQUITIES"
"465852","NYLI CLEAN OCEANS ETF","4658527100","NYLI CLEAN OCEANS ETF","","","","USD","UNITED STATES DOLLAR","ZAR","SOUTH AFRICAN RAND","10","BRU","09/12/25","PSS2503141268115","Y","","","","DV","DIVIDEND","RC","101","Dividend","PSS #: 2503141268115  UNITS/QNTY: 3,478.0000","SEDOL #: B06KZ97  ISIN #: ZAE000063863  EVENT ID: 1560845705","DESC : WOOLWORTHS HOLDINGS LT DIV SRC RATE:     1.0700000000","EX DT: 25MAR26  RECORD DT: 25MAR28  PAY DT: 25MAR31","CCY: ZAR  GRSS: 3,721.4600         WTH: 744.2900","AMOR BAL: 0.0000          PRFC: 0.0000      CUFC: 0.0000","03/26/25","03/31/25","","03/28/25","","","3478.000000","1.07","","2977.17","3721.460000","-744.290000","","0.000000","2977.17","6699.670000","0.000000","170.890000","384.570000","","","","","","","WOOLWORTHS HOLDINGS LTD/SOUTH A NPV","WOOLWORTHS HOLDINGS LTD/SOUTH A NPV","","","","","0.057401","S98758121","WHL SJ","ZAE000063863","B06KZ97","002053045","","","","","09/12/25","09/17/25","09/12/25","9:01:27 AM EDT","","","","1560845705","","","","","ZAR","465852","000000465852","0","0","0","03/17/25","03/31/2025 20.25.07","C","Contractual Cash","5829291074","","","","","","ZAR","ZAR","EQUITIES"
"465852","NYLI CLEAN OCEANS ETF","4658527100","NYLI CLEAN OCEANS ETF","","","","USD","UNITED STATES DOLLAR","ZAR","SOUTH AFRICAN RAND","10","BRU","09/12/25","PSS2403041582204","Y","","","","DV","DIVIDEND","RC","101","Dividend","PSS #: 2403041582204  UNITS/QNTY: 3,144.0000","SEDOL #: B06KZ97  ISIN #: ZAE000063863  EVENT ID: 1437628993","DESC : WOOLWORTHS HOLDINGS LT DIV SRC RATE:     1.4800000000","EX DT: 24MAR14  RECORD DT: 24MAR18  PAY DT: 24MAR19","CCY: ZAR  GRSS: 4,653.1200         WTH: 930.6200","AMOR BAL: 0.0000          PRFC: 0.0000      CUFC: 0.0000","03/14/24","03/19/24","","03/18/24","","","3144.000000","1.48","","3722.50","4653.120000","-930.620000","","0.000000","3722.50","6699.670000","0.000000","213.680000","384.570000","","","","","","","WOOLWORTHS HOLDINGS LTD/SOUTH A NPV","WOOLWORTHS HOLDINGS LTD/SOUTH A NPV","","","","","0.057401","S98758121","WHL SJ","ZAE000063863","B06KZ97","002053045","","","","","09/12/25","09/17/25","09/12/25","9:01:27 AM EDT","","","","1437628993","","","","","ZAR","465852","000000465852","0","0","0","03/05/24","03/19/2024 20.17.30","C","Contractual Cash","5829291074","","","","","","ZAR","ZAR","EQUITIES"
"240413","NYLI CANDRIAM ESG US MID CAP ETF","2404138400","NYLI CANDRIAM ESG US MID CAP ETF","","","","USD","UNITED STATES DOLLAR","USD","UNITED STATES DOLLAR","31","NYG","09/12/25","PSS2509124073177","N","","","","CA","CORPORATE ACTION","RC","230","Cash in Lieu of Fractional Shares","PSS2509124073177   EVT: 1568275538   ACT #: 0000000240413","UNIT/QNTY: 0.4000","SEDOL #: BVY4KF9  ISIN #: US5494982029 CINL:   19.2938000000","DESC : LUCID GROUP INC USD 0.0001","EX DT:          RECORD DT:          PAY DT:","EFF DT: 25SEP02 END DT:         CUSIP:549498202","09/02/25","09/12/25","","","09/12/25","09/12/25","2494.000000","0.003095429","","7.72","7.720000","","","33430.680000","7.72","33438.400000","33430.680000","7.720000","33438.400000","","","","","","","LUCID GROUP INC USD 0.0001","LUCID GROUP INC USD 0.0001","","","","","1.000000","549498103","LCID US","US5494981039","BP0TR77","112781366","","","","","09/12/25","09/17/25","09/12/25","9:01:27 AM EDT","","","","1568275538","","","","","","240413","000000240413","0","0","0","09/12/25","09/12/2025 08.16.25","A","Un-projected Actual","5829291121","","","","","","USD","USD","EQUITIES"
"447594","NYLI 50 PCT HEDGED FTSE INTL ETF","4475949780","NYLI 50 PCT HEDGED FTSE INTL ETF","","","","USD","UNITED STATES DOLLAR","EUR","EURO","10","BRU","09/12/25","PSS2402150010751","Y","","","","CA","CORPORATE ACTION","XDC","998","PSS Reversal","PSS2402140005305","UNIT/QNTY: 0.9090","SEDOL #: BMWC6P4  ISIN #: GB00BMWC6P49 CINL:   14.6200000000","DESC : MONDI PLC ORD EUR0.20","EX DT:          RECORD DT: 24JAN26  PAY DT:","EFF DT: 24JAN29 END DT:         CUSIP:G6258S115","01/29/24","02/14/24","","","","","14048.000000","0.0009460421","","-13.29","-13.290000","","","-30943.790000","-13.29","-28328.930000","-36290.880000","-15.590000","-33224.170000","","","","","","","MONDI PLC ORD EUR0.20","MONDI PLC/WI","","","","","1.172800","MM0052P19","MNDI BQ","GB00B1CRLC47","B1CRLC4","002686457","","","","","09/12/25","09/17/25","09/12/25","9:01:27 AM EDT","","","","1335083714","","","","","","447594","000000447594","0","0","0","02/15/24","02/15/2024 17.55.57","A","Un-projected Actual","5829290930","","","","","","EUR","EUR","EQUITIES"
"478995","NYLI 500 INTERNATIONAL ETF","4789959780","NYLI 500 INTERNATIONAL ETF","","","","USD","UNITED STATES DOLLAR","EUR","EURO","10","BRU","09/12/25","PSS2402150010800","Y","","","","CA","CORPORATE ACTION","XDC","998","PSS Reversal","PSS2402140005308","UNIT/QNTY: 0.8180","SEDOL #: BMWC6P4  ISIN #: GB00BMWC6P49 CINL:   14.6200000000","DESC : MONDI PLC ORD EUR0.20","EX DT:          RECORD DT: 24JAN26  PAY DT:","EFF DT: 24JAN29 END DT:         CUSIP:G6258S115","01/29/24","02/14/24","","","","","10474.000000","0.0011418751","","-11.96","-11.960000","","","396.670000","-11.96","63.230000","465.210000","-14.030000","74.160000","","","","","","","MONDI PLC ORD EUR0.20","MONDI PLC/WI","","","","","1.172800","MM0052P19","MNDI BQ","GB00B1CRLC47","B1CRLC4","002686457","","","","","09/12/25","09/17/25","09/12/25","9:01:27 AM EDT","","","","1335083714","","","","","","478995","000000478995","0","0","0","02/15/24","02/15/2024 17.55.57","A","Un-projected Actual","5829291038","","","","","","EUR","EUR","EQUITIES"
"212156","NYLI MERGER ARBITRAGE ETF","2121568400","NYLI MERGER ARBITRAGE ETF","","","","USD","UNITED STATES DOLLAR","USD","UNITED STATES DOLLAR","31","NYG","09/12/25","2027658591101001-31","212156RD1002985","","","","CW","CASH WITHDRAW","D","050","DEBIT","212156ORD1002985TRANS FEE","","","","","","","09/12/25","","","09/12/25","09/12/25","","0","","","","","","-1439720.890000","-500.00","11828945.180000","-1439720.890000","-500.000000","11828945.180000","","","","","","","","","","","","","1.000000","","","","","","","","","","09/12/25","09/17/25","09/12/25","9:01:27 AM EDT","","","","","","","","","","","","0","0","0","09/12/25","09/12/2025 08.03.46","","","5829290091","","","","","","","",""
"212156","NYLI MERGER ARBITRAGE ETF","2121568400","NYLI MERGER ARBITRAGE ETF","","","","USD","UNITED STATES DOLLAR","USD","UNITED STATES DOLLAR","31","NYG","09/12/25","4000404201901002-31","","","","","CW","CASH WITHDRAW","D","050","DEBIT","NROB/SS-MAN","ISIN:US0126531013","ISIN:US7744151033","DESC:ROCKWOOD HLDGS INC","CASH AND STOCK MERGER @50.65","","","01/16/15","","","","","","0","","","","","","-1439720.890000","-632415.90","11828945.180000","-1439720.890000","-632415.900000","11828945.180000","","","","","","","","","","","","","1.000000","","","","","","","","","","09/12/25","09/17/25","09/12/25","9:01:27 AM EDT","","","","","","","","","","","","0","0","0","01/16/15","01/16/2015 21.09.37","","","5829290091","","","","","","","",""
"139473","NYLI CANDRIAM ESG INTL EQUITY ETF","1394739780","NYLI CANDRIAM ESG INTL EQUITY ETF","","","","USD","UNITED STATES DOLLAR","EUR","EURO","10","BRU","09/12/25","PSS2503171487917","Y","","","","CD","CASH DEPOSIT","RC","352","Refund Foreign Withholding Tax","PSS #: 2503171487917  UNITS/QNTY: 625.0000","SEDOL #: 5253973  ISIN #: FR0000052292  EVENT ID: 1561593342","DESC : HERMES INTERNATIONAL S DIV SRC RATE:     0.0047300000","EX DT: 25FEB17  RECORD DT: 25FEB18  PAY DT: 25FEB19","CCY: EUR  GRSS: 2.9600             WTH: 0.7400","AMOR BAL: 0.0000          PRFC: 0.0000      CUFC: 0.0000","02/17/25","02/19/25","","02/18/25","","","625.000000","0.00473","","2.22","2.960000","-0.740000","","-3706.950000","2.22","-3157.860000","-4347.510000","2.600000","-3703.540000","","","","","","","HERMES INTERNATIONAL SCA NPV","HERMES INTERNATIONAL SCA NPV","","","","","1.172800","F48051100","RMS FP","FR0000052292","5253973","000086689","005229","","","","09/12/25","09/17/25","09/12/25","9:01:27 AM EDT","","","","1561593342","","","","","EUR","139473","000000139473","0","0","0","03/17/25","03/17/2025 09.24.05","C","Contractual Cash","5829291047","","","","","","EUR","EUR","EQUITIES"
"139473","NYLI CANDRIAM ESG INTL EQUITY ETF","1394739780","NYLI CANDRIAM ESG INTL EQUITY ETF","","","","USD","UNITED STATES DOLLAR","EUR","EURO","10","BRU","09/12/25","PSS2410111172401","Y","","","","CD","CASH DEPOSIT","RC","352","Refund Foreign Withholding Tax","PSS #: 2410111172401  UNITS/QNTY: 497.0000","SEDOL #: 5253973  ISIN #: FR0000052292  EVENT ID: 1446350320","DESC : HERMES INTERNATIONAL S DIV SRC RATE:     0.0111370000","EX DT: 24MAY02  RECORD DT: 24MAY03  PAY DT: 24MAY06","CCY: EUR  GRSS: 5.5400             WTH: 1.3800","AMOR BAL: 0.0000          PRFC: 0.0000      CUFC: 0.0000","05/02/24","05/06/24","","05/03/24","","","497.000000","0.011137","","4.16","5.540000","-1.380000","","-3706.950000","4.16","-3157.860000","-4347.510000","4.880000","-3703.540000","","","","","","","HERMES INTERNATIONAL SCA NPV","HERMES INTERNATIONAL SCA NPV","","","","","1.172800","F48051100","RMS FP","FR0000052292","5253973","000086689","005229","","","","09/12/25","09/17/25","09/12/25","9:01:27 AM EDT","","","","1446350320","","","","","EUR","139473","000000139473","0","0","0","10/11/24","10/11/2024 11.23.50","C","Contractual Cash","5829291047","","","","","","EUR","EUR","EQUITIES"
"139473","NYLI CANDRIAM ESG INTL EQUITY ETF","1394739780","NYLI CANDRIAM ESG INTL EQUITY ETF","","","","USD","UNITED STATES DOLLAR","EUR","EURO","10","BRU","09/12/25","PSS2506031166925","Y","","","","CD","CASH DEPOSIT","RC","352","Refund Foreign Withholding Tax","PSS #: 2506031166925  UNITS/QNTY: 591.0000","SEDOL #: 5253973  ISIN #: FR0000052292  EVENT ID: 1565231343","DESC : HERMES INTERNATIONAL S DIV SRC RATE:     0.0168930000","EX DT: 25MAY05  RECORD DT: 25MAY06  PAY DT: 25MAY07","CCY: EUR  GRSS: 9.9800             WTH: 2.5000","AMOR BAL: 0.0000          PRFC: 0.0000      CUFC: 0.0000","05/05/25","05/07/25","","05/06/25","","","591.000000","0.016893","","7.48","9.980000","-2.500000","","-3706.950000","7.48","-3157.860000","-4347.510000","8.770000","-3703.540000","","","","","","","HERMES INTERNATIONAL SCA NPV","HERMES INTERNATIONAL SCA NPV","","","","","1.172800","F48051100","RMS FP","FR0000052292","5253973","000086689","005229","","","","09/12/25","09/17/25","09/12/25","9:01:27 AM EDT","","","","1565231343","","","","","EUR","139473","000000139473","0","0","0","06/03/25","06/03/2025 08.37.36","C","Contractual Cash","5829291047","","","","","","EUR","EUR","EQUITIES"
"139473","NYLI CANDRIAM ESG INTL EQUITY ETF","1394739780","NYLI CANDRIAM ESG INTL EQUITY ETF","","","","USD","UNITED STATES DOLLAR","EUR","EURO","10","BRU","09/12/25","PSS2506031165309","Y","","","","CD","CASH DEPOSIT","RC","352","Refund Foreign Withholding Tax","PSS #: 2506031165309  UNITS/QNTY: 591.0000","SEDOL #: 5253973  ISIN #: FR0000052292  EVENT ID: 1565231251","DESC : HERMES INTERNATIONAL S DIV SRC RATE:     0.0135140000","EX DT: 25MAY05  RECORD DT: 25MAY06  PAY DT: 25MAY07","CCY: EUR  GRSS: 7.9900             WTH: 2.0000","AMOR BAL: 0.0000          PRFC: 0.0000      CUFC: 0.0000","05/05/25","05/07/25","","05/06/25","","","591.000000","0.013514","","5.99","7.990000","-2.000000","","-3706.950000","5.99","-3157.860000","-4347.510000","7.030000","-3703.540000","","","","","","","HERMES INTERNATIONAL SCA NPV","HERMES INTERNATIONAL SCA NPV","","","","","1.172800","F48051100","RMS FP","FR0000052292","5253973","000086689","005229","","","","09/12/25","09/17/25","09/12/25","9:01:27 AM EDT","","","","1565231251","","","","","EUR","139473","000000139473","0","0","0","06/03/25","06/03/2025 08.36.23","C","Contractual Cash","5829291047","","","","","","EUR","EUR","EQUITIES"
"139473","NYLI CANDRIAM ESG INTL EQUITY ETF","1394739780","NYLI CANDRIAM ESG INTL EQUITY ETF","","","","USD","UNITED STATES DOLLAR","EUR","EURO","10","BRU","09/12/25","PSS2501151110572","Y","","","","CD","CASH DEPOSIT","RC","352","Refund Foreign Withholding Tax","PSS #: 2501151110572  UNITS/QNTY: 497.0000","SEDOL #: 5253973  ISIN #: FR0000052292  EVENT ID: 1554588897","DESC : HERMES INTERNATIONAL S DIV SRC RATE:     0.0096840000","EX DT: 24MAY02  RECORD DT: 24MAY03  PAY DT: 24MAY06","CCY: EUR  GRSS: 4.8100             WTH: 1.2000","AMOR BAL: 0.0000          PRFC: 0.0000      CUFC: 0.0000","05/02/24","05/06/24","","05/03/24","","","497.000000","0.009684","","3.61","4.810000","-1.200000","","-3706.950000","3.61","-3157.860000","-4347.510000","4.230000","-3703.540000","","","","","","","HERMES INTERNATIONAL SCA NPV","HERMES INTERNATIONAL SCA NPV","","","","","1.172800","F48051100","RMS FP","FR0000052292","5253973","000086689","005229","","","","09/12/25","09/17/25","09/12/25","9:01:27 AM EDT","","","","1554588897","","","","","EUR","139473","000000139473","0","0","0","01/15/25","01/15/2025 04.41.27","C","Contractual Cash","5829291047","","","","","","EUR","EUR","EQUITIES"
"139473","NYLI CANDRIAM ESG INTL EQUITY ETF","1394739780","NYLI CANDRIAM ESG INTL EQUITY ETF","","","","USD","UNITED STATES DOLLAR","EUR","EURO","10","BRU","09/12/25","PSS2506021606493","Y","","","","CD","CASH DEPOSIT","RC","352","Refund Foreign Withholding Tax","PSS #: 2506021606493  UNITS/QNTY: 4,077.0000","SEDOL #: 4057808  ISIN #: FR0000120321  EVENT ID: 1565227453","DESC : LOREAL SA EUR 0.2      DIV SRC RATE:     0.1187700000","EX DT: 25MAY05  RECORD DT: 25MAY06  PAY DT: 25MAY07","CCY: EUR  GRSS: 484.2300           WTH: 121.0600","AMOR BAL: 0.0000          PRFC: 0.0000      CUFC: 0.0000","05/05/25","05/07/25","","05/06/25","","","4077.000000","0.11877","","363.17","484.230000","-121.060000","","-3706.950000","363.17","-3157.860000","-4347.510000","425.930000","-3703.540000","","","","","","","LOREAL SA EUR 0.2","LOREAL SA EUR 0.2","","","","","1.172800","F58149133","OR FP","FR0000120321","4057808","000502805","012032","","","","09/12/25","09/17/25","09/12/25","9:01:27 AM EDT","","","","1565227453","","","","","EUR","139473","000000139473","0","0","0","06/02/25","06/02/2025 17.55.05","C","Contractual Cash","5829291047","","","","","","EUR","EUR","EQUITIES"
"139473","NYLI CANDRIAM ESG INTL EQUITY ETF","1394739780","NYLI CANDRIAM ESG INTL EQUITY ETF","","","","USD","UNITED STATES DOLLAR","EUR","EURO","10","BRU","09/12/25","PSS2410221208353","Y","","","","CD","CASH DEPOSIT","RC","352","Refund Foreign Withholding Tax","PSS #: 2410221208353  UNITS/QNTY: 16,985.0000","SEDOL #: 5671735  ISIN #: FR0000120578  EVENT ID: 1446855298","DESC : SANOFI                 DIV SRC RATE:     0.0020130000","EX DT: 24MAY13  RECORD DT: 24MAY14  PAY DT: 24MAY15","CCY: EUR  GRSS: 34.1900            WTH: 8.5500","AMOR BAL: 0.0000          PRFC: 0.0000      CUFC: 0.0000","05/13/24","05/15/24","","05/14/24","","","16985.000000","0.002013","","25.64","34.190000","-8.550000","","-3706.950000","25.64","-3157.860000","-4347.510000","30.070000","-3703.540000","","","","","","","SANOFI","SANOFI","","","","","1.172800","F5548N101","SAN FP","FR0000120578","5671735","000699381","012057","","","","09/12/25","09/17/25","09/12/25","9:01:27 AM EDT","","","","1446855298","","","","","EUR","139473","000000139473","0","0","0","10/22/24","10/22/2024 15.30.10","C","Contractual Cash","5829291047","","","","","","EUR","EUR","EQUITIES"
"139473","NYLI CANDRIAM ESG INTL EQUITY ETF","1394739780","NYLI CANDRIAM ESG INTL EQUITY ETF","","","","USD","UNITED STATES DOLLAR","EUR","EURO","10","BRU","09/12/25","PSS2507021190337","Y","","","","CD","CASH DEPOSIT","RC","352","Refund Foreign Withholding Tax","PSS #: 2507021190337  UNITS/QNTY: 2,690.0000","SEDOL #: 4163437  ISIN #: FR0000125338  EVENT ID: 1566864664","DESC : CAPGEMINI SE           DIV SRC RATE:     0.0545250000","EX DT: 25MAY20  RECORD DT: 25MAY21  PAY DT: 25MAY22","CCY: EUR  GRSS: 146.6700           WTH: 22.0000","AMOR BAL: 0.0000          PRFC: 0.0000      CUFC: 0.0000","05/20/25","05/22/25","","05/21/25","","","2690.000000","0.054525","","124.67","146.670000","-22.000000","","-3706.950000","124.67","-3157.860000","-4347.510000","146.210000","-3703.540000","","","","","","","CAPGEMINI SE","CAPGEMINI SE","","","","","1.172800","F4973Q101","CAP FP","FR0000125338","4163437","000488070","012533","","","","09/12/25","09/17/25","09/12/25","9:01:27 AM EDT","","","","1566864664","","","","","EUR","139473","000000139473","0","0","0","07/02/25","07/02/2025 14.21.21","C","Contractual Cash","5829291047","","","","","","EUR","EUR","EQUITIES"
"139473","NYLI CANDRIAM ESG INTL EQUITY ETF","1394739780","NYLI CANDRIAM ESG INTL EQUITY ETF","","","","USD","UNITED STATES DOLLAR","EUR","EURO","10","BRU","09/12/25","PSS2503061171210","Y","","","","CD","CASH DEPOSIT","RC","352","Refund Foreign Withholding Tax","PSS #: 2503061171210  UNITS/QNTY: 2,372.0000","SEDOL #: 4163437  ISIN #: FR0000125338  EVENT ID: 1560851585","DESC : CAPGEMINI SE           DIV SRC RATE:     0.0068300000","EX DT: 24MAY29  RECORD DT: 24MAY30  PAY DT: 24MAY31","CCY: EUR  GRSS: 16.2000            WTH: 4.0500","AMOR BAL: 0.0000          PRFC: 0.0000      CUFC: 0.0000","05/29/24","05/31/24","","05/30/24","","","2372.000000","0.00683","","12.15","16.200000","-4.050000","","-3706.950000","12.15","-3157.860000","-4347.510000","14.250000","-3703.540000","","","","","","","CAPGEMINI SE","CAPGEMINI SE","","","","","1.172800","F4973Q101","CAP FP","FR0000125338","4163437","000488070","012533","","","","09/12/25","09/17/25","09/12/25","9:01:27 AM EDT","","","","1560851585","","","","","EUR","139473","000000139473","0","0","0","03/06/25","03/06/2025 10.43.24","C","Contractual Cash","5829291047","","","","","","EUR","EUR","EQUITIES"
"156481","NYLI HEALTHY HEARTS ETF","1564819780","NYLI HEALTHY HEARTS ETF","","","","USD","UNITED STATES DOLLAR","EUR","EURO","10","BRU","09/12/25","PSS2507011217232","Y","","","","CD","CASH DEPOSIT","RC","352","Refund Foreign Withholding Tax","PSS #: 2507011217232  UNITS/QNTY: 4,492.0000","SEDOL #: 5671735  ISIN #: FR0000120578  EVENT ID: 1566855702","DESC : SANOFI                 DIV SRC RATE:     0.0050970000","EX DT: 25MAY12  RECORD DT: 25MAY13  PAY DT: 25MAY14","CCY: EUR  GRSS: 22.9000            WTH: 5.7200","AMOR BAL: 0.0000          PRFC: 0.0000      CUFC: 0.0000","05/12/25","05/14/25","","05/13/25","","","4492.000000","0.005097","","17.18","22.900000","-5.720000","","-0.440000","17.18","21.370000","-0.520000","20.150000","25.060000","","","","","","","SANOFI","SANOFI","","","","","1.172800","F5548N101","SAN FP","FR0000120578","5671735","000699381","012057","","","","09/12/25","09/17/25","09/12/25","9:01:27 AM EDT","","","","1566855702","","","","","EUR","156481","000000156481","0","0","0","07/01/25","07/01/2025 14.08.36","C","Contractual Cash","5829291059","","","","","","EUR","EUR","EQUITIES"
"156481","NYLI HEALTHY HEARTS ETF","1564819780","NYLI HEALTHY HEARTS ETF","","","","USD","UNITED STATES DOLLAR","EUR","EURO","10","BRU","09/12/25","PSS2410221207549","Y","","","","CD","CASH DEPOSIT","RC","352","Refund Foreign Withholding Tax","PSS #: 2410221207549  UNITS/QNTY: 2,709.0000","SEDOL #: 5671735  ISIN #: FR0000120578  EVENT ID: 1446855298","DESC : SANOFI                 DIV SRC RATE:     0.0020130000","EX DT: 24MAY13  RECORD DT: 24MAY14  PAY DT: 24MAY15","CCY: EUR  GRSS: 5.4500             WTH: 0.8200","AMOR BAL: 0.0000          PRFC: 0.0000      CUFC: 0.0000","05/13/24","05/15/24","","05/14/24","","","2709.000000","0.002013","","4.63","5.450000","-0.820000","","-0.440000","4.63","21.370000","-0.520000","5.430000","25.060000","","","","","","","SANOFI","SANOFI","","","","","1.172800","F5548N101","SAN FP","FR0000120578","5671735","000699381","012057","","","","09/12/25","09/17/25","09/12/25","9:01:27 AM EDT","","","","1446855298","","","","","EUR","156481","000000156481","0","0","0","10/22/24","10/22/2024 15.29.59","C","Contractual Cash","5829291059","","","","","","EUR","EUR","EQUITIES"
"222963","NYLI GLOBAL EQUITY RD LEADERS ETF","2229639780","NYLI GLOBAL EQUITY RD LEADERS ETF","","","","USD","UNITED STATES DOLLAR","EUR","EURO","10","BRU","09/12/25","PSS2506021606604","Y","","","","CD","CASH DEPOSIT","RC","352","Refund Foreign Withholding Tax","PSS #: 2506021606604  UNITS/QNTY: 32.0000","SEDOL #: 4057808  ISIN #: FR0000120321  EVENT ID: 1565227453","DESC : LOREAL SA EUR 0.2      DIV SRC RATE:     0.1187700000","EX DT: 25MAY05  RECORD DT: 25MAY06  PAY DT: 25MAY07","CCY: EUR  GRSS: 3.8000             WTH: 0.9500","AMOR BAL: 0.0000          PRFC: 0.0000      CUFC: 0.0000","05/05/25","05/07/25","","05/06/25","","","32.000000","0.11877","","2.85","3.800000","-0.950000","","0.000000","2.85","6.120000","0.000000","3.340000","7.180000","","","","","","","LOREAL SA EUR 0.2","LOREAL SA EUR 0.2","","","","","1.172800","F58149133","OR FP","FR0000120321","4057808","000502805","012032","","","","09/12/25","09/17/25","09/12/25","9:01:27 AM EDT","","","","1565227453","","","","","EUR","222963","000000222963","0","0","0","06/02/25","06/02/2025 17.55.06","C","Contractual Cash","5829291091","","","","","","EUR","EUR","EQUITIES"
"222963","NYLI GLOBAL EQUITY RD LEADERS ETF","2229639780","NYLI GLOBAL EQUITY RD LEADERS ETF","","","","USD","UNITED STATES DOLLAR","EUR","EURO","10","BRU","09/12/25","PSS2507011217266","Y","","","","CD","CASH DEPOSIT","RC","352","Refund Foreign Withholding Tax","PSS #: 2507011217266  UNITS/QNTY: 589.0000","SEDOL #: 5671735  ISIN #: FR0000120578  EVENT ID: 1566855702","DESC : SANOFI                 DIV SRC RATE:     0.0050970000","EX DT: 25MAY12  RECORD DT: 25MAY13  PAY DT: 25MAY14","CCY: EUR  GRSS: 3.0000             WTH: 0.7500","AMOR BAL: 0.0000          PRFC: 0.0000      CUFC: 0.0000","05/12/25","05/14/25","","05/13/25","","","589.000000","0.005097","","2.25","3.000000","-0.750000","","0.000000","2.25","6.120000","0.000000","2.640000","7.180000","","","","","","","SANOFI","SANOFI","","","","","1.172800","F5548N101","SAN FP","FR0000120578","5671735","000699381","012057","","","","09/12/25","09/17/25","09/12/25","9:01:27 AM EDT","","","","1566855702","","","","","EUR","222963","000000222963","0","0","0","07/01/25","07/01/2025 14.08.37","C","Contractual Cash","5829291091","","","","","","EUR","EUR","EQUITIES"
"222963","NYLI GLOBAL EQUITY RD LEADERS ETF","2229639780","NYLI GLOBAL EQUITY RD LEADERS ETF","","","","USD","UNITED STATES DOLLAR","EUR","EURO","10","BRU","09/12/25","PSS2410221207557","Y","","","","CD","CASH DEPOSIT","RC","352","Refund Foreign Withholding Tax","PSS #: 2410221207557  UNITS/QNTY: 598.0000","SEDOL #: 5671735  ISIN #: FR0000120578  EVENT ID: 1446855298","DESC : SANOFI                 DIV SRC RATE:     0.0020130000","EX DT: 24MAY13  RECORD DT: 24MAY14  PAY DT: 24MAY15","CCY: EUR  GRSS: 1.2000             WTH: 0.1800","AMOR BAL: 0.0000          PRFC: 0.0000      CUFC: 0.0000","05/13/24","05/15/24","","05/14/24","","","598.000000","0.002013","","1.02","1.200000","-0.180000","","0.000000","1.02","6.120000","0.000000","1.200000","7.180000","","","","","","","SANOFI","SANOFI","","","","","1.172800","F5548N101","SAN FP","FR0000120578","5671735","000699381","012057","","","","09/12/25","09/17/25","09/12/25","9:01:27 AM EDT","","","","1446855298","","","","","EUR","222963","000000222963","0","0","0","10/22/24","10/22/2024 15.29.59","C","Contractual Cash","5829291091","","","","","","EUR","EUR","EQUITIES"
"447594","NYLI 50 PCT HEDGED FTSE INTL ETF","4475949780","NYLI 50 PCT HEDGED FTSE INTL ETF","","","","USD","UNITED STATES DOLLAR","EUR","EURO","10","BRU","09/12/25","PSS2506031167311","Y","","","","CD","CASH DEPOSIT","RC","352","Refund Foreign Withholding Tax","PSS #: 2506031167311  UNITS/QNTY: 1,652.0000","SEDOL #: 5253973  ISIN #: FR0000052292  EVENT ID: 1565231343","DESC : HERMES INTERNATIONAL S DIV SRC RATE:     0.0168930000","EX DT: 25MAY05  RECORD DT: 25MAY06  PAY DT: 25MAY07","CCY: EUR  GRSS: 27.9100            WTH: 6.9800","AMOR BAL: 0.0000          PRFC: 0.0000      CUFC: 0.0000","05/05/25","05/07/25","","05/06/25","","","1652.000000","0.016893","","20.93","27.910000","-6.980000","","-30943.790000","20.93","-28328.930000","-36290.880000","24.550000","-33224.170000","","","","","","","HERMES INTERNATIONAL SCA NPV","HERMES INTERNATIONAL SCA NPV","","","","","1.172800","F48051100","RMS FP","FR0000052292","5253973","000086689","005229","","","","09/12/25","09/17/25","09/12/25","9:01:27 AM EDT","","","","1565231343","","","","","EUR","447594","000000447594","0","0","0","06/03/25","06/03/2025 08.37.39","C","Contractual Cash","5829290930","","","","","","EUR","EUR","EQUITIES"
"447594","NYLI 50 PCT HEDGED FTSE INTL ETF","4475949780","NYLI 50 PCT HEDGED FTSE INTL ETF","","","","USD","UNITED STATES DOLLAR","EUR","EURO","10","BRU","09/12/25","PSS2503171488381","Y","","","","CD","CASH DEPOSIT","RC","352","Refund Foreign Withholding Tax","PSS #: 2503171488381  UNITS/QNTY: 1,724.0000","SEDOL #: 5253973  ISIN #: FR0000052292  EVENT ID: 1561593342","DESC : HERMES INTERNATIONAL S DIV SRC RATE:     0.0047300000","EX DT: 25FEB17  RECORD DT: 25FEB18  PAY DT: 25FEB19","CCY: EUR  GRSS: 8.1500             WTH: 1.2200","AMOR BAL: 0.0000          PRFC: 0.0000      CUFC: 0.0000","02/17/25","02/19/25","","02/18/25","","","1724.000000","0.00473","","6.93","8.150000","-1.220000","","-30943.790000","6.93","-28328.930000","-36290.880000","8.130000","-33224.170000","","","","","","","HERMES INTERNATIONAL SCA NPV","HERMES INTERNATIONAL SCA NPV","","","","","1.172800","F48051100","RMS FP","FR0000052292","5253973","000086689","005229","","","","09/12/25","09/17/25","09/12/25","9:01:27 AM EDT","","","","1561593342","","","","","EUR","447594","000000447594","0","0","0","03/17/25","03/17/2025 09.24.41","C","Contractual Cash","5829290930","","","","","","EUR","EUR","EQUITIES"
"447594","NYLI 50 PCT HEDGED FTSE INTL ETF","4475949780","NYLI 50 PCT HEDGED FTSE INTL ETF","","","","USD","UNITED STATES DOLLAR","EUR","EURO","10","BRU","09/12/25","PSS2501151110950","Y","","","","CD","CASH DEPOSIT","RC","352","Refund Foreign Withholding Tax","PSS #: 2501151110950  UNITS/QNTY: 1,079.0000","SEDOL #: 5253973  ISIN #: FR0000052292  EVENT ID: 1554588897","DESC : HERMES INTERNATIONAL S DIV SRC RATE:     0.0096840000","EX DT: 24MAY02  RECORD DT: 24MAY03  PAY DT: 24MAY06","CCY: EUR  GRSS: 10.4500            WTH: 1.5700","AMOR BAL: 0.0000          PRFC: 0.0000      CUFC: 0.0000","05/02/24","05/06/24","","05/03/24","","","1079.000000","0.009684","","8.88","10.450000","-1.570000","","-30943.790000","8.88","-28328.930000","-36290.880000","10.410000","-33224.170000","","","","","","","HERMES INTERNATIONAL SCA NPV","HERMES INTERNATIONAL SCA NPV","","","","","1.172800","F48051100","RMS FP","FR0000052292","5253973","000086689","005229","","","","09/12/25","09/17/25","09/12/25","9:01:27 AM EDT","","","","1554588897","","","","","EUR","447594","000000447594","0","0","0","01/15/25","01/15/2025 04.41.30","C","Contractual Cash","5829290930","","","","","","EUR","EUR","EQUITIES"
"447594","NYLI 50 PCT HEDGED FTSE INTL ETF","4475949780","NYLI 50 PCT HEDGED FTSE INTL ETF","","","","USD","UNITED STATES DOLLAR","EUR","EURO","10","BRU","09/12/25","PSS2506031165550","Y","","","","CD","CASH DEPOSIT","RC","352","Refund Foreign Withholding Tax","PSS #: 2506031165550  UNITS/QNTY: 1,652.0000","SEDOL #: 5253973  ISIN #: FR0000052292  EVENT ID: 1565231251","DESC : HERMES INTERNATIONAL S DIV SRC RATE:     0.0135140000","EX DT: 25MAY05  RECORD DT: 25MAY06  PAY DT: 25MAY07","CCY: EUR  GRSS: 22.3300            WTH: 5.5800","AMOR BAL: 0.0000          PRFC: 0.0000      CUFC: 0.0000","05/05/25","05/07/25","","05/06/25","","","1652.000000","0.013514","","16.75","22.330000","-5.580000","","-30943.790000","16.75","-28328.930000","-36290.880000","19.640000","-33224.170000","","","","","","","HERMES INTERNATIONAL SCA NPV","HERMES INTERNATIONAL SCA NPV","","","","","1.172800","F48051100","RMS FP","FR0000052292","5253973","000086689","005229","","","","09/12/25","09/17/25","09/12/25","9:01:27 AM EDT","","","","1565231251","","","","","EUR","447594","000000447594","0","0","0","06/03/25","06/03/2025 08.36.24","C","Contractual Cash","5829290930","","","","","","EUR","EUR","EQUITIES"
"447594","NYLI 50 PCT HEDGED FTSE INTL ETF","4475949780","NYLI 50 PCT HEDGED FTSE INTL ETF","","","","USD","UNITED STATES DOLLAR","EUR","EURO","10","BRU","09/12/25","PSS2410111172959","Y","","","","CD","CASH DEPOSIT","RC","352","Refund Foreign Withholding Tax","PSS #: 2410111172959  UNITS/QNTY: 1,079.0000","SEDOL #: 5253973  ISIN #: FR0000052292  EVENT ID: 1446350320","DESC : HERMES INTERNATIONAL S DIV SRC RATE:     0.0111370000","EX DT: 24MAY02  RECORD DT: 24MAY03  PAY DT: 24MAY06","CCY: EUR  GRSS: 12.0200            WTH: 1.8000","AMOR BAL: 0.0000          PRFC: 0.0000      CUFC: 0.0000","05/02/24","05/06/24","","05/03/24","","","1079.000000","0.011137","","10.22","12.020000","-1.800000","","-30943.790000","10.22","-28328.930000","-36290.880000","11.990000","-33224.170000","","","","","","","HERMES INTERNATIONAL SCA NPV","HERMES INTERNATIONAL SCA NPV","","","","","1.172800","F48051100","RMS FP","FR0000052292","5253973","000086689","005229","","","","09/12/25","09/17/25","09/12/25","9:01:27 AM EDT","","","","1446350320","","","","","EUR","447594","000000447594","0","0","0","10/11/24","10/11/2024 11.23.54","C","Contractual Cash","5829290930","","","","","","EUR","EUR","EQUITIES"
"447594","NYLI 50 PCT HEDGED FTSE INTL ETF","4475949780","NYLI 50 PCT HEDGED FTSE INTL ETF","","","","USD","UNITED STATES DOLLAR","EUR","EURO","10","BRU","09/12/25","PSS2506021607461","Y","","","","CD","CASH DEPOSIT","RC","352","Refund Foreign Withholding Tax","PSS #: 2506021607461  UNITS/QNTY: 11,357.0000","SEDOL #: 4057808  ISIN #: FR0000120321  EVENT ID: 1565227453","DESC : LOREAL SA EUR 0.2      DIV SRC RATE:     0.1187700000","EX DT: 25MAY05  RECORD DT: 25MAY06  PAY DT: 25MAY07","CCY: EUR  GRSS: 1,348.8700         WTH: 337.2200","AMOR BAL: 0.0000          PRFC: 0.0000      CUFC: 0.0000","05/05/25","05/07/25","","05/06/25","","","11357.000000","0.11877","","1011.65","1348.870000","-337.220000","","-30943.790000","1011.65","-28328.930000","-36290.880000","1186.460000","-33224.170000","","","","","","","LOREAL SA EUR 0.2","LOREAL SA EUR 0.2","","","","","1.172800","F58149133","OR FP","FR0000120321","4057808","000502805","012032","","","","09/12/25","09/17/25","09/12/25","9:01:27 AM EDT","","","","1565227453","","","","","EUR","447594","000000447594","0","0","0","06/02/25","06/02/2025 17.55.23","C","Contractual Cash","5829290930","","","","","","EUR","EUR","EQUITIES"
"447594","NYLI 50 PCT HEDGED FTSE INTL ETF","4475949780","NYLI 50 PCT HEDGED FTSE INTL ETF","","","","USD","UNITED STATES DOLLAR","EUR","EURO","10","BRU","09/12/25","PSS2410221207808","Y","","","","CD","CASH DEPOSIT","RC","352","Refund Foreign Withholding Tax","PSS #: 2410221207808  UNITS/QNTY: 34,443.0000","SEDOL #: 5671735  ISIN #: FR0000120578  EVENT ID: 1446855298","DESC : SANOFI                 DIV SRC RATE:     0.0020130000","EX DT: 24MAY13  RECORD DT: 24MAY14  PAY DT: 24MAY15","CCY: EUR  GRSS: 69.3300            WTH: 10.4000","AMOR BAL: 0.0000          PRFC: 0.0000      CUFC: 0.0000","05/13/24","05/15/24","","05/14/24","","","34443.000000","0.002013","","58.93","69.330000","-10.400000","","-30943.790000","58.93","-28328.930000","-36290.880000","69.110000","-33224.170000","","","","","","","SANOFI","SANOFI","","","","","1.172800","F5548N101","SAN FP","FR0000120578","5671735","000699381","012057","","","","09/12/25","09/17/25","09/12/25","9:01:27 AM EDT","","","","1446855298","","","","","EUR","447594","000000447594","0","0","0","10/22/24","10/22/2024 15.30.02","C","Contractual Cash","5829290930","","","","","","EUR","EUR","EQUITIES"
"447594","NYLI 50 PCT HEDGED FTSE INTL ETF","4475949780","NYLI 50 PCT HEDGED FTSE INTL ETF","","","","USD","UNITED STATES DOLLAR","EUR","EURO","10","BRU","09/12/25","PSS2507011217625","Y","","","","CD","CASH DEPOSIT","RC","352","Refund Foreign Withholding Tax","PSS #: 2507011217625  UNITS/QNTY: 54,416.0000","SEDOL #: 5671735  ISIN #: FR0000120578  EVENT ID: 1566855702","DESC : SANOFI                 DIV SRC RATE:     0.0050970000","EX DT: 25MAY12  RECORD DT: 25MAY13  PAY DT: 25MAY14","CCY: EUR  GRSS: 277.3600           WTH: 41.6000","AMOR BAL: 0.0000          PRFC: 0.0000      CUFC: 0.0000","05/12/25","05/14/25","","05/13/25","","","54416.000000","0.005097","","235.76","277.360000","-41.600000","","-30943.790000","235.76","-28328.930000","-36290.880000","276.500000","-33224.170000","","","","","","","SANOFI","SANOFI","","","","","1.172800","F5548N101","SAN FP","FR0000120578","5671735","000699381","012057","","","","09/12/25","09/17/25","09/12/25","9:01:27 AM EDT","","","","1566855702","","","","","EUR","447594","000000447594","0","0","0","07/01/25","07/01/2025 14.08.42","C","Contractual Cash","5829290930","","","","","","EUR","EUR","EQUITIES"
"447594","NYLI 50 PCT HEDGED FTSE INTL ETF","4475949780","NYLI 50 PCT HEDGED FTSE INTL ETF","","","","USD","UNITED STATES DOLLAR","EUR","EURO","10","BRU","09/12/25","PSS2501281153817","Y","","","","CD","CASH DEPOSIT","RC","352","Refund Foreign Withholding Tax","PSS #: 2501281153817  UNITS/QNTY: 4,410.0000","SEDOL #: 7062713  ISIN #: FR0000121220  EVENT ID: 1558282545","DESC : SODEXO SA EUR 4.0      DIV SRC RATE:     0.0150000000","EX DT: 24DEC19  RECORD DT: 24DEC20  PAY DT: 24DEC23","CCY: EUR  GRSS: 66.1500            MFDV:56.2300","AMOR BAL: 0.0000          PRFC: 0.0000      CUFC: 0.0000","12/19/24","12/23/24","","12/20/24","","","4410.000000","0.015","","56.23","66.150000","-9.920000","","-30943.790000","56.23","-28328.930000","-36290.880000","65.950000","-33224.170000","","","","","","","SODEXO SA EUR 4.0","SODEXO SA EUR 4.0","","","","","1.172800","F84941123","SW FP","FR0000121220","7062713","000509031","012122","","","","09/12/25","09/17/25","09/12/25","9:01:27 AM EDT","","","","1558282545","","","","","EUR","447594","000000447594","0","0","0","01/28/25","01/28/2025 12.11.28","C","Contractual Cash","5829290930","","","","","","EUR","EUR","EQUITIES"
"447594","NYLI 50 PCT HEDGED FTSE INTL ETF","4475949780","NYLI 50 PCT HEDGED FTSE INTL ETF","","","","USD","UNITED STATES DOLLAR","EUR","EURO","10","BRU","09/12/25","PSS2501281153593","Y","","","","CD","CASH DEPOSIT","RC","352","Refund Foreign Withholding Tax","PSS #: 2501281153593  UNITS/QNTY: 268.0000","SEDOL #: 7062713  ISIN #: FR0000121220  EVENT ID: 1558282545","DESC : SODEXO SA EUR 4.0      DIV SRC RATE:     0.0150000000","EX DT: 24DEC19  RECORD DT: 24DEC20  PAY DT: 24DEC23","CCY: EUR  GRSS: 4.0200             WTH: 0.6000","AMOR BAL: 0.0000          PRFC: 0.0000      CUFC: 0.0000","12/19/24","12/23/24","","12/20/24","","","268.000000","0.015","","3.42","4.020000","-0.600000","","-30943.790000","3.42","-28328.930000","-36290.880000","4.010000","-33224.170000","","","","","","","SODEXO SA EUR 4.0","SODEXO SA EUR 4.0","","","","","1.172800","F84941123","SW FP","FR0000121220","7062713","000509031","012122","","","","09/12/25","09/17/25","09/12/25","9:01:27 AM EDT","","","","1558282545","","","","","EUR","447594","000000447594","0","0","0","01/28/25","01/28/2025 12.11.24","C","Contractual Cash","5829290930","","","","","","EUR","EUR","EQUITIES"
"447594","NYLI 50 PCT HEDGED FTSE INTL ETF","4475949780","NYLI 50 PCT HEDGED FTSE INTL ETF","","","","USD","UNITED STATES DOLLAR","EUR","EURO","10","BRU","09/12/25","PSS2507021190595","Y","","","","CD","CASH DEPOSIT","RC","352","Refund Foreign Withholding Tax","PSS #: 2507021190595  UNITS/QNTY: 8,151.0000","SEDOL #: 4163437  ISIN #: FR0000125338  EVENT ID: 1566864664","DESC : CAPGEMINI SE           DIV SRC RATE:     0.0545250000","EX DT: 25MAY20  RECORD DT: 25MAY21  PAY DT: 25MAY22","CCY: EUR  GRSS: 444.4300           WTH: 66.6600","AMOR BAL: 0.0000          PRFC: 0.0000      CUFC: 0.0000","05/20/25","05/22/25","","05/21/25","","","8151.000000","0.054525","","377.77","444.430000","-66.660000","","-30943.790000","377.77","-28328.930000","-36290.880000","443.050000","-33224.170000","","","","","","","CAPGEMINI SE","CAPGEMINI SE","","","","","1.172800","F4973Q101","CAP FP","FR0000125338","4163437","000488070","012533","","","","09/12/25","09/17/25","09/12/25","9:01:27 AM EDT","","","","1566864664","","","","","EUR","447594","000000447594","0","0","0","07/02/25","07/02/2025 14.21.28","C","Contractual Cash","5829290930","","","","","","EUR","EUR","EQUITIES"
"447594","NYLI 50 PCT HEDGED FTSE INTL ETF","4475949780","NYLI 50 PCT HEDGED FTSE INTL ETF","","","","USD","UNITED STATES DOLLAR","EUR","EURO","10","BRU","09/12/25","PSS2503061171404","Y","","","","CD","CASH DEPOSIT","RC","352","Refund Foreign Withholding Tax","PSS #: 2503061171404  UNITS/QNTY: 5,362.0000","SEDOL #: 4163437  ISIN #: FR0000125338  EVENT ID: 1560851585","DESC : CAPGEMINI SE           DIV SRC RATE:     0.0068300000","EX DT: 24MAY29  RECORD DT: 24MAY30  PAY DT: 24MAY31","CCY: EUR  GRSS: 36.6200            WTH: 5.4900","AMOR BAL: 0.0000          PRFC: 0.0000      CUFC: 0.0000","05/29/24","05/31/24","","05/30/24","","","5362.000000","0.00683","","31.13","36.620000","-5.490000","","-30943.790000","31.13","-28328.930000","-36290.880000","36.510000","-33224.170000","","","","","","","CAPGEMINI SE","CAPGEMINI SE","","","","","1.172800","F4973Q101","CAP FP","FR0000125338","4163437","000488070","012533","","","","09/12/25","09/17/25","09/12/25","9:01:27 AM EDT","","","","1560851585","","","","","EUR","447594","000000447594","0","0","0","03/06/25","03/06/2025 10.43.25","C","Contractual Cash","5829290930","","","","","","EUR","EUR","EQUITIES"
"447594","NYLI 50 PCT HEDGED FTSE INTL ETF","4475949780","NYLI 50 PCT HEDGED FTSE INTL ETF","","","","USD","UNITED STATES DOLLAR","EUR","EURO","10","BRU","09/12/25","PSS2503201154502","Y","","","","CD","CASH DEPOSIT","RC","352","Refund Foreign Withholding Tax","PSS #: 2503201154502  UNITS/QNTY: 21,892.0000","SEDOL #: 4834777  ISIN #: FR0000127771  EVENT ID: 1561669563","DESC : VIVENDI SE EUR 0.55    DIV SRC RATE:     0.0026200000","EX DT: 24APR30  RECORD DT: 24MAY02  PAY DT: 24MAY03","CCY: EUR  GRSS: 57.3600            WTH: 8.6000","AMOR BAL: 0.0000          PRFC: 0.0000      CUFC: 0.0000","04/30/24","05/03/24","","05/02/24","","","21892.000000","0.00262","","48.76","57.360000","-8.600000","","-30943.790000","48.76","-28328.930000","-36290.880000","57.190000","-33224.170000","","","","","","","VIVENDI SE EUR 0.55","VIVENDI SE EUR 0.55","","","","","1.172800","F97982106","VIV FP","FR0000127771","4834777","001165915","012777","","","","09/12/25","09/17/25","09/12/25","9:01:27 AM EDT","","","","1561669563","","","","","EUR","447594","000000447594","0","0","0","03/20/25","03/20/2025 12.24.17","C","Contractual Cash","5829290930","","","","","","EUR","EUR","EQUITIES"
"447594","NYLI 50 PCT HEDGED FTSE INTL ETF","4475949780","NYLI 50 PCT HEDGED FTSE INTL ETF","","","","USD","UNITED STATES DOLLAR","EUR","EURO","10","BRU","09/12/25","PSS2412191129851","Y","","","","CD","CASH DEPOSIT","RC","352","Refund Foreign Withholding Tax","PSS #: 2412191129851  UNITS/QNTY: 9,095.0000","SEDOL #: B62G1B5  ISIN #: FR0010908533  EVENT ID: 1449537666","DESC : EDENRED SE EUR 2.0     DIV SRC RATE:     0.0024000000","EX DT: 24JUN10  RECORD DT: 24JUN11  PAY DT: 24JUN12","CCY: EUR  GRSS: 21.8300            WTH: 3.2700","AMOR BAL: 0.0000          PRFC: 0.0000      CUFC: 0.0000","06/10/24","06/12/24","","06/11/24","","","9095.000000","0.0024","","18.56","21.830000","-3.270000","","-30943.790000","18.56","-28328.930000","-36290.880000","21.770000","-33224.170000","","","","","","","EDENRED SE EUR 2.0","EDENRED SE EUR 2.0","","","","","1.172800","F3192L109","EDEN FP","FR0010908533","B62G1B5","011438486","","","","","09/12/25","09/17/25","09/12/25","9:01:27 AM EDT","","","","1449537666","","","","","EUR","447594","000000447594","0","0","0","12/19/24","12/19/2024 07.05.08","C","Contractual Cash","5829290930","","","","","","EUR","EUR","EQUITIES"
"447594","NYLI 50 PCT HEDGED FTSE INTL ETF","4475949780","NYLI 50 PCT HEDGED FTSE INTL ETF","","","","USD","UNITED STATES DOLLAR","EUR","EURO","10","BRU","09/12/25","PSS2506261139378","Y","","","","CD","CASH DEPOSIT","RC","352","Refund Foreign Withholding Tax","PSS #: 2506261139378  UNITS/QNTY: 13,109.0000","SEDOL #: B62G1B5  ISIN #: FR0010908533  EVENT ID: 1566379450","DESC : EDENRED SE EUR 2.0     DIV SRC RATE:     0.0044000000","EX DT: 25JUN10  RECORD DT: 25JUN10  PAY DT: 25JUN12","CCY: EUR  GRSS: 57.6800            WTH: 8.6500","AMOR BAL: 0.0000          PRFC: 0.0000      CUFC: 0.0000","06/10/25","06/12/25","","06/10/25","","","13109.000000","0.0044","","49.03","57.680000","-8.650000","","-30943.790000","49.03","-28328.930000","-36290.880000","57.500000","-33224.170000","","","","","","","EDENRED SE EUR 2.0","EDENRED SE EUR 2.0","","","","","1.172800","F3192L109","EDEN FP","FR0010908533","B62G1B5","011438486","","","","","09/12/25","09/17/25","09/12/25","9:01:27 AM EDT","","","","1566379450","","","","","EUR","447594","000000447594","0","0","0","06/26/25","06/26/2025 07.48.20","C","Contractual Cash","5829290930","","","","","","EUR","EUR","EQUITIES"
"447594","NYLI 50 PCT HEDGED FTSE INTL ETF","4475949780","NYLI 50 PCT HEDGED FTSE INTL ETF","","","","USD","UNITED STATES DOLLAR","EUR","EURO","10","BRU","09/12/25","PSS2243460257585","","","","","CD","CASH DEPOSIT","RC","352","Refund Foreign Withholding Tax","PSS #: 2243460257585 UNITS/QNTY: 28,560.0000","SEDOL #: B01ZKD6  ISIN #: IE0001827041 SEQ#: 000","DESC : CRH PLC EUR 0.32","EX DT: 24NOV22  RECORD DT: 24NOV22  PAY DT: 24DEC18","EUR DIV GROSS:  9,533.1900       WTH: 2,383.3000","DIV SRC RATE: 0.2500         SRC RCLM RATE: 0.2500         C","11/22/24","09/11/25","","11/22/24","09/12/25","09/11/25","28560.000000","0.333795","","2383.30","9533.190000","-2383.300000","","-30943.790000","2383.30","-28328.930000","-36290.880000","2795.130000","-33224.170000","","","","","","","CRH PLC EUR 0.32","CRH PLC EUR 0.32","","","","","1.172800","G25508105","CRH US","IE0001827041","B01ZKD6","000558474","919388","","","","09/12/25","09/17/25","09/12/25","9:01:27 AM EDT","","","","1447718806","","","","","","447594","000000447594","0","0","0","09/12/25","09/12/2025 00.07.43","","","5829290930","","","","","","EUR","USD","EQUITIES"
"447594","NYLI 50 PCT HEDGED FTSE INTL ETF","4475949780","NYLI 50 PCT HEDGED FTSE INTL ETF","","","","USD","UNITED STATES DOLLAR","EUR","EURO","10","BRU","09/12/25","PSS2241009694272","","","","","CD","CASH DEPOSIT","RC","352","Refund Foreign Withholding Tax","PSS #: 2241009694272 UNITS/QNTY: 21,122.0000","SEDOL #: B01ZKD6  ISIN #: IE0001827041 SEQ#: 000","DESC : CRH PLC EUR 0.32","EX DT: 24MAR14  RECORD DT: 24MAR15  PAY DT: 24APR17","EUR DIV GROSS:  6,856.5200       WTH: 1,714.1300","DIV SRC RATE: 0.2500         SRC RCLM RATE: 0.2500         C","03/14/24","09/11/25","","03/15/24","09/12/25","09/11/25","21122.000000","0.3246150992","","1714.13","6856.520000","-1714.130000","","-30943.790000","1714.13","-28328.930000","-36290.880000","2010.330000","-33224.170000","","","","","","","CRH PLC EUR 0.32","CRH PLC EUR 0.32","","","","","1.172800","G25508105","CRH US","IE0001827041","B01ZKD6","000558474","919388","","","","09/12/25","09/17/25","09/12/25","9:01:27 AM EDT","","","","1437633873","","","","","","447594","000000447594","0","0","0","09/12/25","09/12/2025 00.07.43","","","5829290930","","","","","","EUR","USD","EQUITIES"
"447594","NYLI 50 PCT HEDGED FTSE INTL ETF","4475949780","NYLI 50 PCT HEDGED FTSE INTL ETF","","","","USD","UNITED STATES DOLLAR","EUR","EURO","10","BRU","09/12/25","PSS2241709919239","","","","","CD","CASH DEPOSIT","RC","352","Refund Foreign Withholding Tax","PSS #: 2241709919239 UNITS/QNTY: 20,598.0000","SEDOL #: B01ZKD6  ISIN #: IE0001827041 SEQ#: 000","DESC : CRH PLC EUR 0.32","EX DT: 24MAY23  RECORD DT: 24MAY24  PAY DT: 24JUN26","EUR DIV GROSS:  6,649.4200       WTH: 1,662.3500","DIV SRC RATE: 0.2500         SRC RCLM RATE: 0.2500         C","05/23/24","09/11/25","","05/24/24","09/12/25","09/11/25","20598.000000","0.3228186681","","1662.35","6649.420000","-1662.350000","","-30943.790000","1662.35","-28328.930000","-36290.880000","1949.600000","-33224.170000","","","","","","","CRH PLC EUR 0.32","CRH PLC EUR 0.32","","","","","1.172800","G25508105","CRH US","IE0001827041","B01ZKD6","000558474","919388","","","","09/12/25","09/17/25","09/12/25","9:01:27 AM EDT","","","","1440401276","","","","","","447594","000000447594","0","0","0","09/12/25","09/12/2025 00.07.43","","","5829290930","","","","","","EUR","USD","EQUITIES"
"447594","NYLI 50 PCT HEDGED FTSE INTL ETF","4475949780","NYLI 50 PCT HEDGED FTSE INTL ETF","","","","USD","UNITED STATES DOLLAR","EUR","EURO","10","BRU","09/12/25","PSS2242600084181","","","","","CD","CASH DEPOSIT","RC","352","Refund Foreign Withholding Tax","PSS #: 2242600084181 UNITS/QNTY: 23,746.0000","SEDOL #: B01ZKD6  ISIN #: IE0001827041 SEQ#: 000","DESC : CRH PLC EUR 0.32","EX DT: 24AUG23  RECORD DT: 24AUG23  PAY DT: 24SEP25","EUR DIV GROSS:  7,543.9000       WTH: 1,885.9800","DIV SRC RATE: 0.2500         SRC RCLM RATE: 0.2500         C","08/23/24","09/11/25","","08/23/24","09/12/25","09/11/25","23746.000000","0.3176915","","1885.98","7543.900000","-1885.980000","","-30943.790000","1885.98","-28328.930000","-36290.880000","2211.880000","-33224.170000","","","","","","","CRH PLC EUR 0.32","CRH PLC EUR 0.32","","","","","1.172800","G25508105","CRH US","IE0001827041","B01ZKD6","000558474","919388","","","","09/12/25","09/17/25","09/12/25","9:01:27 AM EDT","","","","1443836082","","","","","","447594","000000447594","0","0","0","09/12/25","09/12/2025 00.07.43","","","5829290930","","","","","","EUR","USD","EQUITIES"
"447594","NYLI 50 PCT HEDGED FTSE INTL ETF","4475949780","NYLI 50 PCT HEDGED FTSE INTL ETF","","","","USD","UNITED STATES DOLLAR","EUR","EURO","10","BRU","09/12/25","PSS2242260024852","","","","","CD","CASH DEPOSIT","RC","352","Refund Foreign Withholding Tax","PSS #: 2242260024852 UNITS/QNTY: 6,734.0000","SEDOL #: BRK49M5  ISIN #: IE00028FXN24 SEQ#: 000","DESC : SMURFIT WESTROCK PLC USD 0.001","EX DT: 24AUG15  RECORD DT: 24AUG15  PAY DT: 24SEP18","EUR DIV GROSS:  1,844.5400       WTH: 461.1300","DIV SRC RATE: 0.2500         SRC RCLM RATE: 0.2500         C","08/15/24","09/11/25","","08/15/24","09/12/25","09/11/25","6734.000000","0.2739137499","","461.13","1844.540000","-461.130000","","-30943.790000","461.13","-28328.930000","-36290.880000","540.810000","-33224.170000","","","","","","","SMURFIT WESTROCK PLC USD 0.001","SMURFIT WESTROCK PLC USD 0.001","","","","","1.172800","G8267P108","SW US","IE00028FXN24","BRK49M5","","","","","","09/12/25","09/17/25","09/12/25","9:01:27 AM EDT","","","","1443486424","","","","","","447594","000000447594","0","0","0","09/12/25","09/12/2025 00.07.43","","","5829290930","","","","","","USD","USD","EQUITIES"
"447594","NYLI 50 PCT HEDGED FTSE INTL ETF","4475949780","NYLI 50 PCT HEDGED FTSE INTL ETF","","","","USD","UNITED STATES DOLLAR","EUR","EURO","10","BRU","09/12/25","PSS2243180206920","","","","","CD","CASH DEPOSIT","RC","352","Refund Foreign Withholding Tax","PSS #: 2243180206920 UNITS/QNTY: 10,553.0000","SEDOL #: BRK49M5  ISIN #: IE00028FXN24 SEQ#: 000","DESC : SMURFIT WESTROCK PLC USD 0.001","EX DT: 24NOV15  RECORD DT: 24NOV15  PAY DT: 24DEC18","EUR DIV GROSS:  3,060.7600       WTH: 765.1900","DIV SRC RATE: 0.2500         SRC RCLM RATE: 0.2500         C","11/15/24","09/11/25","","11/15/24","09/12/25","09/11/25","10553.000000","0.2900369999","","765.19","3060.760000","-765.190000","","-30943.790000","765.19","-28328.930000","-36290.880000","897.410000","-33224.170000","","","","","","","SMURFIT WESTROCK PLC USD 0.001","SMURFIT WESTROCK PLC USD 0.001","","","","","1.172800","G8267P108","SW US","IE00028FXN24","BRK49M5","","","","","","09/12/25","09/17/25","09/12/25","9:01:27 AM EDT","","","","1447305946","","","","","","447594","000000447594","0","0","0","09/12/25","09/12/2025 00.07.43","","","5829290930","","","","","","USD","USD","EQUITIES"
"478995","NYLI 500 INTERNATIONAL ETF","4789959780","NYLI 500 INTERNATIONAL ETF","","","","USD","UNITED STATES DOLLAR","EUR","EURO","10","BRU","09/12/25","PSS2410221208562","Y","","","","CD","CASH DEPOSIT","RC","352","Refund Foreign Withholding Tax","PSS #: 2410221208562  UNITS/QNTY: 8,594.0000","SEDOL #: 5671735  ISIN #: FR0000120578  EVENT ID: 1446855298","DESC : SANOFI                 DIV SRC RATE:     0.0020130000","EX DT: 24MAY13  RECORD DT: 24MAY14  PAY DT: 24MAY15","CCY: EUR  GRSS: 17.3000            WTH: 2.5900","AMOR BAL: 0.0000          PRFC: 0.0000      CUFC: 0.0000","05/13/24","05/15/24","","05/14/24","","","8594.000000","0.002013","","14.71","17.300000","-2.590000","","396.670000","14.71","63.230000","465.210000","17.250000","74.160000","","","","","","","SANOFI","SANOFI","","","","","1.172800","F5548N101","SAN FP","FR0000120578","5671735","000699381","012057","","","","09/12/25","09/17/25","09/12/25","9:01:27 AM EDT","","","","1446855298","","","","","EUR","478995","000000478995","0","0","0","10/22/24","10/22/2024 15.30.14","C","Contractual Cash","5829291038","","","","","","EUR","EUR","EQUITIES"
"478995","NYLI 500 INTERNATIONAL ETF","4789959780","NYLI 500 INTERNATIONAL ETF","","","","USD","UNITED STATES DOLLAR","EUR","EURO","10","BRU","09/12/25","PSS2503061171593","Y","","","","CD","CASH DEPOSIT","RC","352","Refund Foreign Withholding Tax","PSS #: 2503061171593  UNITS/QNTY: 2,130.0000","SEDOL #: 4163437  ISIN #: FR0000125338  EVENT ID: 1560851585","DESC : CAPGEMINI SE           DIV SRC RATE:     0.0068300000","EX DT: 24MAY29  RECORD DT: 24MAY30  PAY DT: 24MAY31","CCY: EUR  GRSS: 14.5500            WTH: 2.1800","AMOR BAL: 0.0000          PRFC: 0.0000      CUFC: 0.0000","05/29/24","05/31/24","","05/30/24","","","2130.000000","0.00683","","12.37","14.550000","-2.180000","","396.670000","12.37","63.230000","465.210000","14.510000","74.160000","","","","","","","CAPGEMINI SE","CAPGEMINI SE","","","","","1.172800","F4973Q101","CAP FP","FR0000125338","4163437","000488070","012533","","","","09/12/25","09/17/25","09/12/25","9:01:27 AM EDT","","","","1560851585","","","","","EUR","478995","000000478995","0","0","0","03/06/25","03/06/2025 10.43.26","C","Contractual Cash","5829291038","","","","","","EUR","EUR","EQUITIES"
"478995","NYLI 500 INTERNATIONAL ETF","4789959780","NYLI 500 INTERNATIONAL ETF","","","","USD","UNITED STATES DOLLAR","EUR","EURO","10","BRU","09/12/25","PSS2503201154702","Y","","","","CD","CASH DEPOSIT","RC","352","Refund Foreign Withholding Tax","PSS #: 2503201154702  UNITS/QNTY: 23,313.0000","SEDOL #: 4834777  ISIN #: FR0000127771  EVENT ID: 1561669563","DESC : VIVENDI SE EUR 0.55    DIV SRC RATE:     0.0026200000","EX DT: 24APR30  RECORD DT: 24MAY02  PAY DT: 24MAY03","CCY: EUR  GRSS: 61.0800            WTH: 9.1600","AMOR BAL: 0.0000          PRFC: 0.0000      CUFC: 0.0000","04/30/24","05/03/24","","05/02/24","","","23313.000000","0.00262","","51.92","61.080000","-9.160000","","396.670000","51.92","63.230000","465.210000","60.890000","74.160000","","","","","","","VIVENDI SE EUR 0.55","VIVENDI SE EUR 0.55","","","","","1.172800","F97982106","VIV FP","FR0000127771","4834777","001165915","012777","","","","09/12/25","09/17/25","09/12/25","9:01:27 AM EDT","","","","1561669563","","","","","EUR","478995","000000478995","0","0","0","03/20/25","03/20/2025 12.24.20","C","Contractual Cash","5829291038","","","","","","EUR","EUR","EQUITIES"
"139473","NYLI CANDRIAM ESG INTL EQUITY ETF","1394730360","NYLI CANDRIAM ESG INTL EQUITY ETF","","","","USD","UNITED STATES DOLLAR","AUD","AUSTRALIAN DOLLAR","11","BRU","09/17/25","","","","","","","","","","","","","","","","","","","","","","","","0","","","","","","7869.000000","","7869.000000","5231.700000","","5231.700000","","","","","","","","","","","","","0.664850","","","","","","","","","","09/12/25","09/17/25","09/12/25","9:01:27 AM EDT","","","","","","","","","","","","0","0","0","","","","","5829291047","","","","","","","",""
"139473","NYLI CANDRIAM ESG INTL EQUITY ETF","1394732080","NYLI CANDRIAM ESG INTL EQUITY ETF","","","","USD","UNITED STATES DOLLAR","DKK","DANISH KRONE","10","BRU","09/12/25","","","","","","","","","","","","","","","","","","","","","","","","0","","","","","","-2.580000","","-2.580000","-0.410000","","-0.410000","","","","","","","","","","","","","0.157118","","","","","","","","","","09/12/25","09/17/25","09/12/25","9:01:27 AM EDT","","","","","","","","","","","","0","0","0","","","","","5829291047","","","","","","","",""
"139473","NYLI CANDRIAM ESG INTL EQUITY ETF","1394732080","NYLI CANDRIAM ESG INTL EQUITY ETF","","","","USD","UNITED STATES DOLLAR","DKK","DANISH KRONE","10","BRU","09/15/25","","","","","","","","","","","","","","","","","","","","","","","","0","","","","","","-2.580000","","-2.580000","-0.410000","","-0.410000","","","","","","","","","","","","","0.157118","","","","","","","","","","09/12/25","09/17/25","09/12/25","9:01:27 AM EDT","","","","","","","","","","","","0","0","0","","","","","5829291047","","","","","","","",""
"139473","NYLI CANDRIAM ESG INTL EQUITY ETF","1394732080","NYLI CANDRIAM ESG INTL EQUITY ETF","","","","USD","UNITED STATES DOLLAR","DKK","DANISH KRONE","10","BRU","09/16/25","","","","","","","","","","","","","","","","","","","","","","","","0","","","","","","-2.580000","","-2.580000","-0.410000","","-0.410000","","","","","","","","","","","","","0.157118","","","","","","","","","","09/12/25","09/17/25","09/12/25","9:01:27 AM EDT","","","","","","","","","","","","0","0","0","","","","","5829291047","","","","","","","",""
"139473","NYLI CANDRIAM ESG INTL EQUITY ETF","1394732080","NYLI CANDRIAM ESG INTL EQUITY ETF","","","","USD","UNITED STATES DOLLAR","DKK","DANISH KRONE","10","BRU","09/17/25","","","","","","","","","","","","","","","","","","","","","","","","0","","","","","","-2.580000","","-2.580000","-0.410000","","-0.410000","","","","","","","","","","","","","0.157118","","","","","","","","","","09/12/25","09/17/25","09/12/25","9:01:27 AM EDT","","","","","","","","","","","","0","0","0","","","","","5829291047","","","","","","","",""
"139473","NYLI CANDRIAM ESG INTL EQUITY ETF","1394739780","NYLI CANDRIAM ESG INTL EQUITY ETF","","","","USD","UNITED STATES DOLLAR","EUR","EURO","10","BRU","09/15/25","","","","","","","","","","","","","","","","","","","","","","","","0","","","","","","-3157.860000","","-3157.860000","-3703.540000","","-3703.540000","","","","","","","","","","","","","1.172800","","","","","","","","","","09/12/25","09/17/25","09/12/25","9:01:27 AM EDT","","","","","","","","","","","","0","0","0","","","","","5829291047","","","","","","","",""
"139473","NYLI CANDRIAM ESG INTL EQUITY ETF","1394739780","NYLI CANDRIAM ESG INTL EQUITY ETF","","","","USD","UNITED STATES DOLLAR","EUR","EURO","10","BRU","09/16/25","","","","","","","","","","","","","","","","","","","","","","","","0","","","","","","-3157.860000","","-3157.860000","-3703.540000","","-3703.540000","","","","","","","","","","","","","1.172800","","","","","","","","","","09/12/25","09/17/25","09/12/25","9:01:27 AM EDT","","","","","","","","","","","","0","0","0","","","","","5829291047","","","","","","","",""
"139473","NYLI CANDRIAM ESG INTL EQUITY ETF","1394739780","NYLI CANDRIAM ESG INTL EQUITY ETF","","","","USD","UNITED STATES DOLLAR","EUR","EURO","10","BRU","09/17/25","","","","","","","","","","","","","","","","","","","","","","","","0","","","","","","-3157.860000","","-3157.860000","-3703.540000","","-3703.540000","","","","","","","","","","","","","1.172800","","","","","","","","","","09/12/25","09/17/25","09/12/25","9:01:27 AM EDT","","","","","","","","","","","","0","0","0","","","","","5829291047","","","","","","","",""
"139473","NYLI CANDRIAM ESG INTL EQUITY ETF","1394733440","NYLI CANDRIAM ESG INTL EQUITY ETF","","","","USD","UNITED STATES DOLLAR","HKD","HONG KONG DOLLAR","11","BRU","09/17/25","","","","","","","","","","","","","","","","","","","","","","","","0","","","","","","160291.080000","","160291.080000","20577.970000","","20577.970000","","","","","","","","","","","","","0.128379","","","","","","","","","","09/12/25","09/17/25","09/12/25","9:01:27 AM EDT","","","","","","","","","","","","0","0","0","","","","","5829291047","","","","","","","",""
"139473","NYLI CANDRIAM ESG INTL EQUITY ETF","1394733920","NYLI CANDRIAM ESG INTL EQUITY ETF","","","","USD","UNITED STATES DOLLAR","JPY","JAPANESE YEN","11","BRU","09/17/25","","","","","","","","","","","","","","","","","","","","","","","","0","","","","","","-3298.000000","","-3298.000000","-22.410000","","-22.410000","","","","","","","","","","","","","0.006794","","","","","","","","","","09/12/25","09/17/25","09/12/25","9:01:27 AM EDT","","","","","","","","","","","","0","0","0","","","","","5829291047","","","","","","","",""
"139473","NYLI CANDRIAM ESG INTL EQUITY ETF","1394733760","NYLI CANDRIAM ESG INTL EQUITY ETF","","","","USD","UNITED STATES DOLLAR","ILS","NEW ISRAELI SHEKEL","10","BRU","09/12/25","","","","","","","","","","","","","","","","","","","","","","","","0","","","","","","291.200000","","291.200000","87.640000","","87.640000","","","","","","","","","","","","","0.300960","","","","","","","","","","09/12/25","09/17/25","09/12/25","9:01:27 AM EDT","","","","","","","","","","","","0","0","0","","","","","5829291047","","","","","","","",""
"139473","NYLI CANDRIAM ESG INTL EQUITY ETF","1394733760","NYLI CANDRIAM ESG INTL EQUITY ETF","","","","USD","UNITED STATES DOLLAR","ILS","NEW ISRAELI SHEKEL","10","BRU","09/15/25","","","","","","","","","","","","","","","","","","","","","","","","0","","","","","","291.200000","","291.200000","87.640000","","87.640000","","","","","","","","","","","","","0.300960","","","","","","","","","","09/12/25","09/17/25","09/12/25","9:01:27 AM EDT","","","","","","","","","","","","0","0","0","","","","","5829291047","","","","","","","",""
"139473","NYLI CANDRIAM ESG INTL EQUITY ETF","1394733760","NYLI CANDRIAM ESG INTL EQUITY ETF","","","","USD","UNITED STATES DOLLAR","ILS","NEW ISRAELI SHEKEL","10","BRU","09/16/25","","","","","","","","","","","","","","","","","","","","","","","","0","","","","","","291.200000","","291.200000","87.640000","","87.640000","","","","","","","","","","","","","0.300960","","","","","","","","","","09/12/25","09/17/25","09/12/25","9:01:27 AM EDT","","","","","","","","","","","","0","0","0","","","","","5829291047","","","","","","","",""
"139473","NYLI CANDRIAM ESG INTL EQUITY ETF","1394733760","NYLI CANDRIAM ESG INTL EQUITY ETF","","","","USD","UNITED STATES DOLLAR","ILS","NEW ISRAELI SHEKEL","10","BRU","09/17/25","","","","","","","","","","","","","","","","","","","","","","","","0","","","","","","291.200000","","291.200000","87.640000","","87.640000","","","","","","","","","","","","","0.300960","","","","","","","","","","09/12/25","09/17/25","09/12/25","9:01:27 AM EDT","","","","","","","","","","","","0","0","0","","","","","5829291047","","","","","","","",""
"139473","NYLI CANDRIAM ESG INTL EQUITY ETF","1394735540","NYLI CANDRIAM ESG INTL EQUITY ETF","","","","USD","UNITED STATES DOLLAR","NZD","NEW ZEALAND DOLLAR","11","BRU","09/12/25","","","","","","","","","","","","","","","","","","","","","","","","0","","","","","","0.900000","","0.900000","0.540000","","0.540000","","","","","","","","","","","","","0.596250","","","","","","","","","","09/12/25","09/17/25","09/12/25","9:01:27 AM EDT","","","","","","","","","","","","0","0","0","","","","","5829291047","","","","","","","",""
"139473","NYLI CANDRIAM ESG INTL EQUITY ETF","1394735540","NYLI CANDRIAM ESG INTL EQUITY ETF","","","","USD","UNITED STATES DOLLAR","NZD","NEW ZEALAND DOLLAR","11","BRU","09/15/25","","","","","","","","","","","","","","","","","","","","","","","","0","","","","","","0.900000","","0.900000","0.540000","","0.540000","","","","","","","","","","","","","0.596250","","","","","","","","","","09/12/25","09/17/25","09/12/25","9:01:27 AM EDT","","","","","","","","","","","","0","0","0","","","","","5829291047","","","","","","","",""
"139473","NYLI CANDRIAM ESG INTL EQUITY ETF","1394735540","NYLI CANDRIAM ESG INTL EQUITY ETF","","","","USD","UNITED STATES DOLLAR","NZD","NEW ZEALAND DOLLAR","11","BRU","09/16/25","","","","","","","","","","","","","","","","","","","","","","","","0","","","","","","0.900000","","0.900000","0.540000","","0.540000","","","","","","","","","","","","","0.596250","","","","","","","","","","09/12/25","09/17/25","09/12/25","9:01:27 AM EDT","","","","","","","","","","","","0","0","0","","","","","5829291047","","","","","","","",""
"139473","NYLI CANDRIAM ESG INTL EQUITY ETF","1394735540","NYLI CANDRIAM ESG INTL EQUITY ETF","","","","USD","UNITED STATES DOLLAR","NZD","NEW ZEALAND DOLLAR","11","BRU","09/17/25","","","","","","","","","","","","","","","","","","","","","","","","0","","","","","","0.900000","","0.900000","0.540000","","0.540000","","","","","","","","","","","","","0.596250","","","","","","","","","","09/12/25","09/17/25","09/12/25","9:01:27 AM EDT","","","","","","","","","","","","0","0","0","","","","","5829291047","","","","","","","",""
"139473","NYLI CANDRIAM ESG INTL EQUITY ETF","1394735780","NYLI CANDRIAM ESG INTL EQUITY ETF","","","","USD","UNITED STATES DOLLAR","NOK","NORWEGIAN KRONE","10","BRU","09/12/25","","","","","","","","","","","","","","","","","","","","","","","","0","","","","","","-1.400000","","-1.400000","-0.140000","","-0.140000","","","","","","","","","","","","","0.101207","","","","","","","","","","09/12/25","09/17/25","09/12/25","9:01:27 AM EDT","","","","","","","","","","","","0","0","0","","","","","5829291047","","","","","","","",""
"139473","NYLI CANDRIAM ESG INTL EQUITY ETF","1394735780","NYLI CANDRIAM ESG INTL EQUITY ETF","","","","USD","UNITED STATES DOLLAR","NOK","NORWEGIAN KRONE","10","BRU","09/15/25","","","","","","","","","","","","","","","","","","","","","","","","0","","","","","","-1.400000","","-1.400000","-0.140000","","-0.140000","","","","","","","","","","","","","0.101207","","","","","","","","","","09/12/25","09/17/25","09/12/25","9:01:27 AM EDT","","","","","","","","","","","","0","0","0","","","","","5829291047","","","","","","","",""
"139473","NYLI CANDRIAM ESG INTL EQUITY ETF","1394735780","NYLI CANDRIAM ESG INTL EQUITY ETF","","","","USD","UNITED STATES DOLLAR","NOK","NORWEGIAN KRONE","10","BRU","09/17/25","","","","","","","","","","","","","","","","","","","","","","","","0","","","","","","14921.380000","","14921.380000","1510.150000","","1510.150000","","","","","","","","","","","","","0.101207","","","","","","","","","","09/12/25","09/17/25","09/12/25","9:01:27 AM EDT","","","","","","","","","","","","0","0","0","","","","","5829291047","","","","","","","",""
"139473","NYLI CANDRIAM ESG INTL EQUITY ETF","1394739850","NYLI CANDRIAM ESG INTL EQUITY ETF","","","","USD","UNITED STATES DOLLAR","PLN","POLISH ZLOTY","10","BRU","09/12/25","","","","","","","","","","","","","","","","","","","","","","","","0","","","","","","0.480000","","0.480000","0.130000","","0.130000","","","","","","","","","","","","","0.275596","","","","","","","","","","09/12/25","09/17/25","09/12/25","9:01:27 AM EDT","","","","","","","","","","","","0","0","0","","","","","5829291047","","","","","","","",""
"139473","NYLI CANDRIAM ESG INTL EQUITY ETF","1394739850","NYLI CANDRIAM ESG INTL EQUITY ETF","","","","USD","UNITED STATES DOLLAR","PLN","POLISH ZLOTY","10","BRU","09/15/25","","","","","","","","","","","","","","","","","","","","","","","","0","","","","","","0.480000","","0.480000","0.130000","","0.130000","","","","","","","","","","","","","0.275596","","","","","","","","","","09/12/25","09/17/25","09/12/25","9:01:27 AM EDT","","","","","","","","","","","","0","0","0","","","","","5829291047","","","","","","","",""
"139473","NYLI CANDRIAM ESG INTL EQUITY ETF","1394739850","NYLI CANDRIAM ESG INTL EQUITY ETF","","","","USD","UNITED STATES DOLLAR","PLN","POLISH ZLOTY","10","BRU","09/16/25","","","","","","","","","","","","","","","","","","","","","","","","0","","","","","","0.480000","","0.480000","0.130000","","0.130000","","","","","","","","","","","","","0.275596","","","","","","","","","","09/12/25","09/17/25","09/12/25","9:01:27 AM EDT","","","","","","","","","","","","0","0","0","","","","","5829291047","","","","","","","",""
"139473","NYLI CANDRIAM ESG INTL EQUITY ETF","1394739850","NYLI CANDRIAM ESG INTL EQUITY ETF","","","","USD","UNITED STATES DOLLAR","PLN","POLISH ZLOTY","10","BRU","09/17/25","","","","","","","","","","","","","","","","","","","","","","","","0","","","","","","0.480000","","0.480000","0.130000","","0.130000","","","","","","","","","","","","","0.275596","","","","","","","","","","09/12/25","09/17/25","09/12/25","9:01:27 AM EDT","","","","","","","","","","","","0","0","0","","","","","5829291047","","","","","","","",""
"139473","NYLI CANDRIAM ESG INTL EQUITY ETF","1394738260","NYLI CANDRIAM ESG INTL EQUITY ETF","","","","USD","UNITED STATES DOLLAR","GBP","POUND STERLING","10","BRU","09/16/25","","","","","","","","","","","","","","","","","","","","","","","","0","","","","","","1407.020000","","1407.020000","1907.710000","","1907.710000","","","","","","","","","","","","","1.355850","","","","","","","","","","09/12/25","09/17/25","09/12/25","9:01:27 AM EDT","","","","","","","","","","","","0","0","0","","","","","5829291047","","","","","","","",""
"139473","NYLI CANDRIAM ESG INTL EQUITY ETF","1394737020","NYLI CANDRIAM ESG INTL EQUITY ETF","","","","USD","UNITED STATES DOLLAR","SGD","SINGAPORE DOLLAR","11","BRU","09/16/25","","","","","","","","","","","","","","","","","","","","","","","","0","","","","","","0.000000","","0.000000","0.000000","","0.000000","","","","","","","","","","","","","0.779970","","","","","","","","","","09/12/25","09/17/25","09/12/25","9:01:27 AM EDT","","","","","","","","","","","","0","0","0","","","","","5829291047","","","","","","","",""
"139473","NYLI CANDRIAM ESG INTL EQUITY ETF","1394737020","NYLI CANDRIAM ESG INTL EQUITY ETF","","","","USD","UNITED STATES DOLLAR","SGD","SINGAPORE DOLLAR","11","BRU","09/17/25","","","","","","","","","","","","","","","","","","","","","","","","0","","","","","","0.000000","","0.000000","0.000000","","0.000000","","","","","","","","","","","","","0.779970","","","","","","","","","","09/12/25","09/17/25","09/12/25","9:01:27 AM EDT","","","","","","","","","","","","0","0","0","","","","","5829291047","","","","","","","",""
"139473","NYLI CANDRIAM ESG INTL EQUITY ETF","1394737520","NYLI CANDRIAM ESG INTL EQUITY ETF","","","","USD","UNITED STATES DOLLAR","SEK","SWEDISH KRONA","10","BRU","09/15/25","","","","","","","","","","","","","","","","","","","","","","","","0","","","","","","21600.140000","","21600.140000","2316.650000","","2316.650000","","","","","","","","","","","","","0.107252","","","","","","","","","","09/12/25","09/17/25","09/12/25","9:01:27 AM EDT","","","","","","","","","","","","0","0","0","","","","","5829291047","","","","","","","",""
"139473","NYLI CANDRIAM ESG INTL EQUITY ETF","1394737520","NYLI CANDRIAM ESG INTL EQUITY ETF","","","","USD","UNITED STATES DOLLAR","SEK","SWEDISH KRONA","10","BRU","09/16/25","","","","","","","","","","","","","","","","","","","","","","","","0","","","","","","21600.140000","","21600.140000","2316.650000","","2316.650000","","","","","","","","","","","","","0.107252","","","","","","","","","","09/12/25","09/17/25","09/12/25","9:01:27 AM EDT","","","","","","","","","","","","0","0","0","","","","","5829291047","","","","","","","",""
"139473","NYLI CANDRIAM ESG INTL EQUITY ETF","1394737520","NYLI CANDRIAM ESG INTL EQUITY ETF","","","","USD","UNITED STATES DOLLAR","SEK","SWEDISH KRONA","10","BRU","09/17/25","","","","","","","","","","","","","","","","","","","","","","","","0","","","","","","21600.140000","","21600.140000","2316.650000","","2316.650000","","","","","","","","","","","","","0.107252","","","","","","","","","","09/12/25","09/17/25","09/12/25","9:01:27 AM EDT","","","","","","","","","","","","0","0","0","","","","","5829291047","","","","","","","",""
"139473","NYLI CANDRIAM ESG INTL EQUITY ETF","1394737560","NYLI CANDRIAM ESG INTL EQUITY ETF","","","","USD","UNITED STATES DOLLAR","CHF","SWISS FRANC","10","BRU","09/12/25","","","","","","","","","","","","","","","","","","","","","","","","0","","","","","","0.020000","","0.020000","0.030000","","0.030000","","","","","","","","","","","","","1.256360","","","","","","","","","","09/12/25","09/17/25","09/12/25","9:01:27 AM EDT","","","","","","","","","","","","0","0","0","","","","","5829291047","","","","","","","",""
"139473","NYLI CANDRIAM ESG INTL EQUITY ETF","1394737560","NYLI CANDRIAM ESG INTL EQUITY ETF","","","","USD","UNITED STATES DOLLAR","CHF","SWISS FRANC","10","BRU","09/15/25","","","","","","","","","","","","","","","","","","","","","","","","0","","","","","","0.020000","","0.020000","0.030000","","0.030000","","","","","","","","","","","","","1.256360","","","","","","","","","","09/12/25","09/17/25","09/12/25","9:01:27 AM EDT","","","","","","","","","","","","0","0","0","","","","","5829291047","","","","","","","",""
"139473","NYLI CANDRIAM ESG INTL EQUITY ETF","1394737560","NYLI CANDRIAM ESG INTL EQUITY ETF","","","","USD","UNITED STATES DOLLAR","CHF","SWISS FRANC","10","BRU","09/16/25","","","","","","","","","","","","","","","","","","","","","","","","0","","","","","","0.020000","","0.020000","0.030000","","0.030000","","","","","","","","","","","","","1.256360","","","","","","","","","","09/12/25","09/17/25","09/12/25","9:01:27 AM EDT","","","","","","","","","","","","0","0","0","","","","","5829291047","","","","","","","",""
"139473","NYLI CANDRIAM ESG INTL EQUITY ETF","1394737560","NYLI CANDRIAM ESG INTL EQUITY ETF","","","","USD","UNITED STATES DOLLAR","CHF","SWISS FRANC","10","BRU","09/17/25","","","","","","","","","","","","","","","","","","","","","","","","0","","","","","","0.020000","","0.020000","0.030000","","0.030000","","","","","","","","","","","","","1.256360","","","","","","","","","","09/12/25","09/17/25","09/12/25","9:01:27 AM EDT","","","","","","","","","","","","0","0","0","","","","","5829291047","","","","","","","",""
"139473","NYLI CANDRIAM ESG INTL EQUITY ETF","1394738400","NYLI CANDRIAM ESG INTL EQUITY ETF","X9X9USDDIRM7","","","USD","UNITED STATES DOLLAR","USD","UNITED STATES DOLLAR","31","NYG","09/12/25","","","","","","","","","","","","","","","","","","","","","","","","0","","","","","","200545.120000","","216571.550000","200545.120000","","216571.550000","","","","","","","","","","","","","1.000000","","","X9X9USDDIRM7","","","","","","","09/12/25","09/17/25","09/12/25","9:01:27 AM EDT","","","","","","","","","","","","0","0","0","","","","","5829291047","","","","","","","",""
"139473","NYLI CANDRIAM ESG INTL EQUITY ETF","1394738400","NYLI CANDRIAM ESG INTL EQUITY ETF","","","","USD","UNITED STATES DOLLAR","USD","UNITED STATES DOLLAR","31","NYG","09/17/25","","","","","","","","","","","","","","","","","","","","","","","","0","","","","","","262753.810000","","262753.810000","262753.810000","","262753.810000","","","","","","","","","","","","","1.000000","","","","","","","","","","09/12/25","09/17/25","09/12/25","9:01:27 AM EDT","","","","","","","","","","","","0","0","0","","","","","5829291047","","","","","","","",""
"139522","NYLI CANDRIAM ESG US EQUITY ETF","1395228400","NYLI CANDRIAM ESG US EQUITY ETF","X9X9USDDIRM7","","","USD","UNITED STATES DOLLAR","USD","UNITED STATES DOLLAR","31","NYG","09/12/25","","","","","","","","","","","","","","","","","","","","","","","","0","","","","","","162450.860000","","171440.850000","162450.860000","","171440.850000","","","","","","","","","","","","","1.000000","","","X9X9USDDIRM7","","","","","","","09/12/25","09/17/25","09/12/25","9:01:27 AM EDT","","","","","","","","","","","","0","0","0","","","","","5829291046","","","","","","","",""
"156481","NYLI HEALTHY HEARTS ETF","1564810320","NYLI HEALTHY HEARTS ETF","","","","USD","UNITED STATES DOLLAR","ARS","ARGENTINE PESO","10","BRU","09/12/25","","","","","","","","","","","","","","","","","","","","","","","","0","","","","","","0.000000","","0.000000","0.000000","","0.000000","","","","","","","","","","","","","0.000700","","","","","","","","","","09/12/25","09/17/25","09/12/25","9:01:27 AM EDT","","","","","","","","","","","","0","0","0","","","","","5829291059","","","","","","","",""
"156481","NYLI HEALTHY HEARTS ETF","1564810320","NYLI HEALTHY HEARTS ETF","","","","USD","UNITED STATES DOLLAR","ARS","ARGENTINE PESO","10","BRU","09/15/25","","","","","","","","","","","","","","","","","","","","","","","","0","","","","","","0.000000","","0.000000","0.000000","","0.000000","","","","","","","","","","","","","0.000700","","","","","","","","","","09/12/25","09/17/25","09/12/25","9:01:27 AM EDT","","","","","","","","","","","","0","0","0","","","","","5829291059","","","","","","","",""
"156481","NYLI HEALTHY HEARTS ETF","1564810320","NYLI HEALTHY HEARTS ETF","","","","USD","UNITED STATES DOLLAR","ARS","ARGENTINE PESO","10","BRU","09/16/25","","","","","","","","","","","","","","","","","","","","","","","","0","","","","","","0.000000","","0.000000","0.000000","","0.000000","","","","","","","","","","","","","0.000700","","","","","","","","","","09/12/25","09/17/25","09/12/25","9:01:27 AM EDT","","","","","","","","","","","","0","0","0","","","","","5829291059","","","","","","","",""
"156481","NYLI HEALTHY HEARTS ETF","1564810320","NYLI HEALTHY HEARTS ETF","","","","USD","UNITED STATES DOLLAR","ARS","ARGENTINE PESO","10","BRU","09/17/25","","","","","","","","","","","","","","","","","","","","","","","","0","","","","","","0.000000","","0.000000","0.000000","","0.000000","","","","","","","","","","","","","0.000700","","","","","","","","","","09/12/25","09/17/25","09/12/25","9:01:27 AM EDT","","","","","","","","","","","","0","0","0","","","","","5829291059","","","","","","","",""
"156481","NYLI HEALTHY HEARTS ETF","1564810360","NYLI HEALTHY HEARTS ETF","","","","USD","UNITED STATES DOLLAR","AUD","AUSTRALIAN DOLLAR","11","BRU","09/12/25","","","","","","","","","","","","","","","","","","","","","","","","0","","","","","","0.000000","","0.000000","0.000000","","0.000000","","","","","","","","","","","","","0.664850","","","","","","","","","","09/12/25","09/17/25","09/12/25","9:01:27 AM EDT","","","","","","","","","","","","0","0","0","","","","","5829291059","","","","","","","",""
"156481","NYLI HEALTHY HEARTS ETF","1564810360","NYLI HEALTHY HEARTS ETF","","","","USD","UNITED STATES DOLLAR","AUD","AUSTRALIAN DOLLAR","11","BRU","09/15/25","","","","","","","","","","","","","","","","","","","","","","","","0","","","","","","0.000000","","0.000000","0.000000","","0.000000","","","","","","","","","","","","","0.664850","","","","","","","","","","09/12/25","09/17/25","09/12/25","9:01:27 AM EDT","","","","","","","","","","","","0","0","0","","","","","5829291059","","","","","","","",""
"156481","NYLI HEALTHY HEARTS ETF","1564810360","NYLI HEALTHY HEARTS ETF","","","","USD","UNITED STATES DOLLAR","AUD","AUSTRALIAN DOLLAR","11","BRU","09/16/25","","","","","","","","","","","","","","","","","","","","","","","","0","","","","","","0.000000","","0.000000","0.000000","","0.000000","","","","","","","","","","","","","0.664850","","","","","","","","","","09/12/25","09/17/25","09/12/25","9:01:27 AM EDT","","","","","","","","","","","","0","0","0","","","","","5829291059","","","","","","","",""
"156481","NYLI HEALTHY HEARTS ETF","1564810360","NYLI HEALTHY HEARTS ETF","","","","USD","UNITED STATES DOLLAR","AUD","AUSTRALIAN DOLLAR","11","BRU","09/17/25","","","","","","","","","","","","","","","","","","","","","","","","0","","","","","","0.000000","","0.000000","0.000000","","0.000000","","","","","","","","","","","","","0.664850","","","","","","","","","","09/12/25","09/17/25","09/12/25","9:01:27 AM EDT","","","","","","","","","","","","0","0","0","","","","","5829291059","","","","","","","",""
"156481","NYLI HEALTHY HEARTS ETF","1564819860","NYLI HEALTHY HEARTS ETF","","","","USD","UNITED STATES DOLLAR","BRL","BRAZILIAN REAL","10","BRU","09/12/25","","","","","","","","","","","","","","","","","","","","","","","","0","","","","","","0.000000","","0.000000","0.000000","","0.000000","","","","","","","","","","","","","0.185820","","","","","","","","","","09/12/25","09/17/25","09/12/25","9:01:27 AM EDT","","","","","","","","","","","","0","0","0","","","","","5829291059","","","","","","","",""
"156481","NYLI HEALTHY HEARTS ETF","1564819860","NYLI HEALTHY HEARTS ETF","","","","USD","UNITED STATES DOLLAR","BRL","BRAZILIAN REAL","10","BRU","09/15/25","","","","","","","","","","","","","","","","","","","","","","","","0","","","","","","0.000000","","0.000000","0.000000","","0.000000","","","","","","","","","","","","","0.185820","","","","","","","","","","09/12/25","09/17/25","09/12/25","9:01:27 AM EDT","","","","","","","","","","","","0","0","0","","","","","5829291059","","","","","","","",""
"156481","NYLI HEALTHY HEARTS ETF","1564819860","NYLI HEALTHY HEARTS ETF","","","","USD","UNITED STATES DOLLAR","BRL","BRAZILIAN REAL","10","BRU","09/16/25","","","","","","","","","","","","","","","","","","","","","","","","0","","","","","","0.000000","","0.000000","0.000000","","0.000000","","","","","","","","","","","","","0.185820","","","","","","","","","","09/12/25","09/17/25","09/12/25","9:01:27 AM EDT","","","","","","","","","","","","0","0","0","","","","","5829291059","","","","","","","",""
"156481","NYLI HEALTHY HEARTS ETF","1564819860","NYLI HEALTHY HEARTS ETF","","","","USD","UNITED STATES DOLLAR","BRL","BRAZILIAN REAL","10","BRU","09/17/25","","","","","","","","","","","","","","","","","","","","","","","","0","","","","","","0.000000","","0.000000","0.000000","","0.000000","","","","","","","","","","","","","0.185820","","","","","","","","","","09/12/25","09/17/25","09/12/25","9:01:27 AM EDT","","","","","","","","","","","","0","0","0","","","","","5829291059","","","","","","","",""
"156481","NYLI HEALTHY HEARTS ETF","1564819867","IQ HEALTHY HEARTS ETF","","","","USD","UNITED STATES DOLLAR","BRL","BRAZILIAN REAL","10","BRU","09/12/25","","","","","","","","","","","","","","","","","","","","","","","","0","","","","","","0.000000","","0.000000","0.000000","","0.000000","","","","","","","","","","","","","0.185820","","","","","","","","","","09/12/25","09/17/25","09/12/25","9:01:27 AM EDT","","","","","","","","","","","","0","0","0","","","","","5829291059","","","","","","","",""
"156481","NYLI HEALTHY HEARTS ETF","1564819867","IQ HEALTHY HEARTS ETF","","","","USD","UNITED STATES DOLLAR","BRL","BRAZILIAN REAL","10","BRU","09/15/25","","","","","","","","","","","","","","","","","","","","","","","","0","","","","","","0.000000","","0.000000","0.000000","","0.000000","","","","","","","","","","","","","0.185820","","","","","","","","","","09/12/25","09/17/25","09/12/25","9:01:27 AM EDT","","","","","","","","","","","","0","0","0","","","","","5829291059","","","","","","","",""
"156481","NYLI HEALTHY HEARTS ETF","1564819867","IQ HEALTHY HEARTS ETF","","","","USD","UNITED STATES DOLLAR","BRL","BRAZILIAN REAL","10","BRU","09/16/25","","","","","","","","","","","","","","","","","","","","","","","","0","","","","","","0.000000","","0.000000","0.000000","","0.000000","","","","","","","","","","","","","0.185820","","","","","","","","","","09/12/25","09/17/25","09/12/25","9:01:27 AM EDT","","","","","","","","","","","","0","0","0","","","","","5829291059","","","","","","","",""
"156481","NYLI HEALTHY HEARTS ETF","1564819867","IQ HEALTHY HEARTS ETF","","","","USD","UNITED STATES DOLLAR","BRL","BRAZILIAN REAL","10","BRU","09/17/25","","","","","","","","","","","","","","","","","","","","","","","","0","","","","","","0.000000","","0.000000","0.000000","","0.000000","","","","","","","","","","","","","0.185820","","","","","","","","","","09/12/25","09/17/25","09/12/25","9:01:27 AM EDT","","","","","","","","","","","","0","0","0","","","","","5829291059","","","","","","","",""
"156481","NYLI HEALTHY HEARTS ETF","1564811240","NYLI HEALTHY HEARTS ETF","","","","USD","UNITED STATES DOLLAR","CAD","CANADIAN DOLLAR","10","BRU","09/12/25","","","","","","","","","","","","","","","","","","","","","","","","0","","","","","","0.000000","","0.000000","0.000000","","0.000000","","","","","","","","","","","","","0.722465","","","","","","","","","","09/12/25","09/17/25","09/12/25","9:01:27 AM EDT","","","","","","","","","","","","0","0","0","","","","","5829291059","","","","","","","",""
"156481","NYLI HEALTHY HEARTS ETF","1564811240","NYLI HEALTHY HEARTS ETF","","","","USD","UNITED STATES DOLLAR","CAD","CANADIAN DOLLAR","10","BRU","09/15/25","","","","","","","","","","","","","","","","","","","","","","","","0","","","","","","0.000000","","0.000000","0.000000","","0.000000","","","","","","","","","","","","","0.722465","","","","","","","","","","09/12/25","09/17/25","09/12/25","9:01:27 AM EDT","","","","","","","","","","","","0","0","0","","","","","5829291059","","","","","","","",""
"156481","NYLI HEALTHY HEARTS ETF","1564811240","NYLI HEALTHY HEARTS ETF","","","","USD","UNITED STATES DOLLAR","CAD","CANADIAN DOLLAR","10","BRU","09/16/25","","","","","","","","","","","","","","","","","","","","","","","","0","","","","","","0.000000","","0.000000","0.000000","","0.000000","","","","","","","","","","","","","0.722465","","","","","","","","","","09/12/25","09/17/25","09/12/25","9:01:27 AM EDT","","","","","","","","","","","","0","0","0","","","","","5829291059","","","","","","","",""
"156481","NYLI HEALTHY HEARTS ETF","1564811240","NYLI HEALTHY HEARTS ETF","","","","USD","UNITED STATES DOLLAR","CAD","CANADIAN DOLLAR","10","BRU","09/17/25","","","","","","","","","","","","","","","","","","","","","","","","0","","","","","","0.000000","","0.000000","0.000000","","0.000000","","","","","","","","","","","","","0.722465","","","","","","","","","","09/12/25","09/17/25","09/12/25","9:01:27 AM EDT","","","","","","","","","","","","0","0","0","","","","","5829291059","","","","","","","",""
"156481","NYLI HEALTHY HEARTS ETF","1564811520","NYLI HEALTHY HEARTS ETF","","","","USD","UNITED STATES DOLLAR","CLP","CHILEAN PESO","10","BRU","09/12/25","","","","","","","","","","","","","","","","","","","","","","","","0","","","","","","0.000000","","0.000000","0.000000","","0.000000","","","","","","","","","","","","","0.001048","","","","","","","","","","09/12/25","09/17/25","09/12/25","9:01:27 AM EDT","","","","","","","","","","","","0","0","0","","","","","5829291059","","","","","","","",""
"156481","NYLI HEALTHY HEARTS ETF","1564811520","NYLI HEALTHY HEARTS ETF","","","","USD","UNITED STATES DOLLAR","CLP","CHILEAN PESO","10","BRU","09/15/25","","","","","","","","","","","","","","","","","","","","","","","","0","","","","","","0.000000","","0.000000","0.000000","","0.000000","","","","","","","","","","","","","0.001048","","","","","","","","","","09/12/25","09/17/25","09/12/25","9:01:27 AM EDT","","","","","","","","","","","","0","0","0","","","","","5829291059","","","","","","","",""
"156481","NYLI HEALTHY HEARTS ETF","1564811520","NYLI HEALTHY HEARTS ETF","","","","USD","UNITED STATES DOLLAR","CLP","CHILEAN PESO","10","BRU","09/16/25","","","","","","","","","","","","","","","","","","","","","","","","0","","","","","","0.000000","","0.000000","0.000000","","0.000000","","","","","","","","","","","","","0.001048","","","","","","","","","","09/12/25","09/17/25","09/12/25","9:01:27 AM EDT","","","","","","","","","","","","0","0","0","","","","","5829291059","","","","","","","",""
"156481","NYLI HEALTHY HEARTS ETF","1564811520","NYLI HEALTHY HEARTS ETF","","","","USD","UNITED STATES DOLLAR","CLP","CHILEAN PESO","10","BRU","09/17/25","","","","","","","","","","","","","","","","","","","","","","","","0","","","","","","0.000000","","0.000000","0.000000","","0.000000","","","","","","","","","","","","","0.001048","","","","","","","","","","09/12/25","09/17/25","09/12/25","9:01:27 AM EDT","","","","","","","","","","","","0","0","0","","","","","5829291059","","","","","","","",""
"156481","NYLI HEALTHY HEARTS ETF","1564811700","NYLI HEALTHY HEARTS ETF","","","","USD","UNITED STATES DOLLAR","COP","COLOMBIAN PESO","10","BRU","09/12/25","","","","","","","","","","","","","","","","","","","","","","","","0","","","","","","0.000000","","0.000000","0.000000","","0.000000","","","","","","","","","","","","","0.000256","","","","","","","","","","09/12/25","09/17/25","09/12/25","9:01:27 AM EDT","","","","","","","","","","","","0","0","0","","","","","5829291059","","","","","","","",""
"156481","NYLI HEALTHY HEARTS ETF","1564811700","NYLI HEALTHY HEARTS ETF","","","","USD","UNITED STATES DOLLAR","COP","COLOMBIAN PESO","10","BRU","09/15/25","","","","","","","","","","","","","","","","","","","","","","","","0","","","","","","0.000000","","0.000000","0.000000","","0.000000","","","","","","","","","","","","","0.000256","","","","","","","","","","09/12/25","09/17/25","09/12/25","9:01:27 AM EDT","","","","","","","","","","","","0","0","0","","","","","5829291059","","","","","","","",""
"156481","NYLI HEALTHY HEARTS ETF","1564811700","NYLI HEALTHY HEARTS ETF","","","","USD","UNITED STATES DOLLAR","COP","COLOMBIAN PESO","10","BRU","09/16/25","","","","","","","","","","","","","","","","","","","","","","","","0","","","","","","0.000000","","0.000000","0.000000","","0.000000","","","","","","","","","","","","","0.000256","","","","","","","","","","09/12/25","09/17/25","09/12/25","9:01:27 AM EDT","","","","","","","","","","","","0","0","0","","","","","5829291059","","","","","","","",""
"156481","NYLI HEALTHY HEARTS ETF","1564811700","NYLI HEALTHY HEARTS ETF","","","","USD","UNITED STATES DOLLAR","COP","COLOMBIAN PESO","10","BRU","09/17/25","","","","","","","","","","","","","","","","","","","","","","","","0","","","","","","0.000000","","0.000000","0.000000","","0.000000","","","","","","","","","","","","","0.000256","","","","","","","","","","09/12/25","09/17/25","09/12/25","9:01:27 AM EDT","","","","","","","","","","","","0","0","0","","","","","5829291059","","","","","","","",""
"156481","NYLI HEALTHY HEARTS ETF","1564812000","NYLI HEALTHY HEARTS ETF","","","","USD","UNITED STATES DOLLAR","CZK","CZECH KORUNA","10","BRU","09/12/25","","","","","","","","","","","","","","","","","","","","","","","","0","","","","","","0.000000","","0.000000","0.000000","","0.000000","","","","","","","","","","","","","0.048130","","","","","","","","","","09/12/25","09/17/25","09/12/25","9:01:27 AM EDT","","","","","","","","","","","","0","0","0","","","","","5829291059","","","","","","","",""
"156481","NYLI HEALTHY HEARTS ETF","1564812000","NYLI HEALTHY HEARTS ETF","","","","USD","UNITED STATES DOLLAR","CZK","CZECH KORUNA","10","BRU","09/15/25","","","","","","","","","","","","","","","","","","","","","","","","0","","","","","","0.000000","","0.000000","0.000000","","0.000000","","","","","","","","","","","","","0.048130","","","","","","","","","","09/12/25","09/17/25","09/12/25","9:01:27 AM EDT","","","","","","","","","","","","0","0","0","","","","","5829291059","","","","","","","",""
"156481","NYLI HEALTHY HEARTS ETF","1564812000","NYLI HEALTHY HEARTS ETF","","","","USD","UNITED STATES DOLLAR","CZK","CZECH KORUNA","10","BRU","09/16/25","","","","","","","","","","","","","","","","","","","","","","","","0","","","","","","0.000000","","0.000000","0.000000","","0.000000","","","","","","","","","","","","","0.048130","","","","","","","","","","09/12/25","09/17/25","09/12/25","9:01:27 AM EDT","","","","","","","","","","","","0","0","0","","","","","5829291059","","","","","","","",""
"156481","NYLI HEALTHY HEARTS ETF","1564812000","NYLI HEALTHY HEARTS ETF","","","","USD","UNITED STATES DOLLAR","CZK","CZECH KORUNA","10","BRU","09/17/25","","","","","","","","","","","","","","","","","","","","","","","","0","","","","","","0.000000","","0.000000","0.000000","","0.000000","","","","","","","","","","","","","0.048130","","","","","","","","","","09/12/25","09/17/25","09/12/25","9:01:27 AM EDT","","","","","","","","","","","","0","0","0","","","","","5829291059","","","","","","","",""
"156481","NYLI HEALTHY HEARTS ETF","1564812080","NYLI HEALTHY HEARTS ETF","","","","USD","UNITED STATES DOLLAR","DKK","DANISH KRONE","10","BRU","09/12/25","","","","","","","","","","","","","","","","","","","","","","","","0","","","","","","0.000000","","0.000000","0.000000","","0.000000","","","","","","","","","","","","","0.157118","","","","","","","","","","09/12/25","09/17/25","09/12/25","9:01:27 AM EDT","","","","","","","","","","","","0","0","0","","","","","5829291059","","","","","","","",""
"156481","NYLI HEALTHY HEARTS ETF","1564812080","NYLI HEALTHY HEARTS ETF","","","","USD","UNITED STATES DOLLAR","DKK","DANISH KRONE","10","BRU","09/15/25","","","","","","","","","","","","","","","","","","","","","","","","0","","","","","","0.000000","","0.000000","0.000000","","0.000000","","","","","","","","","","","","","0.157118","","","","","","","","","","09/12/25","09/17/25","09/12/25","9:01:27 AM EDT","","","","","","","","","","","","0","0","0","","","","","5829291059","","","","","","","",""
"156481","NYLI HEALTHY HEARTS ETF","1564812080","NYLI HEALTHY HEARTS ETF","","","","USD","UNITED STATES DOLLAR","DKK","DANISH KRONE","10","BRU","09/16/25","","","","","","","","","","","","","","","","","","","","","","","","0","","","","","","0.000000","","0.000000","0.000000","","0.000000","","","","","","","","","","","","","0.157118","","","","","","","","","","09/12/25","09/17/25","09/12/25","9:01:27 AM EDT","","","","","","","","","","","","0","0","0","","","","","5829291059","","","","","","","",""
"156481","NYLI HEALTHY HEARTS ETF","1564812080","NYLI HEALTHY HEARTS ETF","","","","USD","UNITED STATES DOLLAR","DKK","DANISH KRONE","10","BRU","09/17/25","","","","","","","","","","","","","","","","","","","","","","","","0","","","","","","0.000000","","0.000000","0.000000","","0.000000","","","","","","","","","","","","","0.157118","","","","","","","","","","09/12/25","09/17/25","09/12/25","9:01:27 AM EDT","","","","","","","","","","","","0","0","0","","","","","5829291059","","","","","","","",""
"156481","NYLI HEALTHY HEARTS ETF","1564819780","NYLI HEALTHY HEARTS ETF","","","","USD","UNITED STATES DOLLAR","EUR","EURO","10","BRU","09/15/25","","","","","","","","","","","","","","","","","","","","","","","","0","","","","","","21.370000","","21.370000","25.060000","","25.060000","","","","","","","","","","","","","1.172800","","","","","","","","","","09/12/25","09/17/25","09/12/25","9:01:27 AM EDT","","","","","","","","","","","","0","0","0","","","","","5829291059","","","","","","","",""
"156481","NYLI HEALTHY HEARTS ETF","1564819780","NYLI HEALTHY HEARTS ETF","","","","USD","UNITED STATES DOLLAR","EUR","EURO","10","BRU","09/16/25","","","","","","","","","","","","","","","","","","","","","","","","0","","","","","","21.370000","","21.370000","25.060000","","25.060000","","","","","","","","","","","","","1.172800","","","","","","","","","","09/12/25","09/17/25","09/12/25","9:01:27 AM EDT","","","","","","","","","","","","0","0","0","","","","","5829291059","","","","","","","",""
"156481","NYLI HEALTHY HEARTS ETF","1564819780","NYLI HEALTHY HEARTS ETF","","","","USD","UNITED STATES DOLLAR","EUR","EURO","10","BRU","09/17/25","","","","","","","","","","","","","","","","","","","","","","","","0","","","","","","21.370000","","21.370000","25.060000","","25.060000","","","","","","","","","","","","","1.172800","","","","","","","","","","09/12/25","09/17/25","09/12/25","9:01:27 AM EDT","","","","","","","","","","","","0","0","0","","","","","5829291059","","","","","","","",""
"156481","NYLI HEALTHY HEARTS ETF","1564813440","NYLI HEALTHY HEARTS ETF","","","","USD","UNITED STATES DOLLAR","HKD","HONG KONG DOLLAR","11","BRU","09/12/25","","","","","","","","","","","","","","","","","","","","","","","","0","","","","","","0.000000","","0.000000","0.000000","","0.000000","","","","","","","","","","","","","0.128379","","","","","","","","","","09/12/25","09/17/25","09/12/25","9:01:27 AM EDT","","","","","","","","","","","","0","0","0","","","","","5829291059","","","","","","","",""
"156481","NYLI HEALTHY HEARTS ETF","1564813440","NYLI HEALTHY HEARTS ETF","","","","USD","UNITED STATES DOLLAR","HKD","HONG KONG DOLLAR","11","BRU","09/15/25","","","","","","","","","","","","","","","","","","","","","","","","0","","","","","","0.000000","","0.000000","0.000000","","0.000000","","","","","","","","","","","","","0.128379","","","","","","","","","","09/12/25","09/17/25","09/12/25","9:01:27 AM EDT","","","","","","","","","","","","0","0","0","","","","","5829291059","","","","","","","",""
"156481","NYLI HEALTHY HEARTS ETF","1564813440","NYLI HEALTHY HEARTS ETF","","","","USD","UNITED STATES DOLLAR","HKD","HONG KONG DOLLAR","11","BRU","09/16/25","","","","","","","","","","","","","","","","","","","","","","","","0","","","","","","0.000000","","0.000000","0.000000","","0.000000","","","","","","","","","","","","","0.128379","","","","","","","","","","09/12/25","09/17/25","09/12/25","9:01:27 AM EDT","","","","","","","","","","","","0","0","0","","","","","5829291059","","","","","","","",""
"156481","NYLI HEALTHY HEARTS ETF","1564813440","NYLI HEALTHY HEARTS ETF","","","","USD","UNITED STATES DOLLAR","HKD","HONG KONG DOLLAR","11","BRU","09/17/25","","","","","","","","","","","","","","","","","","","","","","","","0","","","","","","0.000000","","0.000000","0.000000","","0.000000","","","","","","","","","","","","","0.128379","","","","","","","","","","09/12/25","09/17/25","09/12/25","9:01:27 AM EDT","","","","","","","","","","","","0","0","0","","","","","5829291059","","","","","","","",""
"156481","NYLI HEALTHY HEARTS ETF","1564813480","NYLI HEALTHY HEARTS ETF","","","","USD","UNITED STATES DOLLAR","HUF","HUNGARIAN FORINT","10","BRU","09/12/25","","","","","","","","","","","","","","","","","","","","","","","","0","","","","","","0.000000","","0.000000","0.000000","","0.000000","","","","","","","","","","","","","0.002993","","","","","","","","","","09/12/25","09/17/25","09/12/25","9:01:27 AM EDT","","","","","","","","","","","","0","0","0","","","","","5829291059","","","","","","","",""
"156481","NYLI HEALTHY HEARTS ETF","1564813480","NYLI HEALTHY HEARTS ETF","","","","USD","UNITED STATES DOLLAR","HUF","HUNGARIAN FORINT","10","BRU","09/15/25","","","","","","","","","","","","","","","","","","","","","","","","0","","","","","","0.000000","","0.000000","0.000000","","0.000000","","","","","","","","","","","","","0.002993","","","","","","","","","","09/12/25","09/17/25","09/12/25","9:01:27 AM EDT","","","","","","","","","","","","0","0","0","","","","","5829291059","","","","","","","",""
"156481","NYLI HEALTHY HEARTS ETF","1564813480","NYLI HEALTHY HEARTS ETF","","","","USD","UNITED STATES DOLLAR","HUF","HUNGARIAN FORINT","10","BRU","09/16/25","","","","","","","","","","","","","","","","","","","","","","","","0","","","","","","0.000000","","0.000000","0.000000","","0.000000","","","","","","","","","","","","","0.002993","","","","","","","","","","09/12/25","09/17/25","09/12/25","9:01:27 AM EDT","","","","","","","","","","","","0","0","0","","","","","5829291059","","","","","","","",""
"156481","NYLI HEALTHY HEARTS ETF","1564813480","NYLI HEALTHY HEARTS ETF","","","","USD","UNITED STATES DOLLAR","HUF","HUNGARIAN FORINT","10","BRU","09/17/25","","","","","","","","","","","","","","","","","","","","","","","","0","","","","","","0.000000","","0.000000","0.000000","","0.000000","","","","","","","","","","","","","0.002993","","","","","","","","","","09/12/25","09/17/25","09/12/25","9:01:27 AM EDT","","","","","","","","","","","","0","0","0","","","","","5829291059","","","","","","","",""
"156481","NYLI HEALTHY HEARTS ETF","1564813600","NYLI HEALTHY HEARTS ETF","","","","USD","UNITED STATES DOLLAR","IDR","INDONESIAN RUPIAH","11","BRU","09/12/25","","","","","","","","","","","","","","","","","","","","","","","","0","","","","","","0.000000","","0.000000","0.000000","","0.000000","","","","","","","","","","","","","0.000061","","","","","","","","","","09/12/25","09/17/25","09/12/25","9:01:27 AM EDT","","","","","","","","","","","","0","0","0","","","","","5829291059","","","","","","","",""
"156481","NYLI HEALTHY HEARTS ETF","1564813600","NYLI HEALTHY HEARTS ETF","","","","USD","UNITED STATES DOLLAR","IDR","INDONESIAN RUPIAH","11","BRU","09/15/25","","","","","","","","","","","","","","","","","","","","","","","","0","","","","","","0.000000","","0.000000","0.000000","","0.000000","","","","","","","","","","","","","0.000061","","","","","","","","","","09/12/25","09/17/25","09/12/25","9:01:27 AM EDT","","","","","","","","","","","","0","0","0","","","","","5829291059","","","","","","","",""
"156481","NYLI HEALTHY HEARTS ETF","1564813600","NYLI HEALTHY HEARTS ETF","","","","USD","UNITED STATES DOLLAR","IDR","INDONESIAN RUPIAH","11","BRU","09/16/25","","","","","","","","","","","","","","","","","","","","","","","","0","","","","","","0.000000","","0.000000","0.000000","","0.000000","","","","","","","","","","","","","0.000061","","","","","","","","","","09/12/25","09/17/25","09/12/25","9:01:27 AM EDT","","","","","","","","","","","","0","0","0","","","","","5829291059","","","","","","","",""
"156481","NYLI HEALTHY HEARTS ETF","1564813600","NYLI HEALTHY HEARTS ETF","","","","USD","UNITED STATES DOLLAR","IDR","INDONESIAN RUPIAH","11","BRU","09/17/25","","","","","","","","","","","","","","","","","","","","","","","","0","","","","","","0.000000","","0.000000","0.000000","","0.000000","","","","","","","","","","","","","0.000061","","","","","","","","","","09/12/25","09/17/25","09/12/25","9:01:27 AM EDT","","","","","","","","","","","","0","0","0","","","","","5829291059","","","","","","","",""
"156481","NYLI HEALTHY HEARTS ETF","1564813920","NYLI HEALTHY HEARTS ETF","","","","USD","UNITED STATES DOLLAR","JPY","JAPANESE YEN","11","BRU","09/12/25","","","","","","","","","","","","","","","","","","","","","","","","0","","","","","","0.000000","","0.000000","0.000000","","0.000000","","","","","","","","","","","","","0.006794","","","","","","","","","","09/12/25","09/17/25","09/12/25","9:01:27 AM EDT","","","","","","","","","","","","0","0","0","","","","","5829291059","","","","","","","",""
"156481","NYLI HEALTHY HEARTS ETF","1564813920","NYLI HEALTHY HEARTS ETF","","","","USD","UNITED STATES DOLLAR","JPY","JAPANESE YEN","11","BRU","09/16/25","","","","","","","","","","","","","","","","","","","","","","","","0","","","","","","0.000000","","0.000000","0.000000","","0.000000","","","","","","","","","","","","","0.006794","","","","","","","","","","09/12/25","09/17/25","09/12/25","9:01:27 AM EDT","","","","","","","","","","","","0","0","0","","","","","5829291059","","","","","","","",""
"156481","NYLI HEALTHY HEARTS ETF","1564813920","NYLI HEALTHY HEARTS ETF","","","","USD","UNITED STATES DOLLAR","JPY","JAPANESE YEN","11","BRU","09/17/25","","","","","","","","","","","","","","","","","","","","","","","","0","","","","","","0.000000","","0.000000","0.000000","","0.000000","","","","","","","","","","","","","0.006794","","","","","","","","","","09/12/25","09/17/25","09/12/25","9:01:27 AM EDT","","","","","","","","","","","","0","0","0","","","","","5829291059","","","","","","","",""
"156481","NYLI HEALTHY HEARTS ETF","1564814580","NYLI HEALTHY HEARTS ETF","","","","USD","UNITED STATES DOLLAR","MYR","MALAYSIAN RINGGIT","11","BRU","09/12/25","","","","","","","","","","","","","","","","","","","","","","","","0","","","","","","0.000000","","0.000000","0.000000","","0.000000","","","","","","","","","","","","","0.236855","","","","","","","","","","09/12/25","09/17/25","09/12/25","9:01:27 AM EDT","","","","","","","","","","","","0","0","0","","","","","5829291059","","","","","","","",""
"156481","NYLI HEALTHY HEARTS ETF","1564814580","NYLI HEALTHY HEARTS ETF","","","","USD","UNITED STATES DOLLAR","MYR","MALAYSIAN RINGGIT","11","BRU","09/17/25","","","","","","","","","","","","","","","","","","","","","","","","0","","","","","","0.000000","","0.000000","0.000000","","0.000000","","","","","","","","","","","","","0.236855","","","","","","","","","","09/12/25","09/17/25","09/12/25","9:01:27 AM EDT","","","","","","","","","","","","0","0","0","","","","","5829291059","","","","","","","",""
"156481","NYLI HEALTHY HEARTS ETF","1564814840","NYLI HEALTHY HEARTS ETF","","","","USD","UNITED STATES DOLLAR","MXN","MEXICAN PESO","10","BRU","09/12/25","","","","","","","","","","","","","","","","","","","","","","","","0","","","","","","0.000000","","0.000000","0.000000","","0.000000","","","","","","","","","","","","","0.053959","","","","","","","","","","09/12/25","09/17/25","09/12/25","9:01:27 AM EDT","","","","","","","","","","","","0","0","0","","","","","5829291059","","","","","","","",""
"156481","NYLI HEALTHY HEARTS ETF","1564814840","NYLI HEALTHY HEARTS ETF","","","","USD","UNITED STATES DOLLAR","MXN","MEXICAN PESO","10","BRU","09/15/25","","","","","","","","","","","","","","","","","","","","","","","","0","","","","","","0.000000","","0.000000","0.000000","","0.000000","","","","","","","","","","","","","0.053959","","","","","","","","","","09/12/25","09/17/25","09/12/25","9:01:27 AM EDT","","","","","","","","","","","","0","0","0","","","","","5829291059","","","","","","","",""
"156481","NYLI HEALTHY HEARTS ETF","1564814840","NYLI HEALTHY HEARTS ETF","","","","USD","UNITED STATES DOLLAR","MXN","MEXICAN PESO","10","BRU","09/17/25","","","","","","","","","","","","","","","","","","","","","","","","0","","","","","","0.000000","","0.000000","0.000000","","0.000000","","","","","","","","","","","","","0.053959","","","","","","","","","","09/12/25","09/17/25","09/12/25","9:01:27 AM EDT","","","","","","","","","","","","0","0","0","","","","","5829291059","","","","","","","",""
"156481","NYLI HEALTHY HEARTS ETF","1564813760","NYLI HEALTHY HEARTS ETF","","","","USD","UNITED STATES DOLLAR","ILS","NEW ISRAELI SHEKEL","10","BRU","09/12/25","","","","","","","","","","","","","","","","","","","","","","","","0","","","","","","0.000000","","0.000000","0.000000","","0.000000","","","","","","","","","","","","","0.300960","","","","","","","","","","09/12/25","09/17/25","09/12/25","9:01:27 AM EDT","","","","","","","","","","","","0","0","0","","","","","5829291059","","","","","","","",""
"156481","NYLI HEALTHY HEARTS ETF","1564813760","NYLI HEALTHY HEARTS ETF","","","","USD","UNITED STATES DOLLAR","ILS","NEW ISRAELI SHEKEL","10","BRU","09/15/25","","","","","","","","","","","","","","","","","","","","","","","","0","","","","","","0.000000","","0.000000","0.000000","","0.000000","","","","","","","","","","","","","0.300960","","","","","","","","","","09/12/25","09/17/25","09/12/25","9:01:27 AM EDT","","","","","","","","","","","","0","0","0","","","","","5829291059","","","","","","","",""
"156481","NYLI HEALTHY HEARTS ETF","1564813760","NYLI HEALTHY HEARTS ETF","","","","USD","UNITED STATES DOLLAR","ILS","NEW ISRAELI SHEKEL","10","BRU","09/16/25","","","","","","","","","","","","","","","","","","","","","","","","0","","","","","","0.000000","","0.000000","0.000000","","0.000000","","","","","","","","","","","","","0.300960","","","","","","","","","","09/12/25","09/17/25","09/12/25","9:01:27 AM EDT","","","","","","","","","","","","0","0","0","","","","","5829291059","","","","","","","",""
"156481","NYLI HEALTHY HEARTS ETF","1564813760","NYLI HEALTHY HEARTS ETF","","","","USD","UNITED STATES DOLLAR","ILS","NEW ISRAELI SHEKEL","10","BRU","09/17/25","","","","","","","","","","","","","","","","","","","","","","","","0","","","","","","0.000000","","0.000000","0.000000","","0.000000","","","","","","","","","","","","","0.300960","","","","","","","","","","09/12/25","09/17/25","09/12/25","9:01:27 AM EDT","","","","","","","","","","","","0","0","0","","","","","5829291059","","","","","","","",""
"156481","NYLI HEALTHY HEARTS ETF","1564819010","NYLI HEALTHY HEARTS ETF","","","","USD","UNITED STATES DOLLAR","TWD","NEW TAIWAN DOLLAR","11","BRU","09/12/25","","","","","","","","","","","","","","","","","","","","","","","","0","","","","","","0.000000","","0.000000","0.000000","","0.000000","","","","","","","","","","","","","0.033006","","","","","","","","","","09/12/25","09/17/25","09/12/25","9:01:27 AM EDT","","","","","","","","","","","","0","0","0","","","","","5829291059","","","","","","","",""
"156481","NYLI HEALTHY HEARTS ETF","1564819010","NYLI HEALTHY HEARTS ETF","","","","USD","UNITED STATES DOLLAR","TWD","NEW TAIWAN DOLLAR","11","BRU","09/15/25","","","","","","","","","","","","","","","","","","","","","","","","0","","","","","","0.000000","","0.000000","0.000000","","0.000000","","","","","","","","","","","","","0.033006","","","","","","","","","","09/12/25","09/17/25","09/12/25","9:01:27 AM EDT","","","","","","","","","","","","0","0","0","","","","","5829291059","","","","","","","",""
"156481","NYLI HEALTHY HEARTS ETF","1564819010","NYLI HEALTHY HEARTS ETF","","","","USD","UNITED STATES DOLLAR","TWD","NEW TAIWAN DOLLAR","11","BRU","09/16/25","","","","","","","","","","","","","","","","","","","","","","","","0","","","","","","0.000000","","0.000000","0.000000","","0.000000","","","","","","","","","","","","","0.033006","","","","","","","","","","09/12/25","09/17/25","09/12/25","9:01:27 AM EDT","","","","","","","","","","","","0","0","0","","","","","5829291059","","","","","","","",""
"156481","NYLI HEALTHY HEARTS ETF","1564819010","NYLI HEALTHY HEARTS ETF","","","","USD","UNITED STATES DOLLAR","TWD","NEW TAIWAN DOLLAR","11","BRU","09/17/25","","","","","","","","","","","","","","","","","","","","","","","","0","","","","","","0.000000","","0.000000","0.000000","","0.000000","","","","","","","","","","","","","0.033006","","","","","","","","","","09/12/25","09/17/25","09/12/25","9:01:27 AM EDT","","","","","","","","","","","","0","0","0","","","","","5829291059","","","","","","","",""
"156481","NYLI HEALTHY HEARTS ETF","1564819490","NYLI HEALTHY HEARTS ETF","","","","USD","UNITED STATES DOLLAR","TRY","NEW TURKISH LIRA","10","BRU","09/12/25","","","","","","","","","","","","","","","","","","","","","","","","0","","","","","","0.000000","","0.000000","0.000000","","0.000000","","","","","","","","","","","","","0.024217","","","","","","","","","","09/12/25","09/17/25","09/12/25","9:01:27 AM EDT","","","","","","","","","","","","0","0","0","","","","","5829291059","","","","","","","",""
"156481","NYLI HEALTHY HEARTS ETF","1564819490","NYLI HEALTHY HEARTS ETF","","","","USD","UNITED STATES DOLLAR","TRY","NEW TURKISH LIRA","10","BRU","09/15/25","","","","","","","","","","","","","","","","","","","","","","","","0","","","","","","0.000000","","0.000000","0.000000","","0.000000","","","","","","","","","","","","","0.024217","","","","","","","","","","09/12/25","09/17/25","09/12/25","9:01:27 AM EDT","","","","","","","","","","","","0","0","0","","","","","5829291059","","","","","","","",""
"156481","NYLI HEALTHY HEARTS ETF","1564819490","NYLI HEALTHY HEARTS ETF","","","","USD","UNITED STATES DOLLAR","TRY","NEW TURKISH LIRA","10","BRU","09/16/25","","","","","","","","","","","","","","","","","","","","","","","","0","","","","","","0.000000","","0.000000","0.000000","","0.000000","","","","","","","","","","","","","0.024217","","","","","","","","","","09/12/25","09/17/25","09/12/25","9:01:27 AM EDT","","","","","","","","","","","","0","0","0","","","","","5829291059","","","","","","","",""
"156481","NYLI HEALTHY HEARTS ETF","1564819490","NYLI HEALTHY HEARTS ETF","","","","USD","UNITED STATES DOLLAR","TRY","NEW TURKISH LIRA","10","BRU","09/17/25","","","","","","","","","","","","","","","","","","","","","","","","0","","","","","","0.000000","","0.000000","0.000000","","0.000000","","","","","","","","","","","","","0.024217","","","","","","","","","","09/12/25","09/17/25","09/12/25","9:01:27 AM EDT","","","","","","","","","","","","0","0","0","","","","","5829291059","","","","","","","",""
"156481","NYLI HEALTHY HEARTS ETF","1564815540","NYLI HEALTHY HEARTS ETF","","","","USD","UNITED STATES DOLLAR","NZD","NEW ZEALAND DOLLAR","11","BRU","09/12/25","","","","","","","","","","","","","","","","","","","","","","","","0","","","","","","0.000000","","0.000000","0.000000","","0.000000","","","","","","","","","","","","","0.596250","","","","","","","","","","09/12/25","09/17/25","09/12/25","9:01:27 AM EDT","","","","","","","","","","","","0","0","0","","","","","5829291059","","","","","","","",""
"156481","NYLI HEALTHY HEARTS ETF","1564815540","NYLI HEALTHY HEARTS ETF","","","","USD","UNITED STATES DOLLAR","NZD","NEW ZEALAND DOLLAR","11","BRU","09/15/25","","","","","","","","","","","","","","","","","","","","","","","","0","","","","","","0.000000","","0.000000","0.000000","","0.000000","","","","","","","","","","","","","0.596250","","","","","","","","","","09/12/25","09/17/25","09/12/25","9:01:27 AM EDT","","","","","","","","","","","","0","0","0","","","","","5829291059","","","","","","","",""
"156481","NYLI HEALTHY HEARTS ETF","1564815540","NYLI HEALTHY HEARTS ETF","","","","USD","UNITED STATES DOLLAR","NZD","NEW ZEALAND DOLLAR","11","BRU","09/16/25","","","","","","","","","","","","","","","","","","","","","","","","0","","","","","","0.000000","","0.000000","0.000000","","0.000000","","","","","","","","","","","","","0.596250","","","","","","","","","","09/12/25","09/17/25","09/12/25","9:01:27 AM EDT","","","","","","","","","","","","0","0","0","","","","","5829291059","","","","","","","",""
"156481","NYLI HEALTHY HEARTS ETF","1564815540","NYLI HEALTHY HEARTS ETF","","","","USD","UNITED STATES DOLLAR","NZD","NEW ZEALAND DOLLAR","11","BRU","09/17/25","","","","","","","","","","","","","","","","","","","","","","","","0","","","","","","0.000000","","0.000000","0.000000","","0.000000","","","","","","","","","","","","","0.596250","","","","","","","","","","09/12/25","09/17/25","09/12/25","9:01:27 AM EDT","","","","","","","","","","","","0","0","0","","","","","5829291059","","","","","","","",""
"156481","NYLI HEALTHY HEARTS ETF","1564815780","NYLI HEALTHY HEARTS ETF","","","","USD","UNITED STATES DOLLAR","NOK","NORWEGIAN KRONE","10","BRU","09/12/25","","","","","","","","","","","","","","","","","","","","","","","","0","","","","","","0.340000","","0.340000","0.030000","","0.030000","","","","","","","","","","","","","0.101207","","","","","","","","","","09/12/25","09/17/25","09/12/25","9:01:27 AM EDT","","","","","","","","","","","","0","0","0","","","","","5829291059","","","","","","","",""
"156481","NYLI HEALTHY HEARTS ETF","1564815780","NYLI HEALTHY HEARTS ETF","","","","USD","UNITED STATES DOLLAR","NOK","NORWEGIAN KRONE","10","BRU","09/15/25","","","","","","","","","","","","","","","","","","","","","","","","0","","","","","","0.340000","","0.340000","0.030000","","0.030000","","","","","","","","","","","","","0.101207","","","","","","","","","","09/12/25","09/17/25","09/12/25","9:01:27 AM EDT","","","","","","","","","","","","0","0","0","","","","","5829291059","","","","","","","",""
"156481","NYLI HEALTHY HEARTS ETF","1564815780","NYLI HEALTHY HEARTS ETF","","","","USD","UNITED STATES DOLLAR","NOK","NORWEGIAN KRONE","10","BRU","09/16/25","","","","","","","","","","","","","","","","","","","","","","","","0","","","","","","0.340000","","0.340000","0.030000","","0.030000","","","","","","","","","","","","","0.101207","","","","","","","","","","09/12/25","09/17/25","09/12/25","9:01:27 AM EDT","","","","","","","","","","","","0","0","0","","","","","5829291059","","","","","","","",""
"156481","NYLI HEALTHY HEARTS ETF","1564815780","NYLI HEALTHY HEARTS ETF","","","","USD","UNITED STATES DOLLAR","NOK","NORWEGIAN KRONE","10","BRU","09/17/25","","","","","","","","","","","","","","","","","","","","","","","","0","","","","","","0.340000","","0.340000","0.030000","","0.030000","","","","","","","","","","","","","0.101207","","","","","","","","","","09/12/25","09/17/25","09/12/25","9:01:27 AM EDT","","","","","","","","","","","","0","0","0","","","","","5829291059","","","","","","","",""
"156481","NYLI HEALTHY HEARTS ETF","1564816040","NYLI HEALTHY HEARTS ETF","","","","USD","UNITED STATES DOLLAR","PEN","PERUVIAN NUEVO SOL","10","BRU","09/12/25","","","","","","","","","","","","","","","","","","","","","","","","0","","","","","","0.000000","","0.000000","0.000000","","0.000000","","","","","","","","","","","","","0.288064","","","","","","","","","","09/12/25","09/17/25","09/12/25","9:01:27 AM EDT","","","","","","","","","","","","0","0","0","","","","","5829291059","","","","","","","",""
"156481","NYLI HEALTHY HEARTS ETF","1564816040","NYLI HEALTHY HEARTS ETF","","","","USD","UNITED STATES DOLLAR","PEN","PERUVIAN NUEVO SOL","10","BRU","09/15/25","","","","","","","","","","","","","","","","","","","","","","","","0","","","","","","0.000000","","0.000000","0.000000","","0.000000","","","","","","","","","","","","","0.288064","","","","","","","","","","09/12/25","09/17/25","09/12/25","9:01:27 AM EDT","","","","","","","","","","","","0","0","0","","","","","5829291059","","","","","","","",""
"156481","NYLI HEALTHY HEARTS ETF","1564816040","NYLI HEALTHY HEARTS ETF","","","","USD","UNITED STATES DOLLAR","PEN","PERUVIAN NUEVO SOL","10","BRU","09/16/25","","","","","","","","","","","","","","","","","","","","","","","","0","","","","","","0.000000","","0.000000","0.000000","","0.000000","","","","","","","","","","","","","0.288064","","","","","","","","","","09/12/25","09/17/25","09/12/25","9:01:27 AM EDT","","","","","","","","","","","","0","0","0","","","","","5829291059","","","","","","","",""
"156481","NYLI HEALTHY HEARTS ETF","1564816040","NYLI HEALTHY HEARTS ETF","","","","USD","UNITED STATES DOLLAR","PEN","PERUVIAN NUEVO SOL","10","BRU","09/17/25","","","","","","","","","","","","","","","","","","","","","","","","0","","","","","","0.000000","","0.000000","0.000000","","0.000000","","","","","","","","","","","","","0.288064","","","","","","","","","","09/12/25","09/17/25","09/12/25","9:01:27 AM EDT","","","","","","","","","","","","0","0","0","","","","","5829291059","","","","","","","",""
"156481","NYLI HEALTHY HEARTS ETF","1564816080","NYLI HEALTHY HEARTS ETF","","","","USD","UNITED STATES DOLLAR","PHP","PHILIPPINE PESO","11","BRU","09/12/25","","","","","","","","","","","","","","","","","","","","","","","","0","","","","","","0.000000","","0.000000","0.000000","","0.000000","","","","","","","","","","","","","0.017487","","","","","","","","","","09/12/25","09/17/25","09/12/25","9:01:27 AM EDT","","","","","","","","","","","","0","0","0","","","","","5829291059","","","","","","","",""
"156481","NYLI HEALTHY HEARTS ETF","1564816080","NYLI HEALTHY HEARTS ETF","","","","USD","UNITED STATES DOLLAR","PHP","PHILIPPINE PESO","11","BRU","09/15/25","","","","","","","","","","","","","","","","","","","","","","","","0","","","","","","0.000000","","0.000000","0.000000","","0.000000","","","","","","","","","","","","","0.017487","","","","","","","","","","09/12/25","09/17/25","09/12/25","9:01:27 AM EDT","","","","","","","","","","","","0","0","0","","","","","5829291059","","","","","","","",""
"156481","NYLI HEALTHY HEARTS ETF","1564816080","NYLI HEALTHY HEARTS ETF","","","","USD","UNITED STATES DOLLAR","PHP","PHILIPPINE PESO","11","BRU","09/16/25","","","","","","","","","","","","","","","","","","","","","","","","0","","","","","","0.000000","","0.000000","0.000000","","0.000000","","","","","","","","","","","","","0.017487","","","","","","","","","","09/12/25","09/17/25","09/12/25","9:01:27 AM EDT","","","","","","","","","","","","0","0","0","","","","","5829291059","","","","","","","",""
"156481","NYLI HEALTHY HEARTS ETF","1564816080","NYLI HEALTHY HEARTS ETF","","","","USD","UNITED STATES DOLLAR","PHP","PHILIPPINE PESO","11","BRU","09/17/25","","","","","","","","","","","","","","","","","","","","","","","","0","","","","","","0.000000","","0.000000","0.000000","","0.000000","","","","","","","","","","","","","0.017487","","","","","","","","","","09/12/25","09/17/25","09/12/25","9:01:27 AM EDT","","","","","","","","","","","","0","0","0","","","","","5829291059","","","","","","","",""
"156481","NYLI HEALTHY HEARTS ETF","1564819850","NYLI HEALTHY HEARTS ETF","","","","USD","UNITED STATES DOLLAR","PLN","POLISH ZLOTY","10","BRU","09/12/25","","","","","","","","","","","","","","","","","","","","","","","","0","","","","","","0.000000","","0.000000","0.000000","","0.000000","","","","","","","","","","","","","0.275596","","","","","","","","","","09/12/25","09/17/25","09/12/25","9:01:27 AM EDT","","","","","","","","","","","","0","0","0","","","","","5829291059","","","","","","","",""
"156481","NYLI HEALTHY HEARTS ETF","1564819850","NYLI HEALTHY HEARTS ETF","","","","USD","UNITED STATES DOLLAR","PLN","POLISH ZLOTY","10","BRU","09/15/25","","","","","","","","","","","","","","","","","","","","","","","","0","","","","","","0.000000","","0.000000","0.000000","","0.000000","","","","","","","","","","","","","0.275596","","","","","","","","","","09/12/25","09/17/25","09/12/25","9:01:27 AM EDT","","","","","","","","","","","","0","0","0","","","","","5829291059","","","","","","","",""
"156481","NYLI HEALTHY HEARTS ETF","1564819850","NYLI HEALTHY HEARTS ETF","","","","USD","UNITED STATES DOLLAR","PLN","POLISH ZLOTY","10","BRU","09/16/25","","","","","","","","","","","","","","","","","","","","","","","","0","","","","","","0.000000","","0.000000","0.000000","","0.000000","","","","","","","","","","","","","0.275596","","","","","","","","","","09/12/25","09/17/25","09/12/25","9:01:27 AM EDT","","","","","","","","","","","","0","0","0","","","","","5829291059","","","","","","","",""
"156481","NYLI HEALTHY HEARTS ETF","1564819850","NYLI HEALTHY HEARTS ETF","","","","USD","UNITED STATES DOLLAR","PLN","POLISH ZLOTY","10","BRU","09/17/25","","","","","","","","","","","","","","","","","","","","","","","","0","","","","","","0.000000","","0.000000","0.000000","","0.000000","","","","","","","","","","","","","0.275596","","","","","","","","","","09/12/25","09/17/25","09/12/25","9:01:27 AM EDT","","","","","","","","","","","","0","0","0","","","","","5829291059","","","","","","","",""
"156481","NYLI HEALTHY HEARTS ETF","1564818260","NYLI HEALTHY HEARTS ETF","","","","USD","UNITED STATES DOLLAR","GBP","POUND STERLING","10","BRU","09/12/25","","","","","","","","","","","","","","","","","","","","","","","","0","","","","","","0.180000","","0.180000","0.240000","","0.240000","","","","","","","","","","","","","1.355850","","","","","","","","","","09/12/25","09/17/25","09/12/25","9:01:27 AM EDT","","","","","","","","","","","","0","0","0","","","","","5829291059","","","","","","","",""
"156481","NYLI HEALTHY HEARTS ETF","1564818260","NYLI HEALTHY HEARTS ETF","","","","USD","UNITED STATES DOLLAR","GBP","POUND STERLING","10","BRU","09/15/25","","","","","","","","","","","","","","","","","","","","","","","","0","","","","","","0.180000","","0.180000","0.240000","","0.240000","","","","","","","","","","","","","1.355850","","","","","","","","","","09/12/25","09/17/25","09/12/25","9:01:27 AM EDT","","","","","","","","","","","","0","0","0","","","","","5829291059","","","","","","","",""
"156481","NYLI HEALTHY HEARTS ETF","1564818260","NYLI HEALTHY HEARTS ETF","","","","USD","UNITED STATES DOLLAR","GBP","POUND STERLING","10","BRU","09/16/25","","","","","","","","","","","","","","","","","","","","","","","","0","","","","","","0.180000","","0.180000","0.240000","","0.240000","","","","","","","","","","","","","1.355850","","","","","","","","","","09/12/25","09/17/25","09/12/25","9:01:27 AM EDT","","","","","","","","","","","","0","0","0","","","","","5829291059","","","","","","","",""
"156481","NYLI HEALTHY HEARTS ETF","1564818260","NYLI HEALTHY HEARTS ETF","","","","USD","UNITED STATES DOLLAR","GBP","POUND STERLING","10","BRU","09/17/25","","","","","","","","","","","","","","","","","","","","","","","","0","","","","","","0.180000","","0.180000","0.240000","","0.240000","","","","","","","","","","","","","1.355850","","","","","","","","","","09/12/25","09/17/25","09/12/25","9:01:27 AM EDT","","","","","","","","","","","","0","0","0","","","","","5829291059","","","","","","","",""
"156481","NYLI HEALTHY HEARTS ETF","1564810020","NYLI HEALTHY HEARTS ETF","","","","USD","UNITED STATES DOLLAR","RUB","RUSSIAN RUBLE","10","BRU","09/12/25","","","","","","","","","","","","","","","","","","","","","","","","0","","","","","","0.000000","","0.000000","0.000000","","0.000000","","","","","","","","","","","","","0.011796","","","","","","","","","","09/12/25","09/17/25","09/12/25","9:01:27 AM EDT","","","","","","","","","","","","0","0","0","","","","","5829291059","","","","","","","",""
"156481","NYLI HEALTHY HEARTS ETF","1564810020","NYLI HEALTHY HEARTS ETF","","","","USD","UNITED STATES DOLLAR","RUB","RUSSIAN RUBLE","10","BRU","09/15/25","","","","","","","","","","","","","","","","","","","","","","","","0","","","","","","0.000000","","0.000000","0.000000","","0.000000","","","","","","","","","","","","","0.011796","","","","","","","","","","09/12/25","09/17/25","09/12/25","9:01:27 AM EDT","","","","","","","","","","","","0","0","0","","","","","5829291059","","","","","","","",""
"156481","NYLI HEALTHY HEARTS ETF","1564810020","NYLI HEALTHY HEARTS ETF","","","","USD","UNITED STATES DOLLAR","RUB","RUSSIAN RUBLE","10","BRU","09/16/25","","","","","","","","","","","","","","","","","","","","","","","","0","","","","","","0.000000","","0.000000","0.000000","","0.000000","","","","","","","","","","","","","0.011796","","","","","","","","","","09/12/25","09/17/25","09/12/25","9:01:27 AM EDT","","","","","","","","","","","","0","0","0","","","","","5829291059","","","","","","","",""
"156481","NYLI HEALTHY HEARTS ETF","1564810020","NYLI HEALTHY HEARTS ETF","","","","USD","UNITED STATES DOLLAR","RUB","RUSSIAN RUBLE","10","BRU","09/17/25","","","","","","","","","","","","","","","","","","","","","","","","0","","","","","","0.000000","","0.000000","0.000000","","0.000000","","","","","","","","","","","","","0.011796","","","","","","","","","","09/12/25","09/17/25","09/12/25","9:01:27 AM EDT","","","","","","","","","","","","0","0","0","","","","","5829291059","","","","","","","",""
"156481","NYLI HEALTHY HEARTS ETF","1564817020","NYLI HEALTHY HEARTS ETF","","","","USD","UNITED STATES DOLLAR","SGD","SINGAPORE DOLLAR","11","BRU","09/12/25","","","","","","","","","","","","","","","","","","","","","","","","0","","","","","","0.000000","","0.000000","0.000000","","0.000000","","","","","","","","","","","","","0.779970","","","","","","","","","","09/12/25","09/17/25","09/12/25","9:01:27 AM EDT","","","","","","","","","","","","0","0","0","","","","","5829291059","","","","","","","",""
"156481","NYLI HEALTHY HEARTS ETF","1564817020","NYLI HEALTHY HEARTS ETF","","","","USD","UNITED STATES DOLLAR","SGD","SINGAPORE DOLLAR","11","BRU","09/15/25","","","","","","","","","","","","","","","","","","","","","","","","0","","","","","","0.000000","","0.000000","0.000000","","0.000000","","","","","","","","","","","","","0.779970","","","","","","","","","","09/12/25","09/17/25","09/12/25","9:01:27 AM EDT","","","","","","","","","","","","0","0","0","","","","","5829291059","","","","","","","",""
"156481","NYLI HEALTHY HEARTS ETF","1564817020","NYLI HEALTHY HEARTS ETF","","","","USD","UNITED STATES DOLLAR","SGD","SINGAPORE DOLLAR","11","BRU","09/16/25","","","","","","","","","","","","","","","","","","","","","","","","0","","","","","","0.000000","","0.000000","0.000000","","0.000000","","","","","","","","","","","","","0.779970","","","","","","","","","","09/12/25","09/17/25","09/12/25","9:01:27 AM EDT","","","","","","","","","","","","0","0","0","","","","","5829291059","","","","","","","",""
"156481","NYLI HEALTHY HEARTS ETF","1564817020","NYLI HEALTHY HEARTS ETF","","","","USD","UNITED STATES DOLLAR","SGD","SINGAPORE DOLLAR","11","BRU","09/17/25","","","","","","","","","","","","","","","","","","","","","","","","0","","","","","","0.000000","","0.000000","0.000000","","0.000000","","","","","","","","","","","","","0.779970","","","","","","","","","","09/12/25","09/17/25","09/12/25","9:01:27 AM EDT","","","","","","","","","","","","0","0","0","","","","","5829291059","","","","","","","",""
"156481","NYLI HEALTHY HEARTS ETF","1564817100","NYLI HEALTHY HEARTS ETF","","","","USD","UNITED STATES DOLLAR","ZAR","SOUTH AFRICAN RAND","10","BRU","09/12/25","","","","","","","","","","","","","","","","","","","","","","","","0","","","","","","0.000000","","0.000000","0.000000","","0.000000","","","","","","","","","","","","","0.057401","","","","","","","","","","09/12/25","09/17/25","09/12/25","9:01:27 AM EDT","","","","","","","","","","","","0","0","0","","","","","5829291059","","","","","","","",""
"156481","NYLI HEALTHY HEARTS ETF","1564817100","NYLI HEALTHY HEARTS ETF","","","","USD","UNITED STATES DOLLAR","ZAR","SOUTH AFRICAN RAND","10","BRU","09/15/25","","","","","","","","","","","","","","","","","","","","","","","","0","","","","","","0.000000","","0.000000","0.000000","","0.000000","","","","","","","","","","","","","0.057401","","","","","","","","","","09/12/25","09/17/25","09/12/25","9:01:27 AM EDT","","","","","","","","","","","","0","0","0","","","","","5829291059","","","","","","","",""
"156481","NYLI HEALTHY HEARTS ETF","1564817100","NYLI HEALTHY HEARTS ETF","","","","USD","UNITED STATES DOLLAR","ZAR","SOUTH AFRICAN RAND","10","BRU","09/16/25","","","","","","","","","","","","","","","","","","","","","","","","0","","","","","","0.000000","","0.000000","0.000000","","0.000000","","","","","","","","","","","","","0.057401","","","","","","","","","","09/12/25","09/17/25","09/12/25","9:01:27 AM EDT","","","","","","","","","","","","0","0","0","","","","","5829291059","","","","","","","",""
"156481","NYLI HEALTHY HEARTS ETF","1564817100","NYLI HEALTHY HEARTS ETF","","","","USD","UNITED STATES DOLLAR","ZAR","SOUTH AFRICAN RAND","10","BRU","09/17/25","","","","","","","","","","","","","","","","","","","","","","","","0","","","","","","0.000000","","0.000000","0.000000","","0.000000","","","","","","","","","","","","","0.057401","","","","","","","","","","09/12/25","09/17/25","09/12/25","9:01:27 AM EDT","","","","","","","","","","","","0","0","0","","","","","5829291059","","","","","","","",""
"156481","NYLI HEALTHY HEARTS ETF","1564814100","NYLI HEALTHY HEARTS ETF","","","","USD","UNITED STATES DOLLAR","KRW","SOUTH KOREAN WON","11","BRU","09/12/25","","","","","","","","","","","","","","","","","","","","","","","","0","","","","","","9.000000","","9.000000","0.010000","","0.010000","","","","","","","","","","","","","0.000718","","","","","","","","","","09/12/25","09/17/25","09/12/25","9:01:27 AM EDT","","","","","","","","","","","","0","0","0","","","","","5829291059","","","","","","","",""
"156481","NYLI HEALTHY HEARTS ETF","1564814100","NYLI HEALTHY HEARTS ETF","","","","USD","UNITED STATES DOLLAR","KRW","SOUTH KOREAN WON","11","BRU","09/15/25","","","","","","","","","","","","","","","","","","","","","","","","0","","","","","","9.000000","","9.000000","0.010000","","0.010000","","","","","","","","","","","","","0.000718","","","","","","","","","","09/12/25","09/17/25","09/12/25","9:01:27 AM EDT","","","","","","","","","","","","0","0","0","","","","","5829291059","","","","","","","",""
"156481","NYLI HEALTHY HEARTS ETF","1564814100","NYLI HEALTHY HEARTS ETF","","","","USD","UNITED STATES DOLLAR","KRW","SOUTH KOREAN WON","11","BRU","09/16/25","","","","","","","","","","","","","","","","","","","","","","","","0","","","","","","9.000000","","9.000000","0.010000","","0.010000","","","","","","","","","","","","","0.000718","","","","","","","","","","09/12/25","09/17/25","09/12/25","9:01:27 AM EDT","","","","","","","","","","","","0","0","0","","","","","5829291059","","","","","","","",""
"156481","NYLI HEALTHY HEARTS ETF","1564814100","NYLI HEALTHY HEARTS ETF","","","","USD","UNITED STATES DOLLAR","KRW","SOUTH KOREAN WON","11","BRU","09/17/25","","","","","","","","","","","","","","","","","","","","","","","","0","","","","","","9.000000","","9.000000","0.010000","","0.010000","","","","","","","","","","","","","0.000718","","","","","","","","","","09/12/25","09/17/25","09/12/25","9:01:27 AM EDT","","","","","","","","","","","","0","0","0","","","","","5829291059","","","","","","","",""
"156481","NYLI HEALTHY HEARTS ETF","1564817520","NYLI HEALTHY HEARTS ETF","","","","USD","UNITED STATES DOLLAR","SEK","SWEDISH KRONA","10","BRU","09/12/25","","","","","","","","","","","","","","","","","","","","","","","","0","","","","","","0.000000","","0.000000","0.000000","","0.000000","","","","","","","","","","","","","0.107252","","","","","","","","","","09/12/25","09/17/25","09/12/25","9:01:27 AM EDT","","","","","","","","","","","","0","0","0","","","","","5829291059","","","","","","","",""
"156481","NYLI HEALTHY HEARTS ETF","1564817520","NYLI HEALTHY HEARTS ETF","","","","USD","UNITED STATES DOLLAR","SEK","SWEDISH KRONA","10","BRU","09/15/25","","","","","","","","","","","","","","","","","","","","","","","","0","","","","","","0.000000","","0.000000","0.000000","","0.000000","","","","","","","","","","","","","0.107252","","","","","","","","","","09/12/25","09/17/25","09/12/25","9:01:27 AM EDT","","","","","","","","","","","","0","0","0","","","","","5829291059","","","","","","","",""
"156481","NYLI HEALTHY HEARTS ETF","1564817520","NYLI HEALTHY HEARTS ETF","","","","USD","UNITED STATES DOLLAR","SEK","SWEDISH KRONA","10","BRU","09/16/25","","","","","","","","","","","","","","","","","","","","","","","","0","","","","","","0.000000","","0.000000","0.000000","","0.000000","","","","","","","","","","","","","0.107252","","","","","","","","","","09/12/25","09/17/25","09/12/25","9:01:27 AM EDT","","","","","","","","","","","","0","0","0","","","","","5829291059","","","","","","","",""
"156481","NYLI HEALTHY HEARTS ETF","1564817520","NYLI HEALTHY HEARTS ETF","","","","USD","UNITED STATES DOLLAR","SEK","SWEDISH KRONA","10","BRU","09/17/25","","","","","","","","","","","","","","","","","","","","","","","","0","","","","","","0.000000","","0.000000","0.000000","","0.000000","","","","","","","","","","","","","0.107252","","","","","","","","","","09/12/25","09/17/25","09/12/25","9:01:27 AM EDT","","","","","","","","","","","","0","0","0","","","","","5829291059","","","","","","","",""
"156481","NYLI HEALTHY HEARTS ETF","1564817560","NYLI HEALTHY HEARTS ETF","","","","USD","UNITED STATES DOLLAR","CHF","SWISS FRANC","10","BRU","09/12/25","","","","","","","","","","","","","","","","","","","","","","","","0","","","","","","0.000000","","0.000000","0.000000","","0.000000","","","","","","","","","","","","","1.256360","","","","","","","","","","09/12/25","09/17/25","09/12/25","9:01:27 AM EDT","","","","","","","","","","","","0","0","0","","","","","5829291059","","","","","","","",""
"156481","NYLI HEALTHY HEARTS ETF","1564817560","NYLI HEALTHY HEARTS ETF","","","","USD","UNITED STATES DOLLAR","CHF","SWISS FRANC","10","BRU","09/15/25","","","","","","","","","","","","","","","","","","","","","","","","0","","","","","","0.000000","","0.000000","0.000000","","0.000000","","","","","","","","","","","","","1.256360","","","","","","","","","","09/12/25","09/17/25","09/12/25","9:01:27 AM EDT","","","","","","","","","","","","0","0","0","","","","","5829291059","","","","","","","",""
"156481","NYLI HEALTHY HEARTS ETF","1564817560","NYLI HEALTHY HEARTS ETF","","","","USD","UNITED STATES DOLLAR","CHF","SWISS FRANC","10","BRU","09/16/25","","","","","","","","","","","","","","","","","","","","","","","","0","","","","","","0.000000","","0.000000","0.000000","","0.000000","","","","","","","","","","","","","1.256360","","","","","","","","","","09/12/25","09/17/25","09/12/25","9:01:27 AM EDT","","","","","","","","","","","","0","0","0","","","","","5829291059","","","","","","","",""
"156481","NYLI HEALTHY HEARTS ETF","1564817560","NYLI HEALTHY HEARTS ETF","","","","USD","UNITED STATES DOLLAR","CHF","SWISS FRANC","10","BRU","09/17/25","","","","","","","","","","","","","","","","","","","","","","","","0","","","","","","0.000000","","0.000000","0.000000","","0.000000","","","","","","","","","","","","","1.256360","","","","","","","","","","09/12/25","09/17/25","09/12/25","9:01:27 AM EDT","","","","","","","","","","","","0","0","0","","","","","5829291059","","","","","","","",""
"156481","NYLI HEALTHY HEARTS ETF","1564817640","NYLI HEALTHY HEARTS ETF","","","","USD","UNITED STATES DOLLAR","THB","THAILAND BAHT","11","BRU","09/12/25","","","","","","","","","","","","","","","","","","","","","","","","0","","","","","","0.220000","","0.220000","0.010000","","0.010000","","","","","","","","","","","","","0.031397","","","","","","","","","","09/12/25","09/17/25","09/12/25","9:01:27 AM EDT","","","","","","","","","","","","0","0","0","","","","","5829291059","","","","","","","",""
"156481","NYLI HEALTHY HEARTS ETF","1564817640","NYLI HEALTHY HEARTS ETF","","","","USD","UNITED STATES DOLLAR","THB","THAILAND BAHT","11","BRU","09/15/25","","","","","","","","","","","","","","","","","","","","","","","","0","","","","","","0.220000","","0.220000","0.010000","","0.010000","","","","","","","","","","","","","0.031397","","","","","","","","","","09/12/25","09/17/25","09/12/25","9:01:27 AM EDT","","","","","","","","","","","","0","0","0","","","","","5829291059","","","","","","","",""
"156481","NYLI HEALTHY HEARTS ETF","1564817640","NYLI HEALTHY HEARTS ETF","","","","USD","UNITED STATES DOLLAR","THB","THAILAND BAHT","11","BRU","09/16/25","","","","","","","","","","","","","","","","","","","","","","","","0","","","","","","0.220000","","0.220000","0.010000","","0.010000","","","","","","","","","","","","","0.031397","","","","","","","","","","09/12/25","09/17/25","09/12/25","9:01:27 AM EDT","","","","","","","","","","","","0","0","0","","","","","5829291059","","","","","","","",""
"156481","NYLI HEALTHY HEARTS ETF","1564817640","NYLI HEALTHY HEARTS ETF","","","","USD","UNITED STATES DOLLAR","THB","THAILAND BAHT","11","BRU","09/17/25","","","","","","","","","","","","","","","","","","","","","","","","0","","","","","","0.220000","","0.220000","0.010000","","0.010000","","","","","","","","","","","","","0.031397","","","","","","","","","","09/12/25","09/17/25","09/12/25","9:01:27 AM EDT","","","","","","","","","","","","0","0","0","","","","","5829291059","","","","","","","",""
"156481","NYLI HEALTHY HEARTS ETF","1564817646","NYLI HEALTHY HEARTS ETF","","","","USD","UNITED STATES DOLLAR","THB","THAILAND BAHT","11","BRU","09/12/25","","","","","","","","","","","","","","","","","","","","","","","","0","","","","","","0.000000","","0.000000","0.000000","","0.000000","","","","","","","","","","","","","0.031397","","","","","","","","","","09/12/25","09/17/25","09/12/25","9:01:27 AM EDT","","","","","","","","","","","","0","0","0","","","","","5829291059","","","","","","","",""
"156481","NYLI HEALTHY HEARTS ETF","1564817646","NYLI HEALTHY HEARTS ETF","","","","USD","UNITED STATES DOLLAR","THB","THAILAND BAHT","11","BRU","09/15/25","","","","","","","","","","","","","","","","","","","","","","","","0","","","","","","0.000000","","0.000000","0.000000","","0.000000","","","","","","","","","","","","","0.031397","","","","","","","","","","09/12/25","09/17/25","09/12/25","9:01:27 AM EDT","","","","","","","","","","","","0","0","0","","","","","5829291059","","","","","","","",""
"156481","NYLI HEALTHY HEARTS ETF","1564817646","NYLI HEALTHY HEARTS ETF","","","","USD","UNITED STATES DOLLAR","THB","THAILAND BAHT","11","BRU","09/16/25","","","","","","","","","","","","","","","","","","","","","","","","0","","","","","","0.000000","","0.000000","0.000000","","0.000000","","","","","","","","","","","","","0.031397","","","","","","","","","","09/12/25","09/17/25","09/12/25","9:01:27 AM EDT","","","","","","","","","","","","0","0","0","","","","","5829291059","","","","","","","",""
"156481","NYLI HEALTHY HEARTS ETF","1564817646","NYLI HEALTHY HEARTS ETF","","","","USD","UNITED STATES DOLLAR","THB","THAILAND BAHT","11","BRU","09/17/25","","","","","","","","","","","","","","","","","","","","","","","","0","","","","","","0.000000","","0.000000","0.000000","","0.000000","","","","","","","","","","","","","0.031397","","","","","","","","","","09/12/25","09/17/25","09/12/25","9:01:27 AM EDT","","","","","","","","","","","","0","0","0","","","","","5829291059","","","","","","","",""
"156481","NYLI HEALTHY HEARTS ETF","1564818400","NYLI HEALTHY HEARTS ETF","","","","USD","UNITED STATES DOLLAR","USD","UNITED STATES DOLLAR","31","NYG","09/12/25","","","","","","","","","","","","","","","","","","","","","","","","0","","","","","","27616.290000","","27616.290000","27616.290000","","27616.290000","","","","","","","","","","","","","1.000000","","","","","","","","","","09/12/25","09/17/25","09/12/25","9:01:27 AM EDT","","","","","","","","","","","","0","0","0","","","","","5829291059","","","","","","","",""
"156481","NYLI HEALTHY HEARTS ETF","1564818400","NYLI HEALTHY HEARTS ETF","X9X9USDDIRM7","","","USD","UNITED STATES DOLLAR","USD","UNITED STATES DOLLAR","31","NYG","09/12/25","","","","","","","","","","","","","","","","","","","","","","","","0","","","","","","27616.290000","","27616.290000","27616.290000","","27616.290000","","","","","","","","","","","","","1.000000","","","X9X9USDDIRM7","","","","","","","09/12/25","09/17/25","09/12/25","9:01:27 AM EDT","","","","","","","","","","","","0","0","0","","","","","5829291059","","","","","","","",""
"156481","NYLI HEALTHY HEARTS ETF","1564818400","NYLI HEALTHY HEARTS ETF","","","","USD","UNITED STATES DOLLAR","USD","UNITED STATES DOLLAR","31","NYG","09/15/25","","","","","","","","","","","","","","","","","","","","","","","","0","","","","","","27616.290000","","27616.290000","27616.290000","","27616.290000","","","","","","","","","","","","","1.000000","","","","","","","","","","09/12/25","09/17/25","09/12/25","9:01:27 AM EDT","","","","","","","","","","","","0","0","0","","","","","5829291059","","","","","","","",""
"156481","NYLI HEALTHY HEARTS ETF","1564818400","NYLI HEALTHY HEARTS ETF","","","","USD","UNITED STATES DOLLAR","USD","UNITED STATES DOLLAR","31","NYG","09/16/25","","","","","","","","","","","","","","","","","","","","","","","","0","","","","","","27616.290000","","27616.290000","27616.290000","","27616.290000","","","","","","","","","","","","","1.000000","","","","","","","","","","09/12/25","09/17/25","09/12/25","9:01:27 AM EDT","","","","","","","","","","","","0","0","0","","","","","5829291059","","","","","","","",""
"156481","NYLI HEALTHY HEARTS ETF","1564818400","NYLI HEALTHY HEARTS ETF","","","","USD","UNITED STATES DOLLAR","USD","UNITED STATES DOLLAR","31","NYG","09/17/25","","","","","","","","","","","","","","","","","","","","","","","","0","","","","","","27616.290000","","27616.290000","27616.290000","","27616.290000","","","","","","","","","","","","","1.000000","","","","","","","","","","09/12/25","09/17/25","09/12/25","9:01:27 AM EDT","","","","","","","","","","","","0","0","0","","","","","5829291059","","","","","","","",""
"157506","NYLIM LLC INDEXIQ ETF 2252","1575068400","NYLIM LLC INDEXIQ ETF 2252","","","","USD","UNITED STATES DOLLAR","USD","UNITED STATES DOLLAR","31","NYG","09/12/25","","","","","","","","","","","","","","","","","","","","","","","","0","","","","","","14078768.900000","","14078768.900000","14078768.900000","","14078768.900000","","","","","","","","","","","","","1.000000","","","","","","","","","","09/12/25","09/17/25","09/12/25","9:01:27 AM EDT","","","","","","","","","","","","0","0","0","","","","","9937706319","","","","","","","",""
"157506","NYLIM LLC INDEXIQ ETF 2252","1575068400","NYLIM LLC INDEXIQ ETF 2252","X9X9USDDRET1","","","USD","UNITED STATES DOLLAR","USD","UNITED STATES DOLLAR","31","NYG","09/12/25","","","","","","","","","","","","","","","","","","","","","","","","0","","","","","","14078768.900000","","14078768.900000","14078768.900000","","14078768.900000","","","","","","","","","","","","","1.000000","","","X9X9USDDRET1","","","","","","","09/12/25","09/17/25","09/12/25","9:01:27 AM EDT","","","","","","","","","","","","0","0","0","","","","","9937706319","","","","","","","",""
"157506","NYLIM LLC INDEXIQ ETF 2252","1575068400","NYLIM LLC INDEXIQ ETF 2252","","","","USD","UNITED STATES DOLLAR","USD","UNITED STATES DOLLAR","31","NYG","09/15/25","","","","","","","","","","","","","","","","","","","","","","","","0","","","","","","14078768.900000","","14078768.900000","14078768.900000","","14078768.900000","","","","","","","","","","","","","1.000000","","","","","","","","","","09/12/25","09/17/25","09/12/25","9:01:27 AM EDT","","","","","","","","","","","","0","0","0","","","","","9937706319","","","","","","","",""
"157506","NYLIM LLC INDEXIQ ETF 2252","1575068400","NYLIM LLC INDEXIQ ETF 2252","","","","USD","UNITED STATES DOLLAR","USD","UNITED STATES DOLLAR","31","NYG","09/16/25","","","","","","","","","","","","","","","","","","","","","","","","0","","","","","","14078768.900000","","14078768.900000","14078768.900000","","14078768.900000","","","","","","","","","","","","","1.000000","","","","","","","","","","09/12/25","09/17/25","09/12/25","9:01:27 AM EDT","","","","","","","","","","","","0","0","0","","","","","9937706319","","","","","","","",""
"157506","NYLIM LLC INDEXIQ ETF 2252","1575068400","NYLIM LLC INDEXIQ ETF 2252","","","","USD","UNITED STATES DOLLAR","USD","UNITED STATES DOLLAR","31","NYG","09/17/25","","","","","","","","","","","","","","","","","","","","","","","","0","","","","","","14078768.900000","","14078768.900000","14078768.900000","","14078768.900000","","","","","","","","","","","","","1.000000","","","","","","","","","","09/12/25","09/17/25","09/12/25","9:01:27 AM EDT","","","","","","","","","","","","0","0","0","","","","","9937706319","","","","","","","",""
"198801","IQ CHAIKIN US LARGE CAP ETF","1988018400","IQ CHAIKIN US LARGE CAP ETF","","","","USD","UNITED STATES DOLLAR","USD","UNITED STATES DOLLAR","31","NYG","09/12/25","","","","","","","","","","","","","","","","","","","","","","","","0","","","","","","26.170000","","26.170000","26.170000","","26.170000","","","","","","","","","","","","","1.000000","","","","","","","","","","09/12/25","09/17/25","09/12/25","9:01:27 AM EDT","","","","","","","","","","","","0","0","0","","","","","5829291022","","","","","","","",""
"198801","IQ CHAIKIN US LARGE CAP ETF","1988018400","IQ CHAIKIN US LARGE CAP ETF","X9X9USDALS02","","","USD","UNITED STATES DOLLAR","USD","UNITED STATES DOLLAR","31","NYG","09/12/25","","","","","","","","","","","","","","","","","","","","","","","","0","","","","","","26.170000","","26.170000","26.170000","","26.170000","","","","","","","","","","","","","1.000000","","","X9X9USDALS02","","","","","","","09/12/25","09/17/25","09/12/25","9:01:27 AM EDT","","","","","","","","","","","","0","0","0","","","","","5829291022","","","","","","","",""
"198801","IQ CHAIKIN US LARGE CAP ETF","1988018400","IQ CHAIKIN US LARGE CAP ETF","X9X9USDDIRM7","","","USD","UNITED STATES DOLLAR","USD","UNITED STATES DOLLAR","31","NYG","09/12/25","","","","","","","","","","","","","","","","","","","","","","","","0","","","","","","26.170000","","26.170000","26.170000","","26.170000","","","","","","","","","","","","","1.000000","","","X9X9USDDIRM7","","","","","","","09/12/25","09/17/25","09/12/25","9:01:27 AM EDT","","","","","","","","","","","","0","0","0","","","","","5829291022","","","","","","","",""
"198801","IQ CHAIKIN US LARGE CAP ETF","1988018400","IQ CHAIKIN US LARGE CAP ETF","","","","USD","UNITED STATES DOLLAR","USD","UNITED STATES DOLLAR","31","NYG","09/15/25","","","","","","","","","","","","","","","","","","","","","","","","0","","","","","","26.170000","","26.170000","26.170000","","26.170000","","","","","","","","","","","","","1.000000","","","","","","","","","","09/12/25","09/17/25","09/12/25","9:01:27 AM EDT","","","","","","","","","","","","0","0","0","","","","","5829291022","","","","","","","",""
"198801","IQ CHAIKIN US LARGE CAP ETF","1988018400","IQ CHAIKIN US LARGE CAP ETF","","","","USD","UNITED STATES DOLLAR","USD","UNITED STATES DOLLAR","31","NYG","09/16/25","","","","","","","","","","","","","","","","","","","","","","","","0","","","","","","26.170000","","26.170000","26.170000","","26.170000","","","","","","","","","","","","","1.000000","","","","","","","","","","09/12/25","09/17/25","09/12/25","9:01:27 AM EDT","","","","","","","","","","","","0","0","0","","","","","5829291022","","","","","","","",""
"198801","IQ CHAIKIN US LARGE CAP ETF","1988018400","IQ CHAIKIN US LARGE CAP ETF","","","","USD","UNITED STATES DOLLAR","USD","UNITED STATES DOLLAR","31","NYG","09/17/25","","","","","","","","","","","","","","","","","","","","","","","","0","","","","","","26.170000","","26.170000","26.170000","","26.170000","","","","","","","","","","","","","1.000000","","","","","","","","","","09/12/25","09/17/25","09/12/25","9:01:27 AM EDT","","","","","","","","","","","","0","0","0","","","","","5829291022","","","","","","","",""
"212154","IQ REAL RETURN ETF","2121548400","IQ REAL RETURN ETF","","","","USD","UNITED STATES DOLLAR","USD","UNITED STATES DOLLAR","31","NYG","09/12/25","","","","","","","","","","","","","","","","","","","","","","","","0","","","","","","0.000000","","0.000000","0.000000","","0.000000","","","","","","","","","","","","","1.000000","","","","","","","","","","09/12/25","09/17/25","09/12/25","9:01:27 AM EDT","","","","","","","","","","","","0","0","0","","","","","5829290598","","","","","","","",""
"212154","IQ REAL RETURN ETF","2121548400","IQ REAL RETURN ETF","X9X9USDALS02","","","USD","UNITED STATES DOLLAR","USD","UNITED STATES DOLLAR","31","NYG","09/12/25","","","","","","","","","","","","","","","","","","","","","","","","0","","","","","","0.000000","","0.000000","0.000000","","0.000000","","","","","","","","","","","","","1.000000","","","X9X9USDALS02","","","","","","","09/12/25","09/17/25","09/12/25","9:01:27 AM EDT","","","","","","","","","","","","0","0","0","","","","","5829290598","","","","","","","",""
"212154","IQ REAL RETURN ETF","2121548400","IQ REAL RETURN ETF","X9X9USDDIRM7","","","USD","UNITED STATES DOLLAR","USD","UNITED STATES DOLLAR","31","NYG","09/12/25","","","","","","","","","","","","","","","","","","","","","","","","0","","","","","","0.000000","","0.000000","0.000000","","0.000000","","","","","","","","","","","","","1.000000","","","X9X9USDDIRM7","","","","","","","09/12/25","09/17/25","09/12/25","9:01:27 AM EDT","","","","","","","","","","","","0","0","0","","","","","5829290598","","","","","","","",""
"212154","IQ REAL RETURN ETF","2121548400","IQ REAL RETURN ETF","","","","USD","UNITED STATES DOLLAR","USD","UNITED STATES DOLLAR","31","NYG","09/15/25","","","","","","","","","","","","","","","","","","","","","","","","0","","","","","","0.000000","","0.000000","0.000000","","0.000000","","","","","","","","","","","","","1.000000","","","","","","","","","","09/12/25","09/17/25","09/12/25","9:01:27 AM EDT","","","","","","","","","","","","0","0","0","","","","","5829290598","","","","","","","",""
"212154","IQ REAL RETURN ETF","2121548400","IQ REAL RETURN ETF","","","","USD","UNITED STATES DOLLAR","USD","UNITED STATES DOLLAR","31","NYG","09/16/25","","","","","","","","","","","","","","","","","","","","","","","","0","","","","","","0.000000","","0.000000","0.000000","","0.000000","","","","","","","","","","","","","1.000000","","","","","","","","","","09/12/25","09/17/25","09/12/25","9:01:27 AM EDT","","","","","","","","","","","","0","0","0","","","","","5829290598","","","","","","","",""
"212154","IQ REAL RETURN ETF","2121548400","IQ REAL RETURN ETF","","","","USD","UNITED STATES DOLLAR","USD","UNITED STATES DOLLAR","31","NYG","09/17/25","","","","","","","","","","","","","","","","","","","","","","","","0","","","","","","0.000000","","0.000000","0.000000","","0.000000","","","","","","","","","","","","","1.000000","","","","","","","","","","09/12/25","09/17/25","09/12/25","9:01:27 AM EDT","","","","","","","","","","","","0","0","0","","","","","5829290598","","","","","","","",""
"212156","NYLI MERGER ARBITRAGE ETF","2121560360","NYLI MERGER ARBITRAGE ETF","","","","USD","UNITED STATES DOLLAR","AUD","AUSTRALIAN DOLLAR","11","BRU","09/12/25","","","","","","","","","","","","","","","","","","","","","","","","0","","","","","","-1.830000","","-1.830000","-1.220000","","-1.220000","","","","","","","","","","","","","0.664850","","","","","","","","","","09/12/25","09/17/25","09/12/25","9:01:27 AM EDT","","","","","","","","","","","","0","0","0","","","","","5829290091","","","","","","","",""
"212156","NYLI MERGER ARBITRAGE ETF","2121560360","NYLI MERGER ARBITRAGE ETF","","","","USD","UNITED STATES DOLLAR","AUD","AUSTRALIAN DOLLAR","11","BRU","09/15/25","","","","","","","","","","","","","","","","","","","","","","","","0","","","","","","-1.830000","","-1.830000","-1.220000","","-1.220000","","","","","","","","","","","","","0.664850","","","","","","","","","","09/12/25","09/17/25","09/12/25","9:01:27 AM EDT","","","","","","","","","","","","0","0","0","","","","","5829290091","","","","","","","",""
"212156","NYLI MERGER ARBITRAGE ETF","2121560360","NYLI MERGER ARBITRAGE ETF","","","","USD","UNITED STATES DOLLAR","AUD","AUSTRALIAN DOLLAR","11","BRU","09/16/25","","","","","","","","","","","","","","","","","","","","","","","","0","","","","","","-1.830000","","-1.830000","-1.220000","","-1.220000","","","","","","","","","","","","","0.664850","","","","","","","","","","09/12/25","09/17/25","09/12/25","9:01:27 AM EDT","","","","","","","","","","","","0","0","0","","","","","5829290091","","","","","","","",""
"212156","NYLI MERGER ARBITRAGE ETF","2121560360","NYLI MERGER ARBITRAGE ETF","","","","USD","UNITED STATES DOLLAR","AUD","AUSTRALIAN DOLLAR","11","BRU","09/17/25","","","","","","","","","","","","","","","","","","","","","","","","0","","","","","","-1.830000","","-1.830000","-1.220000","","-1.220000","","","","","","","","","","","","","0.664850","","","","","","","","","","09/12/25","09/17/25","09/12/25","9:01:27 AM EDT","","","","","","","","","","","","0","0","0","","","","","5829290091","","","","","","","",""
"212156","NYLI MERGER ARBITRAGE ETF","2121561240","NYLI MERGER ARBITRAGE ETF","","","","USD","UNITED STATES DOLLAR","CAD","CANADIAN DOLLAR","10","BRU","09/12/25","","","","","","","","","","","","","","","","","","","","","","","","0","","","","","","0.430000","","0.430000","0.310000","","0.310000","","","","","","","","","","","","","0.722465","","","","","","","","","","09/12/25","09/17/25","09/12/25","9:01:27 AM EDT","","","","","","","","","","","","0","0","0","","","","","5829290091","","","","","","","",""
"212156","NYLI MERGER ARBITRAGE ETF","2121561240","NYLI MERGER ARBITRAGE ETF","","","","USD","UNITED STATES DOLLAR","CAD","CANADIAN DOLLAR","10","BRU","09/16/25","","","","","","","","","","","","","","","","","","","","","","","","0","","","","","","11486.920000","","11486.920000","8298.900000","","8298.900000","","","","","","","","","","","","","0.722465","","","","","","","","","","09/12/25","09/17/25","09/12/25","9:01:27 AM EDT","","","","","","","","","","","","0","0","0","","","","","5829290091","","","","","","","",""
"212156","NYLI MERGER ARBITRAGE ETF","2121561240","NYLI MERGER ARBITRAGE ETF","","","","USD","UNITED STATES DOLLAR","CAD","CANADIAN DOLLAR","10","BRU","09/17/25","","","","","","","","","","","","","","","","","","","","","","","","0","","","","","","11486.920000","","11486.920000","8298.900000","","8298.900000","","","","","","","","","","","","","0.722465","","","","","","","","","","09/12/25","09/17/25","09/12/25","9:01:27 AM EDT","","","","","","","","","","","","0","0","0","","","","","5829290091","","","","","","","",""
"212156","NYLI MERGER ARBITRAGE ETF","2121562080","NYLI MERGER ARBITRAGE ETF","","","","USD","UNITED STATES DOLLAR","DKK","DANISH KRONE","10","BRU","09/12/25","","","","","","","","","","","","","","","","","","","","","","","","0","","","","","","-8.000000","","-8.000000","-1.260000","","-1.260000","","","","","","","","","","","","","0.157118","","","","","","","","","","09/12/25","09/17/25","09/12/25","9:01:27 AM EDT","","","","","","","","","","","","0","0","0","","","","","5829290091","","","","","","","",""
"212156","NYLI MERGER ARBITRAGE ETF","2121562080","NYLI MERGER ARBITRAGE ETF","","","","USD","UNITED STATES DOLLAR","DKK","DANISH KRONE","10","BRU","09/15/25","","","","","","","","","","","","","","","","","","","","","","","","0","","","","","","-8.000000","","-8.000000","-1.260000","","-1.260000","","","","","","","","","","","","","0.157118","","","","","","","","","","09/12/25","09/17/25","09/12/25","9:01:27 AM EDT","","","","","","","","","","","","0","0","0","","","","","5829290091","","","","","","","",""
"212156","NYLI MERGER ARBITRAGE ETF","2121562080","NYLI MERGER ARBITRAGE ETF","","","","USD","UNITED STATES DOLLAR","DKK","DANISH KRONE","10","BRU","09/16/25","","","","","","","","","","","","","","","","","","","","","","","","0","","","","","","-8.000000","","-8.000000","-1.260000","","-1.260000","","","","","","","","","","","","","0.157118","","","","","","","","","","09/12/25","09/17/25","09/12/25","9:01:27 AM EDT","","","","","","","","","","","","0","0","0","","","","","5829290091","","","","","","","",""
"212156","NYLI MERGER ARBITRAGE ETF","2121562080","NYLI MERGER ARBITRAGE ETF","","","","USD","UNITED STATES DOLLAR","DKK","DANISH KRONE","10","BRU","09/17/25","","","","","","","","","","","","","","","","","","","","","","","","0","","","","","","-8.000000","","-8.000000","-1.260000","","-1.260000","","","","","","","","","","","","","0.157118","","","","","","","","","","09/12/25","09/17/25","09/12/25","9:01:27 AM EDT","","","","","","","","","","","","0","0","0","","","","","5829290091","","","","","","","",""
"212156","NYLI MERGER ARBITRAGE ETF","2121569780","NYLI MERGER ARBITRAGE ETF","","","","USD","UNITED STATES DOLLAR","EUR","EURO","10","BRU","09/12/25","","","","","","","","","","","","","","","","","","","","","","","","0","","","","","","-10501.120000","","-10501.120000","-12315.710000","","-12315.710000","","","","","","","","","","","","","1.172800","","","","","","","","","","09/12/25","09/17/25","09/12/25","9:01:27 AM EDT","","","","","","","","","","","","0","0","0","","","","","5829290091","","","","","","","",""
"212156","NYLI MERGER ARBITRAGE ETF","2121569780","NYLI MERGER ARBITRAGE ETF","","","","USD","UNITED STATES DOLLAR","EUR","EURO","10","BRU","09/15/25","","","","","","","","","","","","","","","","","","","","","","","","0","","","","","","-10501.120000","","-10501.120000","-12315.710000","","-12315.710000","","","","","","","","","","","","","1.172800","","","","","","","","","","09/12/25","09/17/25","09/12/25","9:01:27 AM EDT","","","","","","","","","","","","0","0","0","","","","","5829290091","","","","","","","",""
"212156","NYLI MERGER ARBITRAGE ETF","2121569780","NYLI MERGER ARBITRAGE ETF","","","","USD","UNITED STATES DOLLAR","EUR","EURO","10","BRU","09/16/25","","","","","","","","","","","","","","","","","","","","","","","","0","","","","","","-10501.120000","","-10501.120000","-12315.710000","","-12315.710000","","","","","","","","","","","","","1.172800","","","","","","","","","","09/12/25","09/17/25","09/12/25","9:01:27 AM EDT","","","","","","","","","","","","0","0","0","","","","","5829290091","","","","","","","",""
"212156","NYLI MERGER ARBITRAGE ETF","2121569780","NYLI MERGER ARBITRAGE ETF","","","","USD","UNITED STATES DOLLAR","EUR","EURO","10","BRU","09/17/25","","","","","","","","","","","","","","","","","","","","","","","","0","","","","","","-10501.120000","","-10501.120000","-12315.710000","","-12315.710000","","","","","","","","","","","","","1.172800","","","","","","","","","","09/12/25","09/17/25","09/12/25","9:01:27 AM EDT","","","","","","","","","","","","0","0","0","","","","","5829290091","","","","","","","",""
"212156","NYLI MERGER ARBITRAGE ETF","2121563440","NYLI MERGER ARBITRAGE ETF","","","","USD","UNITED STATES DOLLAR","HKD","HONG KONG DOLLAR","11","BRU","09/12/25","","","","","","","","","","","","","","","","","","","","","","","","0","","","","","","0.040000","","0.040000","0.010000","","0.010000","","","","","","","","","","","","","0.128379","","","","","","","","","","09/12/25","09/17/25","09/12/25","9:01:27 AM EDT","","","","","","","","","","","","0","0","0","","","","","5829290091","","","","","","","",""
"212156","NYLI MERGER ARBITRAGE ETF","2121563440","NYLI MERGER ARBITRAGE ETF","","","","USD","UNITED STATES DOLLAR","HKD","HONG KONG DOLLAR","11","BRU","09/15/25","","","","","","","","","","","","","","","","","","","","","","","","0","","","","","","0.040000","","0.040000","0.010000","","0.010000","","","","","","","","","","","","","0.128379","","","","","","","","","","09/12/25","09/17/25","09/12/25","9:01:27 AM EDT","","","","","","","","","","","","0","0","0","","","","","5829290091","","","","","","","",""
"212156","NYLI MERGER ARBITRAGE ETF","2121563440","NYLI MERGER ARBITRAGE ETF","","","","USD","UNITED STATES DOLLAR","HKD","HONG KONG DOLLAR","11","BRU","09/16/25","","","","","","","","","","","","","","","","","","","","","","","","0","","","","","","0.040000","","0.040000","0.010000","","0.010000","","","","","","","","","","","","","0.128379","","","","","","","","","","09/12/25","09/17/25","09/12/25","9:01:27 AM EDT","","","","","","","","","","","","0","0","0","","","","","5829290091","","","","","","","",""
"212156","NYLI MERGER ARBITRAGE ETF","2121563440","NYLI MERGER ARBITRAGE ETF","","","","USD","UNITED STATES DOLLAR","HKD","HONG KONG DOLLAR","11","BRU","09/17/25","","","","","","","","","","","","","","","","","","","","","","","","0","","","","","","0.040000","","0.040000","0.010000","","0.010000","","","","","","","","","","","","","0.128379","","","","","","","","","","09/12/25","09/17/25","09/12/25","9:01:27 AM EDT","","","","","","","","","","","","0","0","0","","","","","5829290091","","","","","","","",""
"212156","NYLI MERGER ARBITRAGE ETF","2121563920","NYLI MERGER ARBITRAGE ETF","","","","USD","UNITED STATES DOLLAR","JPY","JAPANESE YEN","11","BRU","09/12/25","","","","","","","","","","","","","","","","","","","","","","","","0","","","","","","-143.000000","","-143.000000","-0.970000","","-0.970000","","","","","","","","","","","","","0.006794","","","","","","","","","","09/12/25","09/17/25","09/12/25","9:01:27 AM EDT","","","","","","","","","","","","0","0","0","","","","","5829290091","","","","","","","",""
"212156","NYLI MERGER ARBITRAGE ETF","2121563920","NYLI MERGER ARBITRAGE ETF","","","","USD","UNITED STATES DOLLAR","JPY","JAPANESE YEN","11","BRU","09/16/25","","","","","","","","","","","","","","","","","","","","","","","","0","","","","","","-143.000000","","-143.000000","-0.970000","","-0.970000","","","","","","","","","","","","","0.006794","","","","","","","","","","09/12/25","09/17/25","09/12/25","9:01:27 AM EDT","","","","","","","","","","","","0","0","0","","","","","5829290091","","","","","","","",""
"212156","NYLI MERGER ARBITRAGE ETF","2121563920","NYLI MERGER ARBITRAGE ETF","","","","USD","UNITED STATES DOLLAR","JPY","JAPANESE YEN","11","BRU","09/17/25","","","","","","","","","","","","","","","","","","","","","","","","0","","","","","","-143.000000","","-143.000000","-0.970000","","-0.970000","","","","","","","","","","","","","0.006794","","","","","","","","","","09/12/25","09/17/25","09/12/25","9:01:27 AM EDT","","","","","","","","","","","","0","0","0","","","","","5829290091","","","","","","","",""
"212156","NYLI MERGER ARBITRAGE ETF","2121563760","NYLI MERGER ARBITRAGE ETF","","","","USD","UNITED STATES DOLLAR","ILS","NEW ISRAELI SHEKEL","10","BRU","09/12/25","","","","","","","","","","","","","","","","","","","","","","","","0","","","","","","0.000000","","0.000000","0.000000","","0.000000","","","","","","","","","","","","","0.300960","","","","","","","","","","09/12/25","09/17/25","09/12/25","9:01:27 AM EDT","","","","","","","","","","","","0","0","0","","","","","5829290091","","","","","","","",""
"212156","NYLI MERGER ARBITRAGE ETF","2121563760","NYLI MERGER ARBITRAGE ETF","","","","USD","UNITED STATES DOLLAR","ILS","NEW ISRAELI SHEKEL","10","BRU","09/15/25","","","","","","","","","","","","","","","","","","","","","","","","0","","","","","","0.000000","","0.000000","0.000000","","0.000000","","","","","","","","","","","","","0.300960","","","","","","","","","","09/12/25","09/17/25","09/12/25","9:01:27 AM EDT","","","","","","","","","","","","0","0","0","","","","","5829290091","","","","","","","",""
"212156","NYLI MERGER ARBITRAGE ETF","2121563760","NYLI MERGER ARBITRAGE ETF","","","","USD","UNITED STATES DOLLAR","ILS","NEW ISRAELI SHEKEL","10","BRU","09/16/25","","","","","","","","","","","","","","","","","","","","","","","","0","","","","","","0.000000","","0.000000","0.000000","","0.000000","","","","","","","","","","","","","0.300960","","","","","","","","","","09/12/25","09/17/25","09/12/25","9:01:27 AM EDT","","","","","","","","","","","","0","0","0","","","","","5829290091","","","","","","","",""
"212156","NYLI MERGER ARBITRAGE ETF","2121563760","NYLI MERGER ARBITRAGE ETF","","","","USD","UNITED STATES DOLLAR","ILS","NEW ISRAELI SHEKEL","10","BRU","09/17/25","","","","","","","","","","","","","","","","","","","","","","","","0","","","","","","0.000000","","0.000000","0.000000","","0.000000","","","","","","","","","","","","","0.300960","","","","","","","","","","09/12/25","09/17/25","09/12/25","9:01:27 AM EDT","","","","","","","","","","","","0","0","0","","","","","5829290091","","","","","","","",""
"212156","NYLI MERGER ARBITRAGE ETF","2121565540","NYLI MERGER ARBITRAGE ETF","","","","USD","UNITED STATES DOLLAR","NZD","NEW ZEALAND DOLLAR","11","BRU","09/12/25","","","","","","","","","","","","","","","","","","","","","","","","0","","","","","","0.000000","","0.000000","0.000000","","0.000000","","","","","","","","","","","","","0.596250","","","","","","","","","","09/12/25","09/17/25","09/12/25","9:01:27 AM EDT","","","","","","","","","","","","0","0","0","","","","","5829290091","","","","","","","",""
"212156","NYLI MERGER ARBITRAGE ETF","2121565540","NYLI MERGER ARBITRAGE ETF","","","","USD","UNITED STATES DOLLAR","NZD","NEW ZEALAND DOLLAR","11","BRU","09/15/25","","","","","","","","","","","","","","","","","","","","","","","","0","","","","","","0.000000","","0.000000","0.000000","","0.000000","","","","","","","","","","","","","0.596250","","","","","","","","","","09/12/25","09/17/25","09/12/25","9:01:27 AM EDT","","","","","","","","","","","","0","0","0","","","","","5829290091","","","","","","","",""
"212156","NYLI MERGER ARBITRAGE ETF","2121565540","NYLI MERGER ARBITRAGE ETF","","","","USD","UNITED STATES DOLLAR","NZD","NEW ZEALAND DOLLAR","11","BRU","09/16/25","","","","","","","","","","","","","","","","","","","","","","","","0","","","","","","0.000000","","0.000000","0.000000","","0.000000","","","","","","","","","","","","","0.596250","","","","","","","","","","09/12/25","09/17/25","09/12/25","9:01:27 AM EDT","","","","","","","","","","","","0","0","0","","","","","5829290091","","","","","","","",""
"212156","NYLI MERGER ARBITRAGE ETF","2121565540","NYLI MERGER ARBITRAGE ETF","","","","USD","UNITED STATES DOLLAR","NZD","NEW ZEALAND DOLLAR","11","BRU","09/17/25","","","","","","","","","","","","","","","","","","","","","","","","0","","","","","","0.000000","","0.000000","0.000000","","0.000000","","","","","","","","","","","","","0.596250","","","","","","","","","","09/12/25","09/17/25","09/12/25","9:01:27 AM EDT","","","","","","","","","","","","0","0","0","","","","","5829290091","","","","","","","",""
"212156","NYLI MERGER ARBITRAGE ETF","2121565780","NYLI MERGER ARBITRAGE ETF","","","","USD","UNITED STATES DOLLAR","NOK","NORWEGIAN KRONE","10","BRU","09/12/25","","","","","","","","","","","","","","","","","","","","","","","","0","","","","","","-5.550000","","-5.550000","-0.560000","","-0.560000","","","","","","","","","","","","","0.101207","","","","","","","","","","09/12/25","09/17/25","09/12/25","9:01:27 AM EDT","","","","","","","","","","","","0","0","0","","","","","5829290091","","","","","","","",""
"212156","NYLI MERGER ARBITRAGE ETF","2121565780","NYLI MERGER ARBITRAGE ETF","","","","USD","UNITED STATES DOLLAR","NOK","NORWEGIAN KRONE","10","BRU","09/15/25","","","","","","","","","","","","","","","","","","","","","","","","0","","","","","","-5.550000","","-5.550000","-0.560000","","-0.560000","","","","","","","","","","","","","0.101207","","","","","","","","","","09/12/25","09/17/25","09/12/25","9:01:27 AM EDT","","","","","","","","","","","","0","0","0","","","","","5829290091","","","","","","","",""
"212156","NYLI MERGER ARBITRAGE ETF","2121565780","NYLI MERGER ARBITRAGE ETF","","","","USD","UNITED STATES DOLLAR","NOK","NORWEGIAN KRONE","10","BRU","09/16/25","","","","","","","","","","","","","","","","","","","","","","","","0","","","","","","-5.550000","","-5.550000","-0.560000","","-0.560000","","","","","","","","","","","","","0.101207","","","","","","","","","","09/12/25","09/17/25","09/12/25","9:01:27 AM EDT","","","","","","","","","","","","0","0","0","","","","","5829290091","","","","","","","",""
"212156","NYLI MERGER ARBITRAGE ETF","2121565780","NYLI MERGER ARBITRAGE ETF","","","","USD","UNITED STATES DOLLAR","NOK","NORWEGIAN KRONE","10","BRU","09/17/25","","","","","","","","","","","","","","","","","","","","","","","","0","","","","","","-5.550000","","-5.550000","-0.560000","","-0.560000","","","","","","","","","","","","","0.101207","","","","","","","","","","09/12/25","09/17/25","09/12/25","9:01:27 AM EDT","","","","","","","","","","","","0","0","0","","","","","5829290091","","","","","","","",""
"212156","NYLI MERGER ARBITRAGE ETF","2121569850","NYLI MERGER ARBITRAGE ETF","","","","USD","UNITED STATES DOLLAR","PLN","POLISH ZLOTY","10","BRU","09/12/25","","","","","","","","","","","","","","","","","","","","","","","","0","","","","","","0.000000","","0.000000","0.000000","","0.000000","","","","","","","","","","","","","0.275596","","","","","","","","","","09/12/25","09/17/25","09/12/25","9:01:27 AM EDT","","","","","","","","","","","","0","0","0","","","","","5829290091","","","","","","","",""
"212156","NYLI MERGER ARBITRAGE ETF","2121569850","NYLI MERGER ARBITRAGE ETF","","","","USD","UNITED STATES DOLLAR","PLN","POLISH ZLOTY","10","BRU","09/15/25","","","","","","","","","","","","","","","","","","","","","","","","0","","","","","","0.000000","","0.000000","0.000000","","0.000000","","","","","","","","","","","","","0.275596","","","","","","","","","","09/12/25","09/17/25","09/12/25","9:01:27 AM EDT","","","","","","","","","","","","0","0","0","","","","","5829290091","","","","","","","",""
"212156","NYLI MERGER ARBITRAGE ETF","2121569850","NYLI MERGER ARBITRAGE ETF","","","","USD","UNITED STATES DOLLAR","PLN","POLISH ZLOTY","10","BRU","09/16/25","","","","","","","","","","","","","","","","","","","","","","","","0","","","","","","0.000000","","0.000000","0.000000","","0.000000","","","","","","","","","","","","","0.275596","","","","","","","","","","09/12/25","09/17/25","09/12/25","9:01:27 AM EDT","","","","","","","","","","","","0","0","0","","","","","5829290091","","","","","","","",""
"212156","NYLI MERGER ARBITRAGE ETF","2121569850","NYLI MERGER ARBITRAGE ETF","","","","USD","UNITED STATES DOLLAR","PLN","POLISH ZLOTY","10","BRU","09/17/25","","","","","","","","","","","","","","","","","","","","","","","","0","","","","","","0.000000","","0.000000","0.000000","","0.000000","","","","","","","","","","","","","0.275596","","","","","","","","","","09/12/25","09/17/25","09/12/25","9:01:27 AM EDT","","","","","","","","","","","","0","0","0","","","","","5829290091","","","","","","","",""
"212156","NYLI MERGER ARBITRAGE ETF","2121568260","NYLI MERGER ARBITRAGE ETF","","","","USD","UNITED STATES DOLLAR","GBP","POUND STERLING","10","BRU","09/12/25","","","","","","","","","","","","","","","","","","","","","","","","0","","","","","","-22606.660000","","-22606.660000","-30651.240000","","-30651.240000","","","","","","","","","","","","","1.355850","","","","","","","","","","09/12/25","09/17/25","09/12/25","9:01:27 AM EDT","","","","","","","","","","","","0","0","0","","","","","5829290091","","","","","","","",""
"212156","NYLI MERGER ARBITRAGE ETF","2121568260","NYLI MERGER ARBITRAGE ETF","","","","USD","UNITED STATES DOLLAR","GBP","POUND STERLING","10","BRU","09/16/25","","","","","","","","","","","","","","","","","","","","","","","","0","","","","","","-8567.240000","","-8567.240000","-11615.890000","","-11615.890000","","","","","","","","","","","","","1.355850","","","","","","","","","","09/12/25","09/17/25","09/12/25","9:01:27 AM EDT","","","","","","","","","","","","0","0","0","","","","","5829290091","","","","","","","",""
"212156","NYLI MERGER ARBITRAGE ETF","2121568260","NYLI MERGER ARBITRAGE ETF","","","","USD","UNITED STATES DOLLAR","GBP","POUND STERLING","10","BRU","09/17/25","","","","","","","","","","","","","","","","","","","","","","","","0","","","","","","-8567.240000","","-8567.240000","-11615.890000","","-11615.890000","","","","","","","","","","","","","1.355850","","","","","","","","","","09/12/25","09/17/25","09/12/25","9:01:27 AM EDT","","","","","","","","","","","","0","0","0","","","","","5829290091","","","","","","","",""
"212156","NYLI MERGER ARBITRAGE ETF","2121567020","NYLI MERGER ARBITRAGE ETF","","","","USD","UNITED STATES DOLLAR","SGD","SINGAPORE DOLLAR","11","BRU","09/12/25","","","","","","","","","","","","","","","","","","","","","","","","0","","","","","","0.720000","","0.720000","0.560000","","0.560000","","","","","","","","","","","","","0.779970","","","","","","","","","","09/12/25","09/17/25","09/12/25","9:01:27 AM EDT","","","","","","","","","","","","0","0","0","","","","","5829290091","","","","","","","",""
"212156","NYLI MERGER ARBITRAGE ETF","2121567020","NYLI MERGER ARBITRAGE ETF","","","","USD","UNITED STATES DOLLAR","SGD","SINGAPORE DOLLAR","11","BRU","09/15/25","","","","","","","","","","","","","","","","","","","","","","","","0","","","","","","0.720000","","0.720000","0.560000","","0.560000","","","","","","","","","","","","","0.779970","","","","","","","","","","09/12/25","09/17/25","09/12/25","9:01:27 AM EDT","","","","","","","","","","","","0","0","0","","","","","5829290091","","","","","","","",""
"212156","NYLI MERGER ARBITRAGE ETF","2121567020","NYLI MERGER ARBITRAGE ETF","","","","USD","UNITED STATES DOLLAR","SGD","SINGAPORE DOLLAR","11","BRU","09/16/25","","","","","","","","","","","","","","","","","","","","","","","","0","","","","","","0.720000","","0.720000","0.560000","","0.560000","","","","","","","","","","","","","0.779970","","","","","","","","","","09/12/25","09/17/25","09/12/25","9:01:27 AM EDT","","","","","","","","","","","","0","0","0","","","","","5829290091","","","","","","","",""
"212156","NYLI MERGER ARBITRAGE ETF","2121567020","NYLI MERGER ARBITRAGE ETF","","","","USD","UNITED STATES DOLLAR","SGD","SINGAPORE DOLLAR","11","BRU","09/17/25","","","","","","","","","","","","","","","","","","","","","","","","0","","","","","","0.720000","","0.720000","0.560000","","0.560000","","","","","","","","","","","","","0.779970","","","","","","","","","","09/12/25","09/17/25","09/12/25","9:01:27 AM EDT","","","","","","","","","","","","0","0","0","","","","","5829290091","","","","","","","",""
"212156","NYLI MERGER ARBITRAGE ETF","2121567520","NYLI MERGER ARBITRAGE ETF","","","","USD","UNITED STATES DOLLAR","SEK","SWEDISH KRONA","10","BRU","09/12/25","","","","","","","","","","","","","","","","","","","","","","","","0","","","","","","0.490000","","0.490000","0.050000","","0.050000","","","","","","","","","","","","","0.107252","","","","","","","","","","09/12/25","09/17/25","09/12/25","9:01:27 AM EDT","","","","","","","","","","","","0","0","0","","","","","5829290091","","","","","","","",""
"212156","NYLI MERGER ARBITRAGE ETF","2121567520","NYLI MERGER ARBITRAGE ETF","","","","USD","UNITED STATES DOLLAR","SEK","SWEDISH KRONA","10","BRU","09/15/25","","","","","","","","","","","","","","","","","","","","","","","","0","","","","","","0.490000","","0.490000","0.050000","","0.050000","","","","","","","","","","","","","0.107252","","","","","","","","","","09/12/25","09/17/25","09/12/25","9:01:27 AM EDT","","","","","","","","","","","","0","0","0","","","","","5829290091","","","","","","","",""
"212156","NYLI MERGER ARBITRAGE ETF","2121567520","NYLI MERGER ARBITRAGE ETF","","","","USD","UNITED STATES DOLLAR","SEK","SWEDISH KRONA","10","BRU","09/16/25","","","","","","","","","","","","","","","","","","","","","","","","0","","","","","","0.490000","","0.490000","0.050000","","0.050000","","","","","","","","","","","","","0.107252","","","","","","","","","","09/12/25","09/17/25","09/12/25","9:01:27 AM EDT","","","","","","","","","","","","0","0","0","","","","","5829290091","","","","","","","",""
"212156","NYLI MERGER ARBITRAGE ETF","2121567520","NYLI MERGER ARBITRAGE ETF","","","","USD","UNITED STATES DOLLAR","SEK","SWEDISH KRONA","10","BRU","09/17/25","","","","","","","","","","","","","","","","","","","","","","","","0","","","","","","0.490000","","0.490000","0.050000","","0.050000","","","","","","","","","","","","","0.107252","","","","","","","","","","09/12/25","09/17/25","09/12/25","9:01:27 AM EDT","","","","","","","","","","","","0","0","0","","","","","5829290091","","","","","","","",""
"212156","NYLI MERGER ARBITRAGE ETF","2121567560","NYLI MERGER ARBITRAGE ETF","","","","USD","UNITED STATES DOLLAR","CHF","SWISS FRANC","10","BRU","09/12/25","","","","","","","","","","","","","","","","","","","","","","","","0","","","","","","0.030000","","0.030000","0.040000","","0.040000","","","","","","","","","","","","","1.256360","","","","","","","","","","09/12/25","09/17/25","09/12/25","9:01:27 AM EDT","","","","","","","","","","","","0","0","0","","","","","5829290091","","","","","","","",""
"212156","NYLI MERGER ARBITRAGE ETF","2121567560","NYLI MERGER ARBITRAGE ETF","","","","USD","UNITED STATES DOLLAR","CHF","SWISS FRANC","10","BRU","09/15/25","","","","","","","","","","","","","","","","","","","","","","","","0","","","","","","0.030000","","0.030000","0.040000","","0.040000","","","","","","","","","","","","","1.256360","","","","","","","","","","09/12/25","09/17/25","09/12/25","9:01:27 AM EDT","","","","","","","","","","","","0","0","0","","","","","5829290091","","","","","","","",""
"212156","NYLI MERGER ARBITRAGE ETF","2121567560","NYLI MERGER ARBITRAGE ETF","","","","USD","UNITED STATES DOLLAR","CHF","SWISS FRANC","10","BRU","09/16/25","","","","","","","","","","","","","","","","","","","","","","","","0","","","","","","0.030000","","0.030000","0.040000","","0.040000","","","","","","","","","","","","","1.256360","","","","","","","","","","09/12/25","09/17/25","09/12/25","9:01:27 AM EDT","","","","","","","","","","","","0","0","0","","","","","5829290091","","","","","","","",""
"212156","NYLI MERGER ARBITRAGE ETF","2121567560","NYLI MERGER ARBITRAGE ETF","","","","USD","UNITED STATES DOLLAR","CHF","SWISS FRANC","10","BRU","09/17/25","","","","","","","","","","","","","","","","","","","","","","","","0","","","","","","0.030000","","0.030000","0.040000","","0.040000","","","","","","","","","","","","","1.256360","","","","","","","","","","09/12/25","09/17/25","09/12/25","9:01:27 AM EDT","","","","","","","","","","","","0","0","0","","","","","5829290091","","","","","","","",""
"212156","NYLI MERGER ARBITRAGE ETF","2121568400","NYLI MERGER ARBITRAGE ETF","X9X9USDALS02","","","USD","UNITED STATES DOLLAR","USD","UNITED STATES DOLLAR","31","NYG","09/12/25","","","","","","","","","","","","","","","","","","","","","","","","0","","","","","","-1439720.890000","","11828945.180000","-1439720.890000","","11828945.180000","","","","","","","","","","","","","1.000000","","","X9X9USDALS02","","","","","","","09/12/25","09/17/25","09/12/25","9:01:27 AM EDT","","","","","","","","","","","","0","0","0","","","","","5829290091","","","","","","","",""
"212156","NYLI MERGER ARBITRAGE ETF","2121568400","NYLI MERGER ARBITRAGE ETF","X9X9USDDIRM7","","","USD","UNITED STATES DOLLAR","USD","UNITED STATES DOLLAR","31","NYG","09/12/25","","","","","","","","","","","","","","","","","","","","","","","","0","","","","","","-1439720.890000","","11828945.180000","-1439720.890000","","11828945.180000","","","","","","","","","","","","","1.000000","","","X9X9USDDIRM7","","","","","","","09/12/25","09/17/25","09/12/25","9:01:27 AM EDT","","","","","","","","","","","","0","0","0","","","","","5829290091","","","","","","","",""
"212156","NYLI MERGER ARBITRAGE ETF","2121568400","NYLI MERGER ARBITRAGE ETF","","","","USD","UNITED STATES DOLLAR","USD","UNITED STATES DOLLAR","31","NYG","09/16/25","","","","","","","","","","","","","","","","","","","","","","","","0","","","","","","11854795.930000","","11854795.930000","11854795.930000","","11854795.930000","","","","","","","","","","","","","1.000000","","","","","","","","","","09/12/25","09/17/25","09/12/25","9:01:27 AM EDT","","","","","","","","","","","","0","0","0","","","","","5829290091","","","","","","","",""
"212156","NYLI MERGER ARBITRAGE ETF","2121568400","NYLI MERGER ARBITRAGE ETF","","","","USD","UNITED STATES DOLLAR","USD","UNITED STATES DOLLAR","31","NYG","09/17/25","","","","","","","","","","","","","","","","","","","","","","","","0","","","","","","11854795.930000","","11854795.930000","11854795.930000","","11854795.930000","","","","","","","","","","","","","1.000000","","","","","","","","","","09/12/25","09/17/25","09/12/25","9:01:27 AM EDT","","","","","","","","","","","","0","0","0","","","","","5829290091","","","","","","","",""
"212157","IQ GLOBAL RESOURCES ETF","2121570360","IQ GLOBAL RESOURCES ETF","","","","USD","UNITED STATES DOLLAR","AUD","AUSTRALIAN DOLLAR","11","BRU","09/12/25","","","","","","","","","","","","","","","","","","","","","","","","0","","","","","","0.000000","","0.000000","0.000000","","0.000000","","","","","","","","","","","","","0.664850","","","","","","","","","","09/12/25","09/17/25","09/12/25","9:01:27 AM EDT","","","","","","","","","","","","0","0","0","","","","","5829290083","","","","","","","",""
"212157","IQ GLOBAL RESOURCES ETF","2121570360","IQ GLOBAL RESOURCES ETF","","","","USD","UNITED STATES DOLLAR","AUD","AUSTRALIAN DOLLAR","11","BRU","09/15/25","","","","","","","","","","","","","","","","","","","","","","","","0","","","","","","0.000000","","0.000000","0.000000","","0.000000","","","","","","","","","","","","","0.664850","","","","","","","","","","09/12/25","09/17/25","09/12/25","9:01:27 AM EDT","","","","","","","","","","","","0","0","0","","","","","5829290083","","","","","","","",""
"212157","IQ GLOBAL RESOURCES ETF","2121570360","IQ GLOBAL RESOURCES ETF","","","","USD","UNITED STATES DOLLAR","AUD","AUSTRALIAN DOLLAR","11","BRU","09/16/25","","","","","","","","","","","","","","","","","","","","","","","","0","","","","","","0.000000","","0.000000","0.000000","","0.000000","","","","","","","","","","","","","0.664850","","","","","","","","","","09/12/25","09/17/25","09/12/25","9:01:27 AM EDT","","","","","","","","","","","","0","0","0","","","","","5829290083","","","","","","","",""
"212157","IQ GLOBAL RESOURCES ETF","2121570360","IQ GLOBAL RESOURCES ETF","","","","USD","UNITED STATES DOLLAR","AUD","AUSTRALIAN DOLLAR","11","BRU","09/17/25","","","","","","","","","","","","","","","","","","","","","","","","0","","","","","","0.000000","","0.000000","0.000000","","0.000000","","","","","","","","","","","","","0.664850","","","","","","","","","","09/12/25","09/17/25","09/12/25","9:01:27 AM EDT","","","","","","","","","","","","0","0","0","","","","","5829290083","","","","","","","",""
"212157","IQ GLOBAL RESOURCES ETF","2121571240","IQ GLOBAL RESOURCES ETF","","","","USD","UNITED STATES DOLLAR","CAD","CANADIAN DOLLAR","10","BRU","09/12/25","","","","","","","","","","","","","","","","","","","","","","","","0","","","","","","0.000000","","0.000000","0.000000","","0.000000","","","","","","","","","","","","","0.722465","","","","","","","","","","09/12/25","09/17/25","09/12/25","9:01:27 AM EDT","","","","","","","","","","","","0","0","0","","","","","5829290083","","","","","","","",""
"212157","IQ GLOBAL RESOURCES ETF","2121571240","IQ GLOBAL RESOURCES ETF","","","","USD","UNITED STATES DOLLAR","CAD","CANADIAN DOLLAR","10","BRU","09/15/25","","","","","","","","","","","","","","","","","","","","","","","","0","","","","","","0.000000","","0.000000","0.000000","","0.000000","","","","","","","","","","","","","0.722465","","","","","","","","","","09/12/25","09/17/25","09/12/25","9:01:27 AM EDT","","","","","","","","","","","","0","0","0","","","","","5829290083","","","","","","","",""
"212157","IQ GLOBAL RESOURCES ETF","2121571240","IQ GLOBAL RESOURCES ETF","","","","USD","UNITED STATES DOLLAR","CAD","CANADIAN DOLLAR","10","BRU","09/16/25","","","","","","","","","","","","","","","","","","","","","","","","0","","","","","","0.000000","","0.000000","0.000000","","0.000000","","","","","","","","","","","","","0.722465","","","","","","","","","","09/12/25","09/17/25","09/12/25","9:01:27 AM EDT","","","","","","","","","","","","0","0","0","","","","","5829290083","","","","","","","",""
"212157","IQ GLOBAL RESOURCES ETF","2121571240","IQ GLOBAL RESOURCES ETF","","","","USD","UNITED STATES DOLLAR","CAD","CANADIAN DOLLAR","10","BRU","09/17/25","","","","","","","","","","","","","","","","","","","","","","","","0","","","","","","0.000000","","0.000000","0.000000","","0.000000","","","","","","","","","","","","","0.722465","","","","","","","","","","09/12/25","09/17/25","09/12/25","9:01:27 AM EDT","","","","","","","","","","","","0","0","0","","","","","5829290083","","","","","","","",""
"212157","IQ GLOBAL RESOURCES ETF","2121572080","IQ GLOBAL RESOURCES ETF","","","","USD","UNITED STATES DOLLAR","DKK","DANISH KRONE","10","BRU","09/12/25","","","","","","","","","","","","","","","","","","","","","","","","0","","","","","","0.040000","","0.040000","0.010000","","0.010000","","","","","","","","","","","","","0.157118","","","","","","","","","","09/12/25","09/17/25","09/12/25","9:01:27 AM EDT","","","","","","","","","","","","0","0","0","","","","","5829290083","","","","","","","",""
"212157","IQ GLOBAL RESOURCES ETF","2121572080","IQ GLOBAL RESOURCES ETF","","","","USD","UNITED STATES DOLLAR","DKK","DANISH KRONE","10","BRU","09/15/25","","","","","","","","","","","","","","","","","","","","","","","","0","","","","","","0.040000","","0.040000","0.010000","","0.010000","","","","","","","","","","","","","0.157118","","","","","","","","","","09/12/25","09/17/25","09/12/25","9:01:27 AM EDT","","","","","","","","","","","","0","0","0","","","","","5829290083","","","","","","","",""
"212157","IQ GLOBAL RESOURCES ETF","2121572080","IQ GLOBAL RESOURCES ETF","","","","USD","UNITED STATES DOLLAR","DKK","DANISH KRONE","10","BRU","09/16/25","","","","","","","","","","","","","","","","","","","","","","","","0","","","","","","0.040000","","0.040000","0.010000","","0.010000","","","","","","","","","","","","","0.157118","","","","","","","","","","09/12/25","09/17/25","09/12/25","9:01:27 AM EDT","","","","","","","","","","","","0","0","0","","","","","5829290083","","","","","","","",""
"212157","IQ GLOBAL RESOURCES ETF","2121572080","IQ GLOBAL RESOURCES ETF","","","","USD","UNITED STATES DOLLAR","DKK","DANISH KRONE","10","BRU","09/17/25","","","","","","","","","","","","","","","","","","","","","","","","0","","","","","","0.040000","","0.040000","0.010000","","0.010000","","","","","","","","","","","","","0.157118","","","","","","","","","","09/12/25","09/17/25","09/12/25","9:01:27 AM EDT","","","","","","","","","","","","0","0","0","","","","","5829290083","","","","","","","",""
"212157","IQ GLOBAL RESOURCES ETF","2121579780","IQ GLOBAL RESOURCES ETF","","","","USD","UNITED STATES DOLLAR","EUR","EURO","10","BRU","09/12/25","","","","","","","","","","","","","","","","","","","","","","","","0","","","","","","3.490000","","3.490000","4.090000","","4.090000","","","","","","","","","","","","","1.172800","","","","","","","","","","09/12/25","09/17/25","09/12/25","9:01:27 AM EDT","","","","","","","","","","","","0","0","0","","","","","5829290083","","","","","","","",""
"212157","IQ GLOBAL RESOURCES ETF","2121579780","IQ GLOBAL RESOURCES ETF","","","","USD","UNITED STATES DOLLAR","EUR","EURO","10","BRU","09/15/25","","","","","","","","","","","","","","","","","","","","","","","","0","","","","","","3.490000","","3.490000","4.090000","","4.090000","","","","","","","","","","","","","1.172800","","","","","","","","","","09/12/25","09/17/25","09/12/25","9:01:27 AM EDT","","","","","","","","","","","","0","0","0","","","","","5829290083","","","","","","","",""
"212157","IQ GLOBAL RESOURCES ETF","2121579780","IQ GLOBAL RESOURCES ETF","","","","USD","UNITED STATES DOLLAR","EUR","EURO","10","BRU","09/16/25","","","","","","","","","","","","","","","","","","","","","","","","0","","","","","","3.490000","","3.490000","4.090000","","4.090000","","","","","","","","","","","","","1.172800","","","","","","","","","","09/12/25","09/17/25","09/12/25","9:01:27 AM EDT","","","","","","","","","","","","0","0","0","","","","","5829290083","","","","","","","",""
"212157","IQ GLOBAL RESOURCES ETF","2121579780","IQ GLOBAL RESOURCES ETF","","","","USD","UNITED STATES DOLLAR","EUR","EURO","10","BRU","09/17/25","","","","","","","","","","","","","","","","","","","","","","","","0","","","","","","3.490000","","3.490000","4.090000","","4.090000","","","","","","","","","","","","","1.172800","","","","","","","","","","09/12/25","09/17/25","09/12/25","9:01:27 AM EDT","","","","","","","","","","","","0","0","0","","","","","5829290083","","","","","","","",""
"212157","IQ GLOBAL RESOURCES ETF","2121573440","IQ GLOBAL RESOURCES ETF","","","","USD","UNITED STATES DOLLAR","HKD","HONG KONG DOLLAR","11","BRU","09/12/25","","","","","","","","","","","","","","","","","","","","","","","","0","","","","","","0.000000","","0.000000","0.000000","","0.000000","","","","","","","","","","","","","0.128379","","","","","","","","","","09/12/25","09/17/25","09/12/25","9:01:27 AM EDT","","","","","","","","","","","","0","0","0","","","","","5829290083","","","","","","","",""
"212157","IQ GLOBAL RESOURCES ETF","2121573440","IQ GLOBAL RESOURCES ETF","","","","USD","UNITED STATES DOLLAR","HKD","HONG KONG DOLLAR","11","BRU","09/15/25","","","","","","","","","","","","","","","","","","","","","","","","0","","","","","","0.000000","","0.000000","0.000000","","0.000000","","","","","","","","","","","","","0.128379","","","","","","","","","","09/12/25","09/17/25","09/12/25","9:01:27 AM EDT","","","","","","","","","","","","0","0","0","","","","","5829290083","","","","","","","",""
"212157","IQ GLOBAL RESOURCES ETF","2121573440","IQ GLOBAL RESOURCES ETF","","","","USD","UNITED STATES DOLLAR","HKD","HONG KONG DOLLAR","11","BRU","09/16/25","","","","","","","","","","","","","","","","","","","","","","","","0","","","","","","0.000000","","0.000000","0.000000","","0.000000","","","","","","","","","","","","","0.128379","","","","","","","","","","09/12/25","09/17/25","09/12/25","9:01:27 AM EDT","","","","","","","","","","","","0","0","0","","","","","5829290083","","","","","","","",""
"212157","IQ GLOBAL RESOURCES ETF","2121573440","IQ GLOBAL RESOURCES ETF","","","","USD","UNITED STATES DOLLAR","HKD","HONG KONG DOLLAR","11","BRU","09/17/25","","","","","","","","","","","","","","","","","","","","","","","","0","","","","","","0.000000","","0.000000","0.000000","","0.000000","","","","","","","","","","","","","0.128379","","","","","","","","","","09/12/25","09/17/25","09/12/25","9:01:27 AM EDT","","","","","","","","","","","","0","0","0","","","","","5829290083","","","","","","","",""
"212157","IQ GLOBAL RESOURCES ETF","2121573920","IQ GLOBAL RESOURCES ETF","","","","USD","UNITED STATES DOLLAR","JPY","JAPANESE YEN","11","BRU","09/12/25","","","","","","","","","","","","","","","","","","","","","","","","0","","","","","","0.000000","","0.000000","0.000000","","0.000000","","","","","","","","","","","","","0.006794","","","","","","","","","","09/12/25","09/17/25","09/12/25","9:01:27 AM EDT","","","","","","","","","","","","0","0","0","","","","","5829290083","","","","","","","",""
"212157","IQ GLOBAL RESOURCES ETF","2121573920","IQ GLOBAL RESOURCES ETF","","","","USD","UNITED STATES DOLLAR","JPY","JAPANESE YEN","11","BRU","09/16/25","","","","","","","","","","","","","","","","","","","","","","","","0","","","","","","0.000000","","0.000000","0.000000","","0.000000","","","","","","","","","","","","","0.006794","","","","","","","","","","09/12/25","09/17/25","09/12/25","9:01:27 AM EDT","","","","","","","","","","","","0","0","0","","","","","5829290083","","","","","","","",""
"212157","IQ GLOBAL RESOURCES ETF","2121573920","IQ GLOBAL RESOURCES ETF","","","","USD","UNITED STATES DOLLAR","JPY","JAPANESE YEN","11","BRU","09/17/25","","","","","","","","","","","","","","","","","","","","","","","","0","","","","","","0.000000","","0.000000","0.000000","","0.000000","","","","","","","","","","","","","0.006794","","","","","","","","","","09/12/25","09/17/25","09/12/25","9:01:27 AM EDT","","","","","","","","","","","","0","0","0","","","","","5829290083","","","","","","","",""
"212157","IQ GLOBAL RESOURCES ETF","2121573760","IQ GLOBAL RESOURCES ETF","","","","USD","UNITED STATES DOLLAR","ILS","NEW ISRAELI SHEKEL","10","BRU","09/12/25","","","","","","","","","","","","","","","","","","","","","","","","0","","","","","","0.000000","","0.000000","0.000000","","0.000000","","","","","","","","","","","","","0.300960","","","","","","","","","","09/12/25","09/17/25","09/12/25","9:01:27 AM EDT","","","","","","","","","","","","0","0","0","","","","","5829290083","","","","","","","",""
"212157","IQ GLOBAL RESOURCES ETF","2121573760","IQ GLOBAL RESOURCES ETF","","","","USD","UNITED STATES DOLLAR","ILS","NEW ISRAELI SHEKEL","10","BRU","09/15/25","","","","","","","","","","","","","","","","","","","","","","","","0","","","","","","0.000000","","0.000000","0.000000","","0.000000","","","","","","","","","","","","","0.300960","","","","","","","","","","09/12/25","09/17/25","09/12/25","9:01:27 AM EDT","","","","","","","","","","","","0","0","0","","","","","5829290083","","","","","","","",""
"212157","IQ GLOBAL RESOURCES ETF","2121573760","IQ GLOBAL RESOURCES ETF","","","","USD","UNITED STATES DOLLAR","ILS","NEW ISRAELI SHEKEL","10","BRU","09/16/25","","","","","","","","","","","","","","","","","","","","","","","","0","","","","","","0.000000","","0.000000","0.000000","","0.000000","","","","","","","","","","","","","0.300960","","","","","","","","","","09/12/25","09/17/25","09/12/25","9:01:27 AM EDT","","","","","","","","","","","","0","0","0","","","","","5829290083","","","","","","","",""
"212157","IQ GLOBAL RESOURCES ETF","2121573760","IQ GLOBAL RESOURCES ETF","","","","USD","UNITED STATES DOLLAR","ILS","NEW ISRAELI SHEKEL","10","BRU","09/17/25","","","","","","","","","","","","","","","","","","","","","","","","0","","","","","","0.000000","","0.000000","0.000000","","0.000000","","","","","","","","","","","","","0.300960","","","","","","","","","","09/12/25","09/17/25","09/12/25","9:01:27 AM EDT","","","","","","","","","","","","0","0","0","","","","","5829290083","","","","","","","",""
"212157","IQ GLOBAL RESOURCES ETF","2121575540","IQ GLOBAL RESOURCES ETF","","","","USD","UNITED STATES DOLLAR","NZD","NEW ZEALAND DOLLAR","11","BRU","09/12/25","","","","","","","","","","","","","","","","","","","","","","","","0","","","","","","0.090000","","0.090000","0.050000","","0.050000","","","","","","","","","","","","","0.596250","","","","","","","","","","09/12/25","09/17/25","09/12/25","9:01:27 AM EDT","","","","","","","","","","","","0","0","0","","","","","5829290083","","","","","","","",""
"212157","IQ GLOBAL RESOURCES ETF","2121575540","IQ GLOBAL RESOURCES ETF","","","","USD","UNITED STATES DOLLAR","NZD","NEW ZEALAND DOLLAR","11","BRU","09/15/25","","","","","","","","","","","","","","","","","","","","","","","","0","","","","","","0.090000","","0.090000","0.050000","","0.050000","","","","","","","","","","","","","0.596250","","","","","","","","","","09/12/25","09/17/25","09/12/25","9:01:27 AM EDT","","","","","","","","","","","","0","0","0","","","","","5829290083","","","","","","","",""
"212157","IQ GLOBAL RESOURCES ETF","2121575540","IQ GLOBAL RESOURCES ETF","","","","USD","UNITED STATES DOLLAR","NZD","NEW ZEALAND DOLLAR","11","BRU","09/16/25","","","","","","","","","","","","","","","","","","","","","","","","0","","","","","","0.090000","","0.090000","0.050000","","0.050000","","","","","","","","","","","","","0.596250","","","","","","","","","","09/12/25","09/17/25","09/12/25","9:01:27 AM EDT","","","","","","","","","","","","0","0","0","","","","","5829290083","","","","","","","",""
"212157","IQ GLOBAL RESOURCES ETF","2121575540","IQ GLOBAL RESOURCES ETF","","","","USD","UNITED STATES DOLLAR","NZD","NEW ZEALAND DOLLAR","11","BRU","09/17/25","","","","","","","","","","","","","","","","","","","","","","","","0","","","","","","0.090000","","0.090000","0.050000","","0.050000","","","","","","","","","","","","","0.596250","","","","","","","","","","09/12/25","09/17/25","09/12/25","9:01:27 AM EDT","","","","","","","","","","","","0","0","0","","","","","5829290083","","","","","","","",""
"212157","IQ GLOBAL RESOURCES ETF","2121575780","IQ GLOBAL RESOURCES ETF","","","","USD","UNITED STATES DOLLAR","NOK","NORWEGIAN KRONE","10","BRU","09/12/25","","","","","","","","","","","","","","","","","","","","","","","","0","","","","","","0.000000","","0.000000","0.000000","","0.000000","","","","","","","","","","","","","0.101207","","","","","","","","","","09/12/25","09/17/25","09/12/25","9:01:27 AM EDT","","","","","","","","","","","","0","0","0","","","","","5829290083","","","","","","","",""
"212157","IQ GLOBAL RESOURCES ETF","2121575780","IQ GLOBAL RESOURCES ETF","","","","USD","UNITED STATES DOLLAR","NOK","NORWEGIAN KRONE","10","BRU","09/15/25","","","","","","","","","","","","","","","","","","","","","","","","0","","","","","","0.000000","","0.000000","0.000000","","0.000000","","","","","","","","","","","","","0.101207","","","","","","","","","","09/12/25","09/17/25","09/12/25","9:01:27 AM EDT","","","","","","","","","","","","0","0","0","","","","","5829290083","","","","","","","",""
"212157","IQ GLOBAL RESOURCES ETF","2121575780","IQ GLOBAL RESOURCES ETF","","","","USD","UNITED STATES DOLLAR","NOK","NORWEGIAN KRONE","10","BRU","09/16/25","","","","","","","","","","","","","","","","","","","","","","","","0","","","","","","0.000000","","0.000000","0.000000","","0.000000","","","","","","","","","","","","","0.101207","","","","","","","","","","09/12/25","09/17/25","09/12/25","9:01:27 AM EDT","","","","","","","","","","","","0","0","0","","","","","5829290083","","","","","","","",""
"212157","IQ GLOBAL RESOURCES ETF","2121575780","IQ GLOBAL RESOURCES ETF","","","","USD","UNITED STATES DOLLAR","NOK","NORWEGIAN KRONE","10","BRU","09/17/25","","","","","","","","","","","","","","","","","","","","","","","","0","","","","","","0.000000","","0.000000","0.000000","","0.000000","","","","","","","","","","","","","0.101207","","","","","","","","","","09/12/25","09/17/25","09/12/25","9:01:27 AM EDT","","","","","","","","","","","","0","0","0","","","","","5829290083","","","","","","","",""
"212157","IQ GLOBAL RESOURCES ETF","2121579850","IQ GLOBAL RESOURCES ETF","","","","USD","UNITED STATES DOLLAR","PLN","POLISH ZLOTY","10","BRU","09/12/25","","","","","","","","","","","","","","","","","","","","","","","","0","","","","","","0.000000","","0.000000","0.000000","","0.000000","","","","","","","","","","","","","0.275596","","","","","","","","","","09/12/25","09/17/25","09/12/25","9:01:27 AM EDT","","","","","","","","","","","","0","0","0","","","","","5829290083","","","","","","","",""
"212157","IQ GLOBAL RESOURCES ETF","2121579850","IQ GLOBAL RESOURCES ETF","","","","USD","UNITED STATES DOLLAR","PLN","POLISH ZLOTY","10","BRU","09/15/25","","","","","","","","","","","","","","","","","","","","","","","","0","","","","","","0.000000","","0.000000","0.000000","","0.000000","","","","","","","","","","","","","0.275596","","","","","","","","","","09/12/25","09/17/25","09/12/25","9:01:27 AM EDT","","","","","","","","","","","","0","0","0","","","","","5829290083","","","","","","","",""
"212157","IQ GLOBAL RESOURCES ETF","2121579850","IQ GLOBAL RESOURCES ETF","","","","USD","UNITED STATES DOLLAR","PLN","POLISH ZLOTY","10","BRU","09/16/25","","","","","","","","","","","","","","","","","","","","","","","","0","","","","","","0.000000","","0.000000","0.000000","","0.000000","","","","","","","","","","","","","0.275596","","","","","","","","","","09/12/25","09/17/25","09/12/25","9:01:27 AM EDT","","","","","","","","","","","","0","0","0","","","","","5829290083","","","","","","","",""
"212157","IQ GLOBAL RESOURCES ETF","2121579850","IQ GLOBAL RESOURCES ETF","","","","USD","UNITED STATES DOLLAR","PLN","POLISH ZLOTY","10","BRU","09/17/25","","","","","","","","","","","","","","","","","","","","","","","","0","","","","","","0.000000","","0.000000","0.000000","","0.000000","","","","","","","","","","","","","0.275596","","","","","","","","","","09/12/25","09/17/25","09/12/25","9:01:27 AM EDT","","","","","","","","","","","","0","0","0","","","","","5829290083","","","","","","","",""
"212157","IQ GLOBAL RESOURCES ETF","2121578260","IQ GLOBAL RESOURCES ETF","","","","USD","UNITED STATES DOLLAR","GBP","POUND STERLING","10","BRU","09/12/25","","","","","","","","","","","","","","","","","","","","","","","","0","","","","","","12.300000","","12.300000","16.680000","","16.680000","","","","","","","","","","","","","1.355850","","","","","","","","","","09/12/25","09/17/25","09/12/25","9:01:27 AM EDT","","","","","","","","","","","","0","0","0","","","","","5829290083","","","","","","","",""
"212157","IQ GLOBAL RESOURCES ETF","2121578260","IQ GLOBAL RESOURCES ETF","","","","USD","UNITED STATES DOLLAR","GBP","POUND STERLING","10","BRU","09/15/25","","","","","","","","","","","","","","","","","","","","","","","","0","","","","","","12.300000","","12.300000","16.680000","","16.680000","","","","","","","","","","","","","1.355850","","","","","","","","","","09/12/25","09/17/25","09/12/25","9:01:27 AM EDT","","","","","","","","","","","","0","0","0","","","","","5829290083","","","","","","","",""
"212157","IQ GLOBAL RESOURCES ETF","2121578260","IQ GLOBAL RESOURCES ETF","","","","USD","UNITED STATES DOLLAR","GBP","POUND STERLING","10","BRU","09/16/25","","","","","","","","","","","","","","","","","","","","","","","","0","","","","","","12.300000","","12.300000","16.680000","","16.680000","","","","","","","","","","","","","1.355850","","","","","","","","","","09/12/25","09/17/25","09/12/25","9:01:27 AM EDT","","","","","","","","","","","","0","0","0","","","","","5829290083","","","","","","","",""
"212157","IQ GLOBAL RESOURCES ETF","2121578260","IQ GLOBAL RESOURCES ETF","","","","USD","UNITED STATES DOLLAR","GBP","POUND STERLING","10","BRU","09/17/25","","","","","","","","","","","","","","","","","","","","","","","","0","","","","","","12.300000","","12.300000","16.680000","","16.680000","","","","","","","","","","","","","1.355850","","","","","","","","","","09/12/25","09/17/25","09/12/25","9:01:27 AM EDT","","","","","","","","","","","","0","0","0","","","","","5829290083","","","","","","","",""
"212157","IQ GLOBAL RESOURCES ETF","2121577020","IQ GLOBAL RESOURCES ETF","","","","USD","UNITED STATES DOLLAR","SGD","SINGAPORE DOLLAR","11","BRU","09/12/25","","","","","","","","","","","","","","","","","","","","","","","","0","","","","","","0.000000","","0.000000","0.000000","","0.000000","","","","","","","","","","","","","0.779970","","","","","","","","","","09/12/25","09/17/25","09/12/25","9:01:27 AM EDT","","","","","","","","","","","","0","0","0","","","","","5829290083","","","","","","","",""
"212157","IQ GLOBAL RESOURCES ETF","2121577020","IQ GLOBAL RESOURCES ETF","","","","USD","UNITED STATES DOLLAR","SGD","SINGAPORE DOLLAR","11","BRU","09/15/25","","","","","","","","","","","","","","","","","","","","","","","","0","","","","","","0.000000","","0.000000","0.000000","","0.000000","","","","","","","","","","","","","0.779970","","","","","","","","","","09/12/25","09/17/25","09/12/25","9:01:27 AM EDT","","","","","","","","","","","","0","0","0","","","","","5829290083","","","","","","","",""
"212157","IQ GLOBAL RESOURCES ETF","2121577020","IQ GLOBAL RESOURCES ETF","","","","USD","UNITED STATES DOLLAR","SGD","SINGAPORE DOLLAR","11","BRU","09/16/25","","","","","","","","","","","","","","","","","","","","","","","","0","","","","","","0.000000","","0.000000","0.000000","","0.000000","","","","","","","","","","","","","0.779970","","","","","","","","","","09/12/25","09/17/25","09/12/25","9:01:27 AM EDT","","","","","","","","","","","","0","0","0","","","","","5829290083","","","","","","","",""
"212157","IQ GLOBAL RESOURCES ETF","2121577020","IQ GLOBAL RESOURCES ETF","","","","USD","UNITED STATES DOLLAR","SGD","SINGAPORE DOLLAR","11","BRU","09/17/25","","","","","","","","","","","","","","","","","","","","","","","","0","","","","","","0.000000","","0.000000","0.000000","","0.000000","","","","","","","","","","","","","0.779970","","","","","","","","","","09/12/25","09/17/25","09/12/25","9:01:27 AM EDT","","","","","","","","","","","","0","0","0","","","","","5829290083","","","","","","","",""
"212157","IQ GLOBAL RESOURCES ETF","2121577520","IQ GLOBAL RESOURCES ETF","","","","USD","UNITED STATES DOLLAR","SEK","SWEDISH KRONA","10","BRU","09/12/25","","","","","","","","","","","","","","","","","","","","","","","","0","","","","","","0.000000","","0.000000","0.000000","","0.000000","","","","","","","","","","","","","0.107252","","","","","","","","","","09/12/25","09/17/25","09/12/25","9:01:27 AM EDT","","","","","","","","","","","","0","0","0","","","","","5829290083","","","","","","","",""
"212157","IQ GLOBAL RESOURCES ETF","2121577520","IQ GLOBAL RESOURCES ETF","","","","USD","UNITED STATES DOLLAR","SEK","SWEDISH KRONA","10","BRU","09/15/25","","","","","","","","","","","","","","","","","","","","","","","","0","","","","","","0.000000","","0.000000","0.000000","","0.000000","","","","","","","","","","","","","0.107252","","","","","","","","","","09/12/25","09/17/25","09/12/25","9:01:27 AM EDT","","","","","","","","","","","","0","0","0","","","","","5829290083","","","","","","","",""
"212157","IQ GLOBAL RESOURCES ETF","2121577520","IQ GLOBAL RESOURCES ETF","","","","USD","UNITED STATES DOLLAR","SEK","SWEDISH KRONA","10","BRU","09/16/25","","","","","","","","","","","","","","","","","","","","","","","","0","","","","","","0.000000","","0.000000","0.000000","","0.000000","","","","","","","","","","","","","0.107252","","","","","","","","","","09/12/25","09/17/25","09/12/25","9:01:27 AM EDT","","","","","","","","","","","","0","0","0","","","","","5829290083","","","","","","","",""
"212157","IQ GLOBAL RESOURCES ETF","2121577520","IQ GLOBAL RESOURCES ETF","","","","USD","UNITED STATES DOLLAR","SEK","SWEDISH KRONA","10","BRU","09/17/25","","","","","","","","","","","","","","","","","","","","","","","","0","","","","","","0.000000","","0.000000","0.000000","","0.000000","","","","","","","","","","","","","0.107252","","","","","","","","","","09/12/25","09/17/25","09/12/25","9:01:27 AM EDT","","","","","","","","","","","","0","0","0","","","","","5829290083","","","","","","","",""
"212157","IQ GLOBAL RESOURCES ETF","2121577560","IQ GLOBAL RESOURCES ETF","","","","USD","UNITED STATES DOLLAR","CHF","SWISS FRANC","10","BRU","09/12/25","","","","","","","","","","","","","","","","","","","","","","","","0","","","","","","0.000000","","0.000000","0.000000","","0.000000","","","","","","","","","","","","","1.256360","","","","","","","","","","09/12/25","09/17/25","09/12/25","9:01:27 AM EDT","","","","","","","","","","","","0","0","0","","","","","5829290083","","","","","","","",""
"212157","IQ GLOBAL RESOURCES ETF","2121577560","IQ GLOBAL RESOURCES ETF","","","","USD","UNITED STATES DOLLAR","CHF","SWISS FRANC","10","BRU","09/15/25","","","","","","","","","","","","","","","","","","","","","","","","0","","","","","","0.000000","","0.000000","0.000000","","0.000000","","","","","","","","","","","","","1.256360","","","","","","","","","","09/12/25","09/17/25","09/12/25","9:01:27 AM EDT","","","","","","","","","","","","0","0","0","","","","","5829290083","","","","","","","",""
"212157","IQ GLOBAL RESOURCES ETF","2121577560","IQ GLOBAL RESOURCES ETF","","","","USD","UNITED STATES DOLLAR","CHF","SWISS FRANC","10","BRU","09/16/25","","","","","","","","","","","","","","","","","","","","","","","","0","","","","","","0.000000","","0.000000","0.000000","","0.000000","","","","","","","","","","","","","1.256360","","","","","","","","","","09/12/25","09/17/25","09/12/25","9:01:27 AM EDT","","","","","","","","","","","","0","0","0","","","","","5829290083","","","","","","","",""
"212157","IQ GLOBAL RESOURCES ETF","2121577560","IQ GLOBAL RESOURCES ETF","","","","USD","UNITED STATES DOLLAR","CHF","SWISS FRANC","10","BRU","09/17/25","","","","","","","","","","","","","","","","","","","","","","","","0","","","","","","0.000000","","0.000000","0.000000","","0.000000","","","","","","","","","","","","","1.256360","","","","","","","","","","09/12/25","09/17/25","09/12/25","9:01:27 AM EDT","","","","","","","","","","","","0","0","0","","","","","5829290083","","","","","","","",""
"212157","IQ GLOBAL RESOURCES ETF","2121578400","IQ GLOBAL RESOURCES ETF","","","","USD","UNITED STATES DOLLAR","USD","UNITED STATES DOLLAR","31","NYG","09/12/25","","","","","","","","","","","","","","","","","","","","","","","","0","","","","","","3725.170000","","3725.170000","3725.170000","","3725.170000","","","","","","","","","","","","","1.000000","","","","","","","","","","09/12/25","09/17/25","09/12/25","9:01:27 AM EDT","","","","","","","","","","","","0","0","0","","","","","5829290083","","","","","","","",""
"212157","IQ GLOBAL RESOURCES ETF","2121578400","IQ GLOBAL RESOURCES ETF","X9X9USDALS02","","","USD","UNITED STATES DOLLAR","USD","UNITED STATES DOLLAR","31","NYG","09/12/25","","","","","","","","","","","","","","","","","","","","","","","","0","","","","","","3725.170000","","3725.170000","3725.170000","","3725.170000","","","","","","","","","","","","","1.000000","","","X9X9USDALS02","","","","","","","09/12/25","09/17/25","09/12/25","9:01:27 AM EDT","","","","","","","","","","","","0","0","0","","","","","5829290083","","","","","","","",""
"212157","IQ GLOBAL RESOURCES ETF","2121578400","IQ GLOBAL RESOURCES ETF","X9X9USDDIRM7","","","USD","UNITED STATES DOLLAR","USD","UNITED STATES DOLLAR","31","NYG","09/12/25","","","","","","","","","","","","","","","","","","","","","","","","0","","","","","","3725.170000","","3725.170000","3725.170000","","3725.170000","","","","","","","","","","","","","1.000000","","","X9X9USDDIRM7","","","","","","","09/12/25","09/17/25","09/12/25","9:01:27 AM EDT","","","","","","","","","","","","0","0","0","","","","","5829290083","","","","","","","",""
"212157","IQ GLOBAL RESOURCES ETF","2121578400","IQ GLOBAL RESOURCES ETF","","","","USD","UNITED STATES DOLLAR","USD","UNITED STATES DOLLAR","31","NYG","09/15/25","","","","","","","","","","","","","","","","","","","","","","","","0","","","","","","3725.170000","","3725.170000","3725.170000","","3725.170000","","","","","","","","","","","","","1.000000","","","","","","","","","","09/12/25","09/17/25","09/12/25","9:01:27 AM EDT","","","","","","","","","","","","0","0","0","","","","","5829290083","","","","","","","",""
"212157","IQ GLOBAL RESOURCES ETF","2121578400","IQ GLOBAL RESOURCES ETF","","","","USD","UNITED STATES DOLLAR","USD","UNITED STATES DOLLAR","31","NYG","09/16/25","","","","","","","","","","","","","","","","","","","","","","","","0","","","","","","3725.170000","","3725.170000","3725.170000","","3725.170000","","","","","","","","","","","","","1.000000","","","","","","","","","","09/12/25","09/17/25","09/12/25","9:01:27 AM EDT","","","","","","","","","","","","0","0","0","","","","","5829290083","","","","","","","",""
"212157","IQ GLOBAL RESOURCES ETF","2121578400","IQ GLOBAL RESOURCES ETF","","","","USD","UNITED STATES DOLLAR","USD","UNITED STATES DOLLAR","31","NYG","09/17/25","","","","","","","","","","","","","","","","","","","","","","","","0","","","","","","3725.170000","","3725.170000","3725.170000","","3725.170000","","","","","","","","","","","","","1.000000","","","","","","","","","","09/12/25","09/17/25","09/12/25","9:01:27 AM EDT","","","","","","","","","","","","0","0","0","","","","","5829290083","","","","","","","",""
"222959","NYLI US LARGE CAP RD LEADERS ETF","2229598400","NYLI US LARGE CAP RD LEADERS ETF","X9X9USDDIRM7","","","USD","UNITED STATES DOLLAR","USD","UNITED STATES DOLLAR","31","NYG","09/12/25","","","","","","","","","","","","","","","","","","","","","","","","0","","","","","","-735.800000","","119.080000","-735.800000","","119.080000","","","","","","","","","","","","","1.000000","","","X9X9USDDIRM7","","","","","","","09/12/25","09/17/25","09/12/25","9:01:27 AM EDT","","","","","","","","","","","","0","0","0","","","","","5829291092","","","","","","","",""
"222959","NYLI US LARGE CAP RD LEADERS ETF","2229598400","NYLI US LARGE CAP RD LEADERS ETF","","","","USD","UNITED STATES DOLLAR","USD","UNITED STATES DOLLAR","31","NYG","09/16/25","","","","","","","","","","","","","","","","","","","","","","","","0","","","","","","611.530000","","611.530000","611.530000","","611.530000","","","","","","","","","","","","","1.000000","","","","","","","","","","09/12/25","09/17/25","09/12/25","9:01:27 AM EDT","","","","","","","","","","","","0","0","0","","","","","5829291092","","","","","","","",""
"222961","IQ US MID CAP RD LEADERS ETF","2229618400","IQ US MID CAP RD LEADERS ETF","","","","USD","UNITED STATES DOLLAR","USD","UNITED STATES DOLLAR","31","NYG","09/12/25","","","","","","","","","","","","","","","","","","","","","","","","0","","","","","","0.000000","","0.000000","0.000000","","0.000000","","","","","","","","","","","","","1.000000","","","","","","","","","","09/12/25","09/17/25","09/12/25","9:01:27 AM EDT","","","","","","","","","","","","0","0","0","","","","","5829291090","","","","","","","",""
"222961","IQ US MID CAP RD LEADERS ETF","2229618400","IQ US MID CAP RD LEADERS ETF","X9X9USDDIRM7","","","USD","UNITED STATES DOLLAR","USD","UNITED STATES DOLLAR","31","NYG","09/12/25","","","","","","","","","","","","","","","","","","","","","","","","0","","","","","","0.000000","","0.000000","0.000000","","0.000000","","","","","","","","","","","","","1.000000","","","X9X9USDDIRM7","","","","","","","09/12/25","09/17/25","09/12/25","9:01:27 AM EDT","","","","","","","","","","","","0","0","0","","","","","5829291090","","","","","","","",""
"222961","IQ US MID CAP RD LEADERS ETF","2229618400","IQ US MID CAP RD LEADERS ETF","","","","USD","UNITED STATES DOLLAR","USD","UNITED STATES DOLLAR","31","NYG","09/15/25","","","","","","","","","","","","","","","","","","","","","","","","0","","","","","","0.000000","","0.000000","0.000000","","0.000000","","","","","","","","","","","","","1.000000","","","","","","","","","","09/12/25","09/17/25","09/12/25","9:01:27 AM EDT","","","","","","","","","","","","0","0","0","","","","","5829291090","","","","","","","",""
"222961","IQ US MID CAP RD LEADERS ETF","2229618400","IQ US MID CAP RD LEADERS ETF","","","","USD","UNITED STATES DOLLAR","USD","UNITED STATES DOLLAR","31","NYG","09/16/25","","","","","","","","","","","","","","","","","","","","","","","","0","","","","","","0.000000","","0.000000","0.000000","","0.000000","","","","","","","","","","","","","1.000000","","","","","","","","","","09/12/25","09/17/25","09/12/25","9:01:27 AM EDT","","","","","","","","","","","","0","0","0","","","","","5829291090","","","","","","","",""
"222961","IQ US MID CAP RD LEADERS ETF","2229618400","IQ US MID CAP RD LEADERS ETF","","","","USD","UNITED STATES DOLLAR","USD","UNITED STATES DOLLAR","31","NYG","09/17/25","","","","","","","","","","","","","","","","","","","","","","","","0","","","","","","0.000000","","0.000000","0.000000","","0.000000","","","","","","","","","","","","","1.000000","","","","","","","","","","09/12/25","09/17/25","09/12/25","9:01:27 AM EDT","","","","","","","","","","","","0","0","0","","","","","5829291090","","","","","","","",""
"222963","NYLI GLOBAL EQUITY RD LEADERS ETF","2229630320","NYLI GLOBAL EQUITY RD LEADERS ETF","","","","USD","UNITED STATES DOLLAR","ARS","ARGENTINE PESO","10","BRU","09/12/25","","","","","","","","","","","","","","","","","","","","","","","","0","","","","","","0.000000","","0.000000","0.000000","","0.000000","","","","","","","","","","","","","0.000700","","","","","","","","","","09/12/25","09/17/25","09/12/25","9:01:27 AM EDT","","","","","","","","","","","","0","0","0","","","","","5829291091","","","","","","","",""
"222963","NYLI GLOBAL EQUITY RD LEADERS ETF","2229630320","NYLI GLOBAL EQUITY RD LEADERS ETF","","","","USD","UNITED STATES DOLLAR","ARS","ARGENTINE PESO","10","BRU","09/15/25","","","","","","","","","","","","","","","","","","","","","","","","0","","","","","","0.000000","","0.000000","0.000000","","0.000000","","","","","","","","","","","","","0.000700","","","","","","","","","","09/12/25","09/17/25","09/12/25","9:01:27 AM EDT","","","","","","","","","","","","0","0","0","","","","","5829291091","","","","","","","",""
"222963","NYLI GLOBAL EQUITY RD LEADERS ETF","2229630320","NYLI GLOBAL EQUITY RD LEADERS ETF","","","","USD","UNITED STATES DOLLAR","ARS","ARGENTINE PESO","10","BRU","09/16/25","","","","","","","","","","","","","","","","","","","","","","","","0","","","","","","0.000000","","0.000000","0.000000","","0.000000","","","","","","","","","","","","","0.000700","","","","","","","","","","09/12/25","09/17/25","09/12/25","9:01:27 AM EDT","","","","","","","","","","","","0","0","0","","","","","5829291091","","","","","","","",""
"222963","NYLI GLOBAL EQUITY RD LEADERS ETF","2229630320","NYLI GLOBAL EQUITY RD LEADERS ETF","","","","USD","UNITED STATES DOLLAR","ARS","ARGENTINE PESO","10","BRU","09/17/25","","","","","","","","","","","","","","","","","","","","","","","","0","","","","","","0.000000","","0.000000","0.000000","","0.000000","","","","","","","","","","","","","0.000700","","","","","","","","","","09/12/25","09/17/25","09/12/25","9:01:27 AM EDT","","","","","","","","","","","","0","0","0","","","","","5829291091","","","","","","","",""
"222963","NYLI GLOBAL EQUITY RD LEADERS ETF","2229630360","NYLI GLOBAL EQUITY RD LEADERS ETF","","","","USD","UNITED STATES DOLLAR","AUD","AUSTRALIAN DOLLAR","11","BRU","09/12/25","","","","","","","","","","","","","","","","","","","","","","","","0","","","","","","0.000000","","0.000000","0.000000","","0.000000","","","","","","","","","","","","","0.664850","","","","","","","","","","09/12/25","09/17/25","09/12/25","9:01:27 AM EDT","","","","","","","","","","","","0","0","0","","","","","5829291091","","","","","","","",""
"222963","NYLI GLOBAL EQUITY RD LEADERS ETF","2229630360","NYLI GLOBAL EQUITY RD LEADERS ETF","","","","USD","UNITED STATES DOLLAR","AUD","AUSTRALIAN DOLLAR","11","BRU","09/15/25","","","","","","","","","","","","","","","","","","","","","","","","0","","","","","","0.000000","","0.000000","0.000000","","0.000000","","","","","","","","","","","","","0.664850","","","","","","","","","","09/12/25","09/17/25","09/12/25","9:01:27 AM EDT","","","","","","","","","","","","0","0","0","","","","","5829291091","","","","","","","",""
"222963","NYLI GLOBAL EQUITY RD LEADERS ETF","2229630360","NYLI GLOBAL EQUITY RD LEADERS ETF","","","","USD","UNITED STATES DOLLAR","AUD","AUSTRALIAN DOLLAR","11","BRU","09/16/25","","","","","","","","","","","","","","","","","","","","","","","","0","","","","","","0.000000","","0.000000","0.000000","","0.000000","","","","","","","","","","","","","0.664850","","","","","","","","","","09/12/25","09/17/25","09/12/25","9:01:27 AM EDT","","","","","","","","","","","","0","0","0","","","","","5829291091","","","","","","","",""
"222963","NYLI GLOBAL EQUITY RD LEADERS ETF","2229630360","NYLI GLOBAL EQUITY RD LEADERS ETF","","","","USD","UNITED STATES DOLLAR","AUD","AUSTRALIAN DOLLAR","11","BRU","09/17/25","","","","","","","","","","","","","","","","","","","","","","","","0","","","","","","0.000000","","0.000000","0.000000","","0.000000","","","","","","","","","","","","","0.664850","","","","","","","","","","09/12/25","09/17/25","09/12/25","9:01:27 AM EDT","","","","","","","","","","","","0","0","0","","","","","5829291091","","","","","","","",""
"222963","NYLI GLOBAL EQUITY RD LEADERS ETF","2229630480","NYLI GLOBAL EQUITY RD LEADERS ETF","","","","USD","UNITED STATES DOLLAR","BHD","BAHRAINI DINAR","10","BRU","09/15/25","","","","","","","","","","","","","","","","","","","","","","","","0","","","","","","0.000000","","0.000000","0.000000","","0.000000","","","","","","","","","","","","","2.652168","","","","","","","","","","09/12/25","09/17/25","09/12/25","9:01:27 AM EDT","","","","","","","","","","","","0","0","0","","","","","5829291091","","","","","","","",""
"222963","NYLI GLOBAL EQUITY RD LEADERS ETF","2229630480","NYLI GLOBAL EQUITY RD LEADERS ETF","","","","USD","UNITED STATES DOLLAR","BHD","BAHRAINI DINAR","10","BRU","09/16/25","","","","","","","","","","","","","","","","","","","","","","","","0","","","","","","0.000000","","0.000000","0.000000","","0.000000","","","","","","","","","","","","","2.652168","","","","","","","","","","09/12/25","09/17/25","09/12/25","9:01:27 AM EDT","","","","","","","","","","","","0","0","0","","","","","5829291091","","","","","","","",""
"222963","NYLI GLOBAL EQUITY RD LEADERS ETF","2229630480","NYLI GLOBAL EQUITY RD LEADERS ETF","","","","USD","UNITED STATES DOLLAR","BHD","BAHRAINI DINAR","10","BRU","09/17/25","","","","","","","","","","","","","","","","","","","","","","","","0","","","","","","0.000000","","0.000000","0.000000","","0.000000","","","","","","","","","","","","","2.652168","","","","","","","","","","09/12/25","09/17/25","09/12/25","9:01:27 AM EDT","","","","","","","","","","","","0","0","0","","","","","5829291091","","","","","","","",""
"222963","NYLI GLOBAL EQUITY RD LEADERS ETF","2229639860","NYLI GLOBAL EQUITY RD LEADERS ETF","","","","USD","UNITED STATES DOLLAR","BRL","BRAZILIAN REAL","10","BRU","09/12/25","","","","","","","","","","","","","","","","","","","","","","","","0","","","","","","0.000000","","0.000000","0.000000","","0.000000","","","","","","","","","","","","","0.185820","","","","","","","","","","09/12/25","09/17/25","09/12/25","9:01:27 AM EDT","","","","","","","","","","","","0","0","0","","","","","5829291091","","","","","","","",""
"222963","NYLI GLOBAL EQUITY RD LEADERS ETF","2229639860","NYLI GLOBAL EQUITY RD LEADERS ETF","","","","USD","UNITED STATES DOLLAR","BRL","BRAZILIAN REAL","10","BRU","09/15/25","","","","","","","","","","","","","","","","","","","","","","","","0","","","","","","0.000000","","0.000000","0.000000","","0.000000","","","","","","","","","","","","","0.185820","","","","","","","","","","09/12/25","09/17/25","09/12/25","9:01:27 AM EDT","","","","","","","","","","","","0","0","0","","","","","5829291091","","","","","","","",""
"222963","NYLI GLOBAL EQUITY RD LEADERS ETF","2229639860","NYLI GLOBAL EQUITY RD LEADERS ETF","","","","USD","UNITED STATES DOLLAR","BRL","BRAZILIAN REAL","10","BRU","09/16/25","","","","","","","","","","","","","","","","","","","","","","","","0","","","","","","0.000000","","0.000000","0.000000","","0.000000","","","","","","","","","","","","","0.185820","","","","","","","","","","09/12/25","09/17/25","09/12/25","9:01:27 AM EDT","","","","","","","","","","","","0","0","0","","","","","5829291091","","","","","","","",""
"222963","NYLI GLOBAL EQUITY RD LEADERS ETF","2229639860","NYLI GLOBAL EQUITY RD LEADERS ETF","","","","USD","UNITED STATES DOLLAR","BRL","BRAZILIAN REAL","10","BRU","09/17/25","","","","","","","","","","","","","","","","","","","","","","","","0","","","","","","0.000000","","0.000000","0.000000","","0.000000","","","","","","","","","","","","","0.185820","","","","","","","","","","09/12/25","09/17/25","09/12/25","9:01:27 AM EDT","","","","","","","","","","","","0","0","0","","","","","5829291091","","","","","","","",""
"222963","NYLI GLOBAL EQUITY RD LEADERS ETF","2229639867","IQ GLOBAL EQUITY RD LEADERS ETF","","","","USD","UNITED STATES DOLLAR","BRL","BRAZILIAN REAL","10","BRU","09/12/25","","","","","","","","","","","","","","","","","","","","","","","","0","","","","","","-0.020000","","-0.020000","0.000000","","0.000000","","","","","","","","","","","","","0.185820","","","","","","","","","","09/12/25","09/17/25","09/12/25","9:01:27 AM EDT","","","","","","","","","","","","0","0","0","","","","","5829291091","","","","","","","",""
"222963","NYLI GLOBAL EQUITY RD LEADERS ETF","2229639867","IQ GLOBAL EQUITY RD LEADERS ETF","","","","USD","UNITED STATES DOLLAR","BRL","BRAZILIAN REAL","10","BRU","09/15/25","","","","","","","","","","","","","","","","","","","","","","","","0","","","","","","-0.020000","","-0.020000","0.000000","","0.000000","","","","","","","","","","","","","0.185820","","","","","","","","","","09/12/25","09/17/25","09/12/25","9:01:27 AM EDT","","","","","","","","","","","","0","0","0","","","","","5829291091","","","","","","","",""
"222963","NYLI GLOBAL EQUITY RD LEADERS ETF","2229639867","IQ GLOBAL EQUITY RD LEADERS ETF","","","","USD","UNITED STATES DOLLAR","BRL","BRAZILIAN REAL","10","BRU","09/16/25","","","","","","","","","","","","","","","","","","","","","","","","0","","","","","","-0.020000","","-0.020000","0.000000","","0.000000","","","","","","","","","","","","","0.185820","","","","","","","","","","09/12/25","09/17/25","09/12/25","9:01:27 AM EDT","","","","","","","","","","","","0","0","0","","","","","5829291091","","","","","","","",""
"222963","NYLI GLOBAL EQUITY RD LEADERS ETF","2229639867","IQ GLOBAL EQUITY RD LEADERS ETF","","","","USD","UNITED STATES DOLLAR","BRL","BRAZILIAN REAL","10","BRU","09/17/25","","","","","","","","","","","","","","","","","","","","","","","","0","","","","","","-0.020000","","-0.020000","0.000000","","0.000000","","","","","","","","","","","","","0.185820","","","","","","","","","","09/12/25","09/17/25","09/12/25","9:01:27 AM EDT","","","","","","","","","","","","0","0","0","","","","","5829291091","","","","","","","",""
"222963","NYLI GLOBAL EQUITY RD LEADERS ETF","2229631240","NYLI GLOBAL EQUITY RD LEADERS ETF","","","","USD","UNITED STATES DOLLAR","CAD","CANADIAN DOLLAR","10","BRU","09/12/25","","","","","","","","","","","","","","","","","","","","","","","","0","","","","","","0.000000","","0.000000","0.000000","","0.000000","","","","","","","","","","","","","0.722465","","","","","","","","","","09/12/25","09/17/25","09/12/25","9:01:27 AM EDT","","","","","","","","","","","","0","0","0","","","","","5829291091","","","","","","","",""
"222963","NYLI GLOBAL EQUITY RD LEADERS ETF","2229631240","NYLI GLOBAL EQUITY RD LEADERS ETF","","","","USD","UNITED STATES DOLLAR","CAD","CANADIAN DOLLAR","10","BRU","09/15/25","","","","","","","","","","","","","","","","","","","","","","","","0","","","","","","0.000000","","0.000000","0.000000","","0.000000","","","","","","","","","","","","","0.722465","","","","","","","","","","09/12/25","09/17/25","09/12/25","9:01:27 AM EDT","","","","","","","","","","","","0","0","0","","","","","5829291091","","","","","","","",""
"222963","NYLI GLOBAL EQUITY RD LEADERS ETF","2229631240","NYLI GLOBAL EQUITY RD LEADERS ETF","","","","USD","UNITED STATES DOLLAR","CAD","CANADIAN DOLLAR","10","BRU","09/16/25","","","","","","","","","","","","","","","","","","","","","","","","0","","","","","","0.000000","","0.000000","0.000000","","0.000000","","","","","","","","","","","","","0.722465","","","","","","","","","","09/12/25","09/17/25","09/12/25","9:01:27 AM EDT","","","","","","","","","","","","0","0","0","","","","","5829291091","","","","","","","",""
"222963","NYLI GLOBAL EQUITY RD LEADERS ETF","2229631240","NYLI GLOBAL EQUITY RD LEADERS ETF","","","","USD","UNITED STATES DOLLAR","CAD","CANADIAN DOLLAR","10","BRU","09/17/25","","","","","","","","","","","","","","","","","","","","","","","","0","","","","","","0.000000","","0.000000","0.000000","","0.000000","","","","","","","","","","","","","0.722465","","","","","","","","","","09/12/25","09/17/25","09/12/25","9:01:27 AM EDT","","","","","","","","","","","","0","0","0","","","","","5829291091","","","","","","","",""
"222963","NYLI GLOBAL EQUITY RD LEADERS ETF","2229631520","NYLI GLOBAL EQUITY RD LEADERS ETF","","","","USD","UNITED STATES DOLLAR","CLP","CHILEAN PESO","10","BRU","09/12/25","","","","","","","","","","","","","","","","","","","","","","","","0","","","","","","0.000000","","0.000000","0.000000","","0.000000","","","","","","","","","","","","","0.001048","","","","","","","","","","09/12/25","09/17/25","09/12/25","9:01:27 AM EDT","","","","","","","","","","","","0","0","0","","","","","5829291091","","","","","","","",""
"222963","NYLI GLOBAL EQUITY RD LEADERS ETF","2229631520","NYLI GLOBAL EQUITY RD LEADERS ETF","","","","USD","UNITED STATES DOLLAR","CLP","CHILEAN PESO","10","BRU","09/15/25","","","","","","","","","","","","","","","","","","","","","","","","0","","","","","","0.000000","","0.000000","0.000000","","0.000000","","","","","","","","","","","","","0.001048","","","","","","","","","","09/12/25","09/17/25","09/12/25","9:01:27 AM EDT","","","","","","","","","","","","0","0","0","","","","","5829291091","","","","","","","",""
"222963","NYLI GLOBAL EQUITY RD LEADERS ETF","2229631520","NYLI GLOBAL EQUITY RD LEADERS ETF","","","","USD","UNITED STATES DOLLAR","CLP","CHILEAN PESO","10","BRU","09/16/25","","","","","","","","","","","","","","","","","","","","","","","","0","","","","","","0.000000","","0.000000","0.000000","","0.000000","","","","","","","","","","","","","0.001048","","","","","","","","","","09/12/25","09/17/25","09/12/25","9:01:27 AM EDT","","","","","","","","","","","","0","0","0","","","","","5829291091","","","","","","","",""
"222963","NYLI GLOBAL EQUITY RD LEADERS ETF","2229631520","NYLI GLOBAL EQUITY RD LEADERS ETF","","","","USD","UNITED STATES DOLLAR","CLP","CHILEAN PESO","10","BRU","09/17/25","","","","","","","","","","","","","","","","","","","","","","","","0","","","","","","0.000000","","0.000000","0.000000","","0.000000","","","","","","","","","","","","","0.001048","","","","","","","","","","09/12/25","09/17/25","09/12/25","9:01:27 AM EDT","","","","","","","","","","","","0","0","0","","","","","5829291091","","","","","","","",""
"222963","NYLI GLOBAL EQUITY RD LEADERS ETF","2229631700","NYLI GLOBAL EQUITY RD LEADERS ETF","","","","USD","UNITED STATES DOLLAR","COP","COLOMBIAN PESO","10","BRU","09/12/25","","","","","","","","","","","","","","","","","","","","","","","","0","","","","","","0.000000","","0.000000","0.000000","","0.000000","","","","","","","","","","","","","0.000256","","","","","","","","","","09/12/25","09/17/25","09/12/25","9:01:27 AM EDT","","","","","","","","","","","","0","0","0","","","","","5829291091","","","","","","","",""
"222963","NYLI GLOBAL EQUITY RD LEADERS ETF","2229631700","NYLI GLOBAL EQUITY RD LEADERS ETF","","","","USD","UNITED STATES DOLLAR","COP","COLOMBIAN PESO","10","BRU","09/15/25","","","","","","","","","","","","","","","","","","","","","","","","0","","","","","","0.000000","","0.000000","0.000000","","0.000000","","","","","","","","","","","","","0.000256","","","","","","","","","","09/12/25","09/17/25","09/12/25","9:01:27 AM EDT","","","","","","","","","","","","0","0","0","","","","","5829291091","","","","","","","",""
"222963","NYLI GLOBAL EQUITY RD LEADERS ETF","2229631700","NYLI GLOBAL EQUITY RD LEADERS ETF","","","","USD","UNITED STATES DOLLAR","COP","COLOMBIAN PESO","10","BRU","09/16/25","","","","","","","","","","","","","","","","","","","","","","","","0","","","","","","0.000000","","0.000000","0.000000","","0.000000","","","","","","","","","","","","","0.000256","","","","","","","","","","09/12/25","09/17/25","09/12/25","9:01:27 AM EDT","","","","","","","","","","","","0","0","0","","","","","5829291091","","","","","","","",""
"222963","NYLI GLOBAL EQUITY RD LEADERS ETF","2229631700","NYLI GLOBAL EQUITY RD LEADERS ETF","","","","USD","UNITED STATES DOLLAR","COP","COLOMBIAN PESO","10","BRU","09/17/25","","","","","","","","","","","","","","","","","","","","","","","","0","","","","","","0.000000","","0.000000","0.000000","","0.000000","","","","","","","","","","","","","0.000256","","","","","","","","","","09/12/25","09/17/25","09/12/25","9:01:27 AM EDT","","","","","","","","","","","","0","0","0","","","","","5829291091","","","","","","","",""
"222963","NYLI GLOBAL EQUITY RD LEADERS ETF","2229632000","NYLI GLOBAL EQUITY RD LEADERS ETF","","","","USD","UNITED STATES DOLLAR","CZK","CZECH KORUNA","10","BRU","09/12/25","","","","","","","","","","","","","","","","","","","","","","","","0","","","","","","0.000000","","0.000000","0.000000","","0.000000","","","","","","","","","","","","","0.048130","","","","","","","","","","09/12/25","09/17/25","09/12/25","9:01:27 AM EDT","","","","","","","","","","","","0","0","0","","","","","5829291091","","","","","","","",""
"222963","NYLI GLOBAL EQUITY RD LEADERS ETF","2229632000","NYLI GLOBAL EQUITY RD LEADERS ETF","","","","USD","UNITED STATES DOLLAR","CZK","CZECH KORUNA","10","BRU","09/15/25","","","","","","","","","","","","","","","","","","","","","","","","0","","","","","","0.000000","","0.000000","0.000000","","0.000000","","","","","","","","","","","","","0.048130","","","","","","","","","","09/12/25","09/17/25","09/12/25","9:01:27 AM EDT","","","","","","","","","","","","0","0","0","","","","","5829291091","","","","","","","",""
"222963","NYLI GLOBAL EQUITY RD LEADERS ETF","2229632000","NYLI GLOBAL EQUITY RD LEADERS ETF","","","","USD","UNITED STATES DOLLAR","CZK","CZECH KORUNA","10","BRU","09/16/25","","","","","","","","","","","","","","","","","","","","","","","","0","","","","","","0.000000","","0.000000","0.000000","","0.000000","","","","","","","","","","","","","0.048130","","","","","","","","","","09/12/25","09/17/25","09/12/25","9:01:27 AM EDT","","","","","","","","","","","","0","0","0","","","","","5829291091","","","","","","","",""
"222963","NYLI GLOBAL EQUITY RD LEADERS ETF","2229632000","NYLI GLOBAL EQUITY RD LEADERS ETF","","","","USD","UNITED STATES DOLLAR","CZK","CZECH KORUNA","10","BRU","09/17/25","","","","","","","","","","","","","","","","","","","","","","","","0","","","","","","0.000000","","0.000000","0.000000","","0.000000","","","","","","","","","","","","","0.048130","","","","","","","","","","09/12/25","09/17/25","09/12/25","9:01:27 AM EDT","","","","","","","","","","","","0","0","0","","","","","5829291091","","","","","","","",""
"222963","NYLI GLOBAL EQUITY RD LEADERS ETF","2229632080","NYLI GLOBAL EQUITY RD LEADERS ETF","","","","USD","UNITED STATES DOLLAR","DKK","DANISH KRONE","10","BRU","09/12/25","","","","","","","","","","","","","","","","","","","","","","","","0","","","","","","0.000000","","0.000000","0.000000","","0.000000","","","","","","","","","","","","","0.157118","","","","","","","","","","09/12/25","09/17/25","09/12/25","9:01:27 AM EDT","","","","","","","","","","","","0","0","0","","","","","5829291091","","","","","","","",""
"222963","NYLI GLOBAL EQUITY RD LEADERS ETF","2229632080","NYLI GLOBAL EQUITY RD LEADERS ETF","","","","USD","UNITED STATES DOLLAR","DKK","DANISH KRONE","10","BRU","09/15/25","","","","","","","","","","","","","","","","","","","","","","","","0","","","","","","0.000000","","0.000000","0.000000","","0.000000","","","","","","","","","","","","","0.157118","","","","","","","","","","09/12/25","09/17/25","09/12/25","9:01:27 AM EDT","","","","","","","","","","","","0","0","0","","","","","5829291091","","","","","","","",""
"222963","NYLI GLOBAL EQUITY RD LEADERS ETF","2229632080","NYLI GLOBAL EQUITY RD LEADERS ETF","","","","USD","UNITED STATES DOLLAR","DKK","DANISH KRONE","10","BRU","09/16/25","","","","","","","","","","","","","","","","","","","","","","","","0","","","","","","0.000000","","0.000000","0.000000","","0.000000","","","","","","","","","","","","","0.157118","","","","","","","","","","09/12/25","09/17/25","09/12/25","9:01:27 AM EDT","","","","","","","","","","","","0","0","0","","","","","5829291091","","","","","","","",""
"222963","NYLI GLOBAL EQUITY RD LEADERS ETF","2229632080","NYLI GLOBAL EQUITY RD LEADERS ETF","","","","USD","UNITED STATES DOLLAR","DKK","DANISH KRONE","10","BRU","09/17/25","","","","","","","","","","","","","","","","","","","","","","","","0","","","","","","0.000000","","0.000000","0.000000","","0.000000","","","","","","","","","","","","","0.157118","","","","","","","","","","09/12/25","09/17/25","09/12/25","9:01:27 AM EDT","","","","","","","","","","","","0","0","0","","","","","5829291091","","","","","","","",""
"222963","NYLI GLOBAL EQUITY RD LEADERS ETF","2229639780","NYLI GLOBAL EQUITY RD LEADERS ETF","","","","USD","UNITED STATES DOLLAR","EUR","EURO","10","BRU","09/15/25","","","","","","","","","","","","","","","","","","","","","","","","0","","","","","","6.120000","","6.120000","7.180000","","7.180000","","","","","","","","","","","","","1.172800","","","","","","","","","","09/12/25","09/17/25","09/12/25","9:01:27 AM EDT","","","","","","","","","","","","0","0","0","","","","","5829291091","","","","","","","",""
"222963","NYLI GLOBAL EQUITY RD LEADERS ETF","2229639780","NYLI GLOBAL EQUITY RD LEADERS ETF","","","","USD","UNITED STATES DOLLAR","EUR","EURO","10","BRU","09/16/25","","","","","","","","","","","","","","","","","","","","","","","","0","","","","","","6.120000","","6.120000","7.180000","","7.180000","","","","","","","","","","","","","1.172800","","","","","","","","","","09/12/25","09/17/25","09/12/25","9:01:27 AM EDT","","","","","","","","","","","","0","0","0","","","","","5829291091","","","","","","","",""
"222963","NYLI GLOBAL EQUITY RD LEADERS ETF","2229639780","NYLI GLOBAL EQUITY RD LEADERS ETF","","","","USD","UNITED STATES DOLLAR","EUR","EURO","10","BRU","09/17/25","","","","","","","","","","","","","","","","","","","","","","","","0","","","","","","6.120000","","6.120000","7.180000","","7.180000","","","","","","","","","","","","","1.172800","","","","","","","","","","09/12/25","09/17/25","09/12/25","9:01:27 AM EDT","","","","","","","","","","","","0","0","0","","","","","5829291091","","","","","","","",""
"222963","NYLI GLOBAL EQUITY RD LEADERS ETF","2229633440","NYLI GLOBAL EQUITY RD LEADERS ETF","","","","USD","UNITED STATES DOLLAR","HKD","HONG KONG DOLLAR","11","BRU","09/12/25","","","","","","","","","","","","","","","","","","","","","","","","0","","","","","","0.000000","","0.000000","0.000000","","0.000000","","","","","","","","","","","","","0.128379","","","","","","","","","","09/12/25","09/17/25","09/12/25","9:01:27 AM EDT","","","","","","","","","","","","0","0","0","","","","","5829291091","","","","","","","",""
"222963","NYLI GLOBAL EQUITY RD LEADERS ETF","2229633440","NYLI GLOBAL EQUITY RD LEADERS ETF","","","","USD","UNITED STATES DOLLAR","HKD","HONG KONG DOLLAR","11","BRU","09/15/25","","","","","","","","","","","","","","","","","","","","","","","","0","","","","","","0.000000","","0.000000","0.000000","","0.000000","","","","","","","","","","","","","0.128379","","","","","","","","","","09/12/25","09/17/25","09/12/25","9:01:27 AM EDT","","","","","","","","","","","","0","0","0","","","","","5829291091","","","","","","","",""
"222963","NYLI GLOBAL EQUITY RD LEADERS ETF","2229633440","NYLI GLOBAL EQUITY RD LEADERS ETF","","","","USD","UNITED STATES DOLLAR","HKD","HONG KONG DOLLAR","11","BRU","09/16/25","","","","","","","","","","","","","","","","","","","","","","","","0","","","","","","0.000000","","0.000000","0.000000","","0.000000","","","","","","","","","","","","","0.128379","","","","","","","","","","09/12/25","09/17/25","09/12/25","9:01:27 AM EDT","","","","","","","","","","","","0","0","0","","","","","5829291091","","","","","","","",""
"222963","NYLI GLOBAL EQUITY RD LEADERS ETF","2229633440","NYLI GLOBAL EQUITY RD LEADERS ETF","","","","USD","UNITED STATES DOLLAR","HKD","HONG KONG DOLLAR","11","BRU","09/17/25","","","","","","","","","","","","","","","","","","","","","","","","0","","","","","","0.000000","","0.000000","0.000000","","0.000000","","","","","","","","","","","","","0.128379","","","","","","","","","","09/12/25","09/17/25","09/12/25","9:01:27 AM EDT","","","","","","","","","","","","0","0","0","","","","","5829291091","","","","","","","",""
"222963","NYLI GLOBAL EQUITY RD LEADERS ETF","2229633480","NYLI GLOBAL EQUITY RD LEADERS ETF","","","","USD","UNITED STATES DOLLAR","HUF","HUNGARIAN FORINT","10","BRU","09/12/25","","","","","","","","","","","","","","","","","","","","","","","","0","","","","","","0.000000","","0.000000","0.000000","","0.000000","","","","","","","","","","","","","0.002993","","","","","","","","","","09/12/25","09/17/25","09/12/25","9:01:27 AM EDT","","","","","","","","","","","","0","0","0","","","","","5829291091","","","","","","","",""
"222963","NYLI GLOBAL EQUITY RD LEADERS ETF","2229633480","NYLI GLOBAL EQUITY RD LEADERS ETF","","","","USD","UNITED STATES DOLLAR","HUF","HUNGARIAN FORINT","10","BRU","09/15/25","","","","","","","","","","","","","","","","","","","","","","","","0","","","","","","0.000000","","0.000000","0.000000","","0.000000","","","","","","","","","","","","","0.002993","","","","","","","","","","09/12/25","09/17/25","09/12/25","9:01:27 AM EDT","","","","","","","","","","","","0","0","0","","","","","5829291091","","","","","","","",""
"222963","NYLI GLOBAL EQUITY RD LEADERS ETF","2229633480","NYLI GLOBAL EQUITY RD LEADERS ETF","","","","USD","UNITED STATES DOLLAR","HUF","HUNGARIAN FORINT","10","BRU","09/16/25","","","","","","","","","","","","","","","","","","","","","","","","0","","","","","","0.000000","","0.000000","0.000000","","0.000000","","","","","","","","","","","","","0.002993","","","","","","","","","","09/12/25","09/17/25","09/12/25","9:01:27 AM EDT","","","","","","","","","","","","0","0","0","","","","","5829291091","","","","","","","",""
"222963","NYLI GLOBAL EQUITY RD LEADERS ETF","2229633480","NYLI GLOBAL EQUITY RD LEADERS ETF","","","","USD","UNITED STATES DOLLAR","HUF","HUNGARIAN FORINT","10","BRU","09/17/25","","","","","","","","","","","","","","","","","","","","","","","","0","","","","","","0.000000","","0.000000","0.000000","","0.000000","","","","","","","","","","","","","0.002993","","","","","","","","","","09/12/25","09/17/25","09/12/25","9:01:27 AM EDT","","","","","","","","","","","","0","0","0","","","","","5829291091","","","","","","","",""
"222963","NYLI GLOBAL EQUITY RD LEADERS ETF","2229633600","NYLI GLOBAL EQUITY RD LEADERS ETF","","","","USD","UNITED STATES DOLLAR","IDR","INDONESIAN RUPIAH","11","BRU","09/12/25","","","","","","","","","","","","","","","","","","","","","","","","0","","","","","","0.000000","","0.000000","0.000000","","0.000000","","","","","","","","","","","","","0.000061","","","","","","","","","","09/12/25","09/17/25","09/12/25","9:01:27 AM EDT","","","","","","","","","","","","0","0","0","","","","","5829291091","","","","","","","",""
"222963","NYLI GLOBAL EQUITY RD LEADERS ETF","2229633600","NYLI GLOBAL EQUITY RD LEADERS ETF","","","","USD","UNITED STATES DOLLAR","IDR","INDONESIAN RUPIAH","11","BRU","09/15/25","","","","","","","","","","","","","","","","","","","","","","","","0","","","","","","0.000000","","0.000000","0.000000","","0.000000","","","","","","","","","","","","","0.000061","","","","","","","","","","09/12/25","09/17/25","09/12/25","9:01:27 AM EDT","","","","","","","","","","","","0","0","0","","","","","5829291091","","","","","","","",""
"222963","NYLI GLOBAL EQUITY RD LEADERS ETF","2229633600","NYLI GLOBAL EQUITY RD LEADERS ETF","","","","USD","UNITED STATES DOLLAR","IDR","INDONESIAN RUPIAH","11","BRU","09/16/25","","","","","","","","","","","","","","","","","","","","","","","","0","","","","","","0.000000","","0.000000","0.000000","","0.000000","","","","","","","","","","","","","0.000061","","","","","","","","","","09/12/25","09/17/25","09/12/25","9:01:27 AM EDT","","","","","","","","","","","","0","0","0","","","","","5829291091","","","","","","","",""
"222963","NYLI GLOBAL EQUITY RD LEADERS ETF","2229633600","NYLI GLOBAL EQUITY RD LEADERS ETF","","","","USD","UNITED STATES DOLLAR","IDR","INDONESIAN RUPIAH","11","BRU","09/17/25","","","","","","","","","","","","","","","","","","","","","","","","0","","","","","","0.000000","","0.000000","0.000000","","0.000000","","","","","","","","","","","","","0.000061","","","","","","","","","","09/12/25","09/17/25","09/12/25","9:01:27 AM EDT","","","","","","","","","","","","0","0","0","","","","","5829291091","","","","","","","",""
"222963","NYLI GLOBAL EQUITY RD LEADERS ETF","2229633920","NYLI GLOBAL EQUITY RD LEADERS ETF","","","","USD","UNITED STATES DOLLAR","JPY","JAPANESE YEN","11","BRU","09/12/25","","","","","","","","","","","","","","","","","","","","","","","","0","","","","","","-4165871.000000","","-4165871.000000","-28301.720000","","-28301.720000","","","","","","","","","","","","","0.006794","","","","","","","","","","09/12/25","09/17/25","09/12/25","9:01:27 AM EDT","","","","","","","","","","","","0","0","0","","","","","5829291091","","","","","","","",""
"222963","NYLI GLOBAL EQUITY RD LEADERS ETF","2229633920","NYLI GLOBAL EQUITY RD LEADERS ETF","","","","USD","UNITED STATES DOLLAR","JPY","JAPANESE YEN","11","BRU","09/16/25","","","","","","","","","","","","","","","","","","","","","","","","0","","","","","","-4165871.000000","","-4165871.000000","-28301.720000","","-28301.720000","","","","","","","","","","","","","0.006794","","","","","","","","","","09/12/25","09/17/25","09/12/25","9:01:27 AM EDT","","","","","","","","","","","","0","0","0","","","","","5829291091","","","","","","","",""
"222963","NYLI GLOBAL EQUITY RD LEADERS ETF","2229633920","NYLI GLOBAL EQUITY RD LEADERS ETF","","","","USD","UNITED STATES DOLLAR","JPY","JAPANESE YEN","11","BRU","09/17/25","","","","","","","","","","","","","","","","","","","","","","","","0","","","","","","-4165871.000000","","-4165871.000000","-28301.720000","","-28301.720000","","","","","","","","","","","","","0.006794","","","","","","","","","","09/12/25","09/17/25","09/12/25","9:01:27 AM EDT","","","","","","","","","","","","0","0","0","","","","","5829291091","","","","","","","",""
"222963","NYLI GLOBAL EQUITY RD LEADERS ETF","2229634580","NYLI GLOBAL EQUITY RD LEADERS ETF","","","","USD","UNITED STATES DOLLAR","MYR","MALAYSIAN RINGGIT","11","BRU","09/12/25","","","","","","","","","","","","","","","","","","","","","","","","0","","","","","","0.000000","","0.000000","0.000000","","0.000000","","","","","","","","","","","","","0.236855","","","","","","","","","","09/12/25","09/17/25","09/12/25","9:01:27 AM EDT","","","","","","","","","","","","0","0","0","","","","","5829291091","","","","","","","",""
"222963","NYLI GLOBAL EQUITY RD LEADERS ETF","2229634580","NYLI GLOBAL EQUITY RD LEADERS ETF","","","","USD","UNITED STATES DOLLAR","MYR","MALAYSIAN RINGGIT","11","BRU","09/17/25","","","","","","","","","","","","","","","","","","","","","","","","0","","","","","","0.000000","","0.000000","0.000000","","0.000000","","","","","","","","","","","","","0.236855","","","","","","","","","","09/12/25","09/17/25","09/12/25","9:01:27 AM EDT","","","","","","","","","","","","0","0","0","","","","","5829291091","","","","","","","",""
"222963","NYLI GLOBAL EQUITY RD LEADERS ETF","2229634840","NYLI GLOBAL EQUITY RD LEADERS ETF","","","","USD","UNITED STATES DOLLAR","MXN","MEXICAN PESO","10","BRU","09/12/25","","","","","","","","","","","","","","","","","","","","","","","","0","","","","","","0.000000","","0.000000","0.000000","","0.000000","","","","","","","","","","","","","0.053959","","","","","","","","","","09/12/25","09/17/25","09/12/25","9:01:27 AM EDT","","","","","","","","","","","","0","0","0","","","","","5829291091","","","","","","","",""
"222963","NYLI GLOBAL EQUITY RD LEADERS ETF","2229634840","NYLI GLOBAL EQUITY RD LEADERS ETF","","","","USD","UNITED STATES DOLLAR","MXN","MEXICAN PESO","10","BRU","09/15/25","","","","","","","","","","","","","","","","","","","","","","","","0","","","","","","0.000000","","0.000000","0.000000","","0.000000","","","","","","","","","","","","","0.053959","","","","","","","","","","09/12/25","09/17/25","09/12/25","9:01:27 AM EDT","","","","","","","","","","","","0","0","0","","","","","5829291091","","","","","","","",""
"222963","NYLI GLOBAL EQUITY RD LEADERS ETF","2229634840","NYLI GLOBAL EQUITY RD LEADERS ETF","","","","USD","UNITED STATES DOLLAR","MXN","MEXICAN PESO","10","BRU","09/17/25","","","","","","","","","","","","","","","","","","","","","","","","0","","","","","","0.000000","","0.000000","0.000000","","0.000000","","","","","","","","","","","","","0.053959","","","","","","","","","","09/12/25","09/17/25","09/12/25","9:01:27 AM EDT","","","","","","","","","","","","0","0","0","","","","","5829291091","","","","","","","",""
"222963","NYLI GLOBAL EQUITY RD LEADERS ETF","2229633760","NYLI GLOBAL EQUITY RD LEADERS ETF","","","","USD","UNITED STATES DOLLAR","ILS","NEW ISRAELI SHEKEL","10","BRU","09/12/25","","","","","","","","","","","","","","","","","","","","","","","","0","","","","","","0.000000","","0.000000","0.000000","","0.000000","","","","","","","","","","","","","0.300960","","","","","","","","","","09/12/25","09/17/25","09/12/25","9:01:27 AM EDT","","","","","","","","","","","","0","0","0","","","","","5829291091","","","","","","","",""
"222963","NYLI GLOBAL EQUITY RD LEADERS ETF","2229633760","NYLI GLOBAL EQUITY RD LEADERS ETF","","","","USD","UNITED STATES DOLLAR","ILS","NEW ISRAELI SHEKEL","10","BRU","09/15/25","","","","","","","","","","","","","","","","","","","","","","","","0","","","","","","0.000000","","0.000000","0.000000","","0.000000","","","","","","","","","","","","","0.300960","","","","","","","","","","09/12/25","09/17/25","09/12/25","9:01:27 AM EDT","","","","","","","","","","","","0","0","0","","","","","5829291091","","","","","","","",""
"222963","NYLI GLOBAL EQUITY RD LEADERS ETF","2229633760","NYLI GLOBAL EQUITY RD LEADERS ETF","","","","USD","UNITED STATES DOLLAR","ILS","NEW ISRAELI SHEKEL","10","BRU","09/16/25","","","","","","","","","","","","","","","","","","","","","","","","0","","","","","","0.000000","","0.000000","0.000000","","0.000000","","","","","","","","","","","","","0.300960","","","","","","","","","","09/12/25","09/17/25","09/12/25","9:01:27 AM EDT","","","","","","","","","","","","0","0","0","","","","","5829291091","","","","","","","",""
"222963","NYLI GLOBAL EQUITY RD LEADERS ETF","2229633760","NYLI GLOBAL EQUITY RD LEADERS ETF","","","","USD","UNITED STATES DOLLAR","ILS","NEW ISRAELI SHEKEL","10","BRU","09/17/25","","","","","","","","","","","","","","","","","","","","","","","","0","","","","","","0.000000","","0.000000","0.000000","","0.000000","","","","","","","","","","","","","0.300960","","","","","","","","","","09/12/25","09/17/25","09/12/25","9:01:27 AM EDT","","","","","","","","","","","","0","0","0","","","","","5829291091","","","","","","","",""
"222963","NYLI GLOBAL EQUITY RD LEADERS ETF","2229639460","NYLI GLOBAL EQUITY RD LEADERS ETF","","","","USD","UNITED STATES DOLLAR","RON","NEW ROMANIAN LEU","10","BRU","09/12/25","","","","","","","","","","","","","","","","","","","","","","","","0","","","","","","0.000000","","0.000000","0.000000","","0.000000","","","","","","","","","","","","","0.231211","","","","","","","","","","09/12/25","09/17/25","09/12/25","9:01:27 AM EDT","","","","","","","","","","","","0","0","0","","","","","5829291091","","","","","","","",""
"222963","NYLI GLOBAL EQUITY RD LEADERS ETF","2229639460","NYLI GLOBAL EQUITY RD LEADERS ETF","","","","USD","UNITED STATES DOLLAR","RON","NEW ROMANIAN LEU","10","BRU","09/15/25","","","","","","","","","","","","","","","","","","","","","","","","0","","","","","","0.000000","","0.000000","0.000000","","0.000000","","","","","","","","","","","","","0.231211","","","","","","","","","","09/12/25","09/17/25","09/12/25","9:01:27 AM EDT","","","","","","","","","","","","0","0","0","","","","","5829291091","","","","","","","",""
"222963","NYLI GLOBAL EQUITY RD LEADERS ETF","2229639460","NYLI GLOBAL EQUITY RD LEADERS ETF","","","","USD","UNITED STATES DOLLAR","RON","NEW ROMANIAN LEU","10","BRU","09/16/25","","","","","","","","","","","","","","","","","","","","","","","","0","","","","","","0.000000","","0.000000","0.000000","","0.000000","","","","","","","","","","","","","0.231211","","","","","","","","","","09/12/25","09/17/25","09/12/25","9:01:27 AM EDT","","","","","","","","","","","","0","0","0","","","","","5829291091","","","","","","","",""
"222963","NYLI GLOBAL EQUITY RD LEADERS ETF","2229639460","NYLI GLOBAL EQUITY RD LEADERS ETF","","","","USD","UNITED STATES DOLLAR","RON","NEW ROMANIAN LEU","10","BRU","09/17/25","","","","","","","","","","","","","","","","","","","","","","","","0","","","","","","0.000000","","0.000000","0.000000","","0.000000","","","","","","","","","","","","","0.231211","","","","","","","","","","09/12/25","09/17/25","09/12/25","9:01:27 AM EDT","","","","","","","","","","","","0","0","0","","","","","5829291091","","","","","","","",""
"222963","NYLI GLOBAL EQUITY RD LEADERS ETF","2229639010","NYLI GLOBAL EQUITY RD LEADERS ETF","","","","USD","UNITED STATES DOLLAR","TWD","NEW TAIWAN DOLLAR","11","BRU","09/12/25","","","","","","","","","","","","","","","","","","","","","","","","0","","","","","","0.000000","","0.000000","0.000000","","0.000000","","","","","","","","","","","","","0.033006","","","","","","","","","","09/12/25","09/17/25","09/12/25","9:01:27 AM EDT","","","","","","","","","","","","0","0","0","","","","","5829291091","","","","","","","",""
"222963","NYLI GLOBAL EQUITY RD LEADERS ETF","2229639010","NYLI GLOBAL EQUITY RD LEADERS ETF","","","","USD","UNITED STATES DOLLAR","TWD","NEW TAIWAN DOLLAR","11","BRU","09/15/25","","","","","","","","","","","","","","","","","","","","","","","","0","","","","","","0.000000","","0.000000","0.000000","","0.000000","","","","","","","","","","","","","0.033006","","","","","","","","","","09/12/25","09/17/25","09/12/25","9:01:27 AM EDT","","","","","","","","","","","","0","0","0","","","","","5829291091","","","","","","","",""
"222963","NYLI GLOBAL EQUITY RD LEADERS ETF","2229639010","NYLI GLOBAL EQUITY RD LEADERS ETF","","","","USD","UNITED STATES DOLLAR","TWD","NEW TAIWAN DOLLAR","11","BRU","09/16/25","","","","","","","","","","","","","","","","","","","","","","","","0","","","","","","0.000000","","0.000000","0.000000","","0.000000","","","","","","","","","","","","","0.033006","","","","","","","","","","09/12/25","09/17/25","09/12/25","9:01:27 AM EDT","","","","","","","","","","","","0","0","0","","","","","5829291091","","","","","","","",""
"222963","NYLI GLOBAL EQUITY RD LEADERS ETF","2229639010","NYLI GLOBAL EQUITY RD LEADERS ETF","","","","USD","UNITED STATES DOLLAR","TWD","NEW TAIWAN DOLLAR","11","BRU","09/17/25","","","","","","","","","","","","","","","","","","","","","","","","0","","","","","","0.000000","","0.000000","0.000000","","0.000000","","","","","","","","","","","","","0.033006","","","","","","","","","","09/12/25","09/17/25","09/12/25","9:01:27 AM EDT","","","","","","","","","","","","0","0","0","","","","","5829291091","","","","","","","",""
"222963","NYLI GLOBAL EQUITY RD LEADERS ETF","2229639490","NYLI GLOBAL EQUITY RD LEADERS ETF","","","","USD","UNITED STATES DOLLAR","TRY","NEW TURKISH LIRA","10","BRU","09/12/25","","","","","","","","","","","","","","","","","","","","","","","","0","","","","","","0.000000","","0.000000","0.000000","","0.000000","","","","","","","","","","","","","0.024217","","","","","","","","","","09/12/25","09/17/25","09/12/25","9:01:27 AM EDT","","","","","","","","","","","","0","0","0","","","","","5829291091","","","","","","","",""
"222963","NYLI GLOBAL EQUITY RD LEADERS ETF","2229639490","NYLI GLOBAL EQUITY RD LEADERS ETF","","","","USD","UNITED STATES DOLLAR","TRY","NEW TURKISH LIRA","10","BRU","09/15/25","","","","","","","","","","","","","","","","","","","","","","","","0","","","","","","0.000000","","0.000000","0.000000","","0.000000","","","","","","","","","","","","","0.024217","","","","","","","","","","09/12/25","09/17/25","09/12/25","9:01:27 AM EDT","","","","","","","","","","","","0","0","0","","","","","5829291091","","","","","","","",""
"222963","NYLI GLOBAL EQUITY RD LEADERS ETF","2229639490","NYLI GLOBAL EQUITY RD LEADERS ETF","","","","USD","UNITED STATES DOLLAR","TRY","NEW TURKISH LIRA","10","BRU","09/16/25","","","","","","","","","","","","","","","","","","","","","","","","0","","","","","","0.000000","","0.000000","0.000000","","0.000000","","","","","","","","","","","","","0.024217","","","","","","","","","","09/12/25","09/17/25","09/12/25","9:01:27 AM EDT","","","","","","","","","","","","0","0","0","","","","","5829291091","","","","","","","",""
"222963","NYLI GLOBAL EQUITY RD LEADERS ETF","2229639490","NYLI GLOBAL EQUITY RD LEADERS ETF","","","","USD","UNITED STATES DOLLAR","TRY","NEW TURKISH LIRA","10","BRU","09/17/25","","","","","","","","","","","","","","","","","","","","","","","","0","","","","","","0.000000","","0.000000","0.000000","","0.000000","","","","","","","","","","","","","0.024217","","","","","","","","","","09/12/25","09/17/25","09/12/25","9:01:27 AM EDT","","","","","","","","","","","","0","0","0","","","","","5829291091","","","","","","","",""
"222963","NYLI GLOBAL EQUITY RD LEADERS ETF","2229635540","NYLI GLOBAL EQUITY RD LEADERS ETF","","","","USD","UNITED STATES DOLLAR","NZD","NEW ZEALAND DOLLAR","11","BRU","09/12/25","","","","","","","","","","","","","","","","","","","","","","","","0","","","","","","0.000000","","0.000000","0.000000","","0.000000","","","","","","","","","","","","","0.596250","","","","","","","","","","09/12/25","09/17/25","09/12/25","9:01:27 AM EDT","","","","","","","","","","","","0","0","0","","","","","5829291091","","","","","","","",""
"222963","NYLI GLOBAL EQUITY RD LEADERS ETF","2229635540","NYLI GLOBAL EQUITY RD LEADERS ETF","","","","USD","UNITED STATES DOLLAR","NZD","NEW ZEALAND DOLLAR","11","BRU","09/15/25","","","","","","","","","","","","","","","","","","","","","","","","0","","","","","","0.000000","","0.000000","0.000000","","0.000000","","","","","","","","","","","","","0.596250","","","","","","","","","","09/12/25","09/17/25","09/12/25","9:01:27 AM EDT","","","","","","","","","","","","0","0","0","","","","","5829291091","","","","","","","",""
"222963","NYLI GLOBAL EQUITY RD LEADERS ETF","2229635540","NYLI GLOBAL EQUITY RD LEADERS ETF","","","","USD","UNITED STATES DOLLAR","NZD","NEW ZEALAND DOLLAR","11","BRU","09/16/25","","","","","","","","","","","","","","","","","","","","","","","","0","","","","","","0.000000","","0.000000","0.000000","","0.000000","","","","","","","","","","","","","0.596250","","","","","","","","","","09/12/25","09/17/25","09/12/25","9:01:27 AM EDT","","","","","","","","","","","","0","0","0","","","","","5829291091","","","","","","","",""
"222963","NYLI GLOBAL EQUITY RD LEADERS ETF","2229635540","NYLI GLOBAL EQUITY RD LEADERS ETF","","","","USD","UNITED STATES DOLLAR","NZD","NEW ZEALAND DOLLAR","11","BRU","09/17/25","","","","","","","","","","","","","","","","","","","","","","","","0","","","","","","0.000000","","0.000000","0.000000","","0.000000","","","","","","","","","","","","","0.596250","","","","","","","","","","09/12/25","09/17/25","09/12/25","9:01:27 AM EDT","","","","","","","","","","","","0","0","0","","","","","5829291091","","","","","","","",""
"222963","NYLI GLOBAL EQUITY RD LEADERS ETF","2229635780","NYLI GLOBAL EQUITY RD LEADERS ETF","","","","USD","UNITED STATES DOLLAR","NOK","NORWEGIAN KRONE","10","BRU","09/12/25","","","","","","","","","","","","","","","","","","","","","","","","0","","","","","","0.000000","","0.000000","0.000000","","0.000000","","","","","","","","","","","","","0.101207","","","","","","","","","","09/12/25","09/17/25","09/12/25","9:01:27 AM EDT","","","","","","","","","","","","0","0","0","","","","","5829291091","","","","","","","",""
"222963","NYLI GLOBAL EQUITY RD LEADERS ETF","2229635780","NYLI GLOBAL EQUITY RD LEADERS ETF","","","","USD","UNITED STATES DOLLAR","NOK","NORWEGIAN KRONE","10","BRU","09/15/25","","","","","","","","","","","","","","","","","","","","","","","","0","","","","","","0.000000","","0.000000","0.000000","","0.000000","","","","","","","","","","","","","0.101207","","","","","","","","","","09/12/25","09/17/25","09/12/25","9:01:27 AM EDT","","","","","","","","","","","","0","0","0","","","","","5829291091","","","","","","","",""
"222963","NYLI GLOBAL EQUITY RD LEADERS ETF","2229635780","NYLI GLOBAL EQUITY RD LEADERS ETF","","","","USD","UNITED STATES DOLLAR","NOK","NORWEGIAN KRONE","10","BRU","09/16/25","","","","","","","","","","","","","","","","","","","","","","","","0","","","","","","0.000000","","0.000000","0.000000","","0.000000","","","","","","","","","","","","","0.101207","","","","","","","","","","09/12/25","09/17/25","09/12/25","9:01:27 AM EDT","","","","","","","","","","","","0","0","0","","","","","5829291091","","","","","","","",""
"222963","NYLI GLOBAL EQUITY RD LEADERS ETF","2229635780","NYLI GLOBAL EQUITY RD LEADERS ETF","","","","USD","UNITED STATES DOLLAR","NOK","NORWEGIAN KRONE","10","BRU","09/17/25","","","","","","","","","","","","","","","","","","","","","","","","0","","","","","","0.000000","","0.000000","0.000000","","0.000000","","","","","","","","","","","","","0.101207","","","","","","","","","","09/12/25","09/17/25","09/12/25","9:01:27 AM EDT","","","","","","","","","","","","0","0","0","","","","","5829291091","","","","","","","",""
"222963","NYLI GLOBAL EQUITY RD LEADERS ETF","2229636040","NYLI GLOBAL EQUITY RD LEADERS ETF","","","","USD","UNITED STATES DOLLAR","PEN","PERUVIAN NUEVO SOL","10","BRU","09/12/25","","","","","","","","","","","","","","","","","","","","","","","","0","","","","","","0.000000","","0.000000","0.000000","","0.000000","","","","","","","","","","","","","0.288064","","","","","","","","","","09/12/25","09/17/25","09/12/25","9:01:27 AM EDT","","","","","","","","","","","","0","0","0","","","","","5829291091","","","","","","","",""
"222963","NYLI GLOBAL EQUITY RD LEADERS ETF","2229636040","NYLI GLOBAL EQUITY RD LEADERS ETF","","","","USD","UNITED STATES DOLLAR","PEN","PERUVIAN NUEVO SOL","10","BRU","09/15/25","","","","","","","","","","","","","","","","","","","","","","","","0","","","","","","0.000000","","0.000000","0.000000","","0.000000","","","","","","","","","","","","","0.288064","","","","","","","","","","09/12/25","09/17/25","09/12/25","9:01:27 AM EDT","","","","","","","","","","","","0","0","0","","","","","5829291091","","","","","","","",""
"222963","NYLI GLOBAL EQUITY RD LEADERS ETF","2229636040","NYLI GLOBAL EQUITY RD LEADERS ETF","","","","USD","UNITED STATES DOLLAR","PEN","PERUVIAN NUEVO SOL","10","BRU","09/16/25","","","","","","","","","","","","","","","","","","","","","","","","0","","","","","","0.000000","","0.000000","0.000000","","0.000000","","","","","","","","","","","","","0.288064","","","","","","","","","","09/12/25","09/17/25","09/12/25","9:01:27 AM EDT","","","","","","","","","","","","0","0","0","","","","","5829291091","","","","","","","",""
"222963","NYLI GLOBAL EQUITY RD LEADERS ETF","2229636040","NYLI GLOBAL EQUITY RD LEADERS ETF","","","","USD","UNITED STATES DOLLAR","PEN","PERUVIAN NUEVO SOL","10","BRU","09/17/25","","","","","","","","","","","","","","","","","","","","","","","","0","","","","","","0.000000","","0.000000","0.000000","","0.000000","","","","","","","","","","","","","0.288064","","","","","","","","","","09/12/25","09/17/25","09/12/25","9:01:27 AM EDT","","","","","","","","","","","","0","0","0","","","","","5829291091","","","","","","","",""
"222963","NYLI GLOBAL EQUITY RD LEADERS ETF","2229636080","NYLI GLOBAL EQUITY RD LEADERS ETF","","","","USD","UNITED STATES DOLLAR","PHP","PHILIPPINE PESO","11","BRU","09/12/25","","","","","","","","","","","","","","","","","","","","","","","","0","","","","","","0.000000","","0.000000","0.000000","","0.000000","","","","","","","","","","","","","0.017487","","","","","","","","","","09/12/25","09/17/25","09/12/25","9:01:27 AM EDT","","","","","","","","","","","","0","0","0","","","","","5829291091","","","","","","","",""
"222963","NYLI GLOBAL EQUITY RD LEADERS ETF","2229636080","NYLI GLOBAL EQUITY RD LEADERS ETF","","","","USD","UNITED STATES DOLLAR","PHP","PHILIPPINE PESO","11","BRU","09/15/25","","","","","","","","","","","","","","","","","","","","","","","","0","","","","","","0.000000","","0.000000","0.000000","","0.000000","","","","","","","","","","","","","0.017487","","","","","","","","","","09/12/25","09/17/25","09/12/25","9:01:27 AM EDT","","","","","","","","","","","","0","0","0","","","","","5829291091","","","","","","","",""
"222963","NYLI GLOBAL EQUITY RD LEADERS ETF","2229636080","NYLI GLOBAL EQUITY RD LEADERS ETF","","","","USD","UNITED STATES DOLLAR","PHP","PHILIPPINE PESO","11","BRU","09/16/25","","","","","","","","","","","","","","","","","","","","","","","","0","","","","","","0.000000","","0.000000","0.000000","","0.000000","","","","","","","","","","","","","0.017487","","","","","","","","","","09/12/25","09/17/25","09/12/25","9:01:27 AM EDT","","","","","","","","","","","","0","0","0","","","","","5829291091","","","","","","","",""
"222963","NYLI GLOBAL EQUITY RD LEADERS ETF","2229636080","NYLI GLOBAL EQUITY RD LEADERS ETF","","","","USD","UNITED STATES DOLLAR","PHP","PHILIPPINE PESO","11","BRU","09/17/25","","","","","","","","","","","","","","","","","","","","","","","","0","","","","","","0.000000","","0.000000","0.000000","","0.000000","","","","","","","","","","","","","0.017487","","","","","","","","","","09/12/25","09/17/25","09/12/25","9:01:27 AM EDT","","","","","","","","","","","","0","0","0","","","","","5829291091","","","","","","","",""
"222963","NYLI GLOBAL EQUITY RD LEADERS ETF","2229639850","NYLI GLOBAL EQUITY RD LEADERS ETF","","","","USD","UNITED STATES DOLLAR","PLN","POLISH ZLOTY","10","BRU","09/12/25","","","","","","","","","","","","","","","","","","","","","","","","0","","","","","","0.000000","","0.000000","0.000000","","0.000000","","","","","","","","","","","","","0.275596","","","","","","","","","","09/12/25","09/17/25","09/12/25","9:01:27 AM EDT","","","","","","","","","","","","0","0","0","","","","","5829291091","","","","","","","",""
"222963","NYLI GLOBAL EQUITY RD LEADERS ETF","2229639850","NYLI GLOBAL EQUITY RD LEADERS ETF","","","","USD","UNITED STATES DOLLAR","PLN","POLISH ZLOTY","10","BRU","09/15/25","","","","","","","","","","","","","","","","","","","","","","","","0","","","","","","0.000000","","0.000000","0.000000","","0.000000","","","","","","","","","","","","","0.275596","","","","","","","","","","09/12/25","09/17/25","09/12/25","9:01:27 AM EDT","","","","","","","","","","","","0","0","0","","","","","5829291091","","","","","","","",""
"222963","NYLI GLOBAL EQUITY RD LEADERS ETF","2229639850","NYLI GLOBAL EQUITY RD LEADERS ETF","","","","USD","UNITED STATES DOLLAR","PLN","POLISH ZLOTY","10","BRU","09/16/25","","","","","","","","","","","","","","","","","","","","","","","","0","","","","","","0.000000","","0.000000","0.000000","","0.000000","","","","","","","","","","","","","0.275596","","","","","","","","","","09/12/25","09/17/25","09/12/25","9:01:27 AM EDT","","","","","","","","","","","","0","0","0","","","","","5829291091","","","","","","","",""
"222963","NYLI GLOBAL EQUITY RD LEADERS ETF","2229639850","NYLI GLOBAL EQUITY RD LEADERS ETF","","","","USD","UNITED STATES DOLLAR","PLN","POLISH ZLOTY","10","BRU","09/17/25","","","","","","","","","","","","","","","","","","","","","","","","0","","","","","","0.000000","","0.000000","0.000000","","0.000000","","","","","","","","","","","","","0.275596","","","","","","","","","","09/12/25","09/17/25","09/12/25","9:01:27 AM EDT","","","","","","","","","","","","0","0","0","","","","","5829291091","","","","","","","",""
"222963","NYLI GLOBAL EQUITY RD LEADERS ETF","2229638260","NYLI GLOBAL EQUITY RD LEADERS ETF","","","","USD","UNITED STATES DOLLAR","GBP","POUND STERLING","10","BRU","09/16/25","","","","","","","","","","","","","","","","","","","","","","","","0","","","","","","0.000000","","0.000000","0.000000","","0.000000","","","","","","","","","","","","","1.355850","","","","","","","","","","09/12/25","09/17/25","09/12/25","9:01:27 AM EDT","","","","","","","","","","","","0","0","0","","","","","5829291091","","","","","","","",""
"222963","NYLI GLOBAL EQUITY RD LEADERS ETF","2229638260","NYLI GLOBAL EQUITY RD LEADERS ETF","","","","USD","UNITED STATES DOLLAR","GBP","POUND STERLING","10","BRU","09/17/25","","","","","","","","","","","","","","","","","","","","","","","","0","","","","","","0.000000","","0.000000","0.000000","","0.000000","","","","","","","","","","","","","1.355850","","","","","","","","","","09/12/25","09/17/25","09/12/25","9:01:27 AM EDT","","","","","","","","","","","","0","0","0","","","","","5829291091","","","","","","","",""
"222963","NYLI GLOBAL EQUITY RD LEADERS ETF","2229630020","NYLI GLOBAL EQUITY RD LEADERS ETF","","","","USD","UNITED STATES DOLLAR","RUB","RUSSIAN RUBLE","10","BRU","09/12/25","","","","","","","","","","","","","","","","","","","","","","","","0","","","","","","0.000000","","0.000000","0.000000","","0.000000","","","","","","","","","","","","","0.011796","","","","","","","","","","09/12/25","09/17/25","09/12/25","9:01:27 AM EDT","","","","","","","","","","","","0","0","0","","","","","5829291091","","","","","","","",""
"222963","NYLI GLOBAL EQUITY RD LEADERS ETF","2229630020","NYLI GLOBAL EQUITY RD LEADERS ETF","","","","USD","UNITED STATES DOLLAR","RUB","RUSSIAN RUBLE","10","BRU","09/15/25","","","","","","","","","","","","","","","","","","","","","","","","0","","","","","","0.000000","","0.000000","0.000000","","0.000000","","","","","","","","","","","","","0.011796","","","","","","","","","","09/12/25","09/17/25","09/12/25","9:01:27 AM EDT","","","","","","","","","","","","0","0","0","","","","","5829291091","","","","","","","",""
"222963","NYLI GLOBAL EQUITY RD LEADERS ETF","2229630020","NYLI GLOBAL EQUITY RD LEADERS ETF","","","","USD","UNITED STATES DOLLAR","RUB","RUSSIAN RUBLE","10","BRU","09/16/25","","","","","","","","","","","","","","","","","","","","","","","","0","","","","","","0.000000","","0.000000","0.000000","","0.000000","","","","","","","","","","","","","0.011796","","","","","","","","","","09/12/25","09/17/25","09/12/25","9:01:27 AM EDT","","","","","","","","","","","","0","0","0","","","","","5829291091","","","","","","","",""
"222963","NYLI GLOBAL EQUITY RD LEADERS ETF","2229630020","NYLI GLOBAL EQUITY RD LEADERS ETF","","","","USD","UNITED STATES DOLLAR","RUB","RUSSIAN RUBLE","10","BRU","09/17/25","","","","","","","","","","","","","","","","","","","","","","","","0","","","","","","0.000000","","0.000000","0.000000","","0.000000","","","","","","","","","","","","","0.011796","","","","","","","","","","09/12/25","09/17/25","09/12/25","9:01:27 AM EDT","","","","","","","","","","","","0","0","0","","","","","5829291091","","","","","","","",""
"222963","NYLI GLOBAL EQUITY RD LEADERS ETF","2229637020","NYLI GLOBAL EQUITY RD LEADERS ETF","","","","USD","UNITED STATES DOLLAR","SGD","SINGAPORE DOLLAR","11","BRU","09/12/25","","","","","","","","","","","","","","","","","","","","","","","","0","","","","","","0.000000","","0.000000","0.000000","","0.000000","","","","","","","","","","","","","0.779970","","","","","","","","","","09/12/25","09/17/25","09/12/25","9:01:27 AM EDT","","","","","","","","","","","","0","0","0","","","","","5829291091","","","","","","","",""
"222963","NYLI GLOBAL EQUITY RD LEADERS ETF","2229637020","NYLI GLOBAL EQUITY RD LEADERS ETF","","","","USD","UNITED STATES DOLLAR","SGD","SINGAPORE DOLLAR","11","BRU","09/15/25","","","","","","","","","","","","","","","","","","","","","","","","0","","","","","","0.000000","","0.000000","0.000000","","0.000000","","","","","","","","","","","","","0.779970","","","","","","","","","","09/12/25","09/17/25","09/12/25","9:01:27 AM EDT","","","","","","","","","","","","0","0","0","","","","","5829291091","","","","","","","",""
"222963","NYLI GLOBAL EQUITY RD LEADERS ETF","2229637020","NYLI GLOBAL EQUITY RD LEADERS ETF","","","","USD","UNITED STATES DOLLAR","SGD","SINGAPORE DOLLAR","11","BRU","09/16/25","","","","","","","","","","","","","","","","","","","","","","","","0","","","","","","0.000000","","0.000000","0.000000","","0.000000","","","","","","","","","","","","","0.779970","","","","","","","","","","09/12/25","09/17/25","09/12/25","9:01:27 AM EDT","","","","","","","","","","","","0","0","0","","","","","5829291091","","","","","","","",""
"222963","NYLI GLOBAL EQUITY RD LEADERS ETF","2229637020","NYLI GLOBAL EQUITY RD LEADERS ETF","","","","USD","UNITED STATES DOLLAR","SGD","SINGAPORE DOLLAR","11","BRU","09/17/25","","","","","","","","","","","","","","","","","","","","","","","","0","","","","","","0.000000","","0.000000","0.000000","","0.000000","","","","","","","","","","","","","0.779970","","","","","","","","","","09/12/25","09/17/25","09/12/25","9:01:27 AM EDT","","","","","","","","","","","","0","0","0","","","","","5829291091","","","","","","","",""
"222963","NYLI GLOBAL EQUITY RD LEADERS ETF","2229637100","NYLI GLOBAL EQUITY RD LEADERS ETF","","","","USD","UNITED STATES DOLLAR","ZAR","SOUTH AFRICAN RAND","10","BRU","09/12/25","","","","","","","","","","","","","","","","","","","","","","","","0","","","","","","0.000000","","0.000000","0.000000","","0.000000","","","","","","","","","","","","","0.057401","","","","","","","","","","09/12/25","09/17/25","09/12/25","9:01:27 AM EDT","","","","","","","","","","","","0","0","0","","","","","5829291091","","","","","","","",""
"222963","NYLI GLOBAL EQUITY RD LEADERS ETF","2229637100","NYLI GLOBAL EQUITY RD LEADERS ETF","","","","USD","UNITED STATES DOLLAR","ZAR","SOUTH AFRICAN RAND","10","BRU","09/15/25","","","","","","","","","","","","","","","","","","","","","","","","0","","","","","","0.000000","","0.000000","0.000000","","0.000000","","","","","","","","","","","","","0.057401","","","","","","","","","","09/12/25","09/17/25","09/12/25","9:01:27 AM EDT","","","","","","","","","","","","0","0","0","","","","","5829291091","","","","","","","",""
"222963","NYLI GLOBAL EQUITY RD LEADERS ETF","2229637100","NYLI GLOBAL EQUITY RD LEADERS ETF","","","","USD","UNITED STATES DOLLAR","ZAR","SOUTH AFRICAN RAND","10","BRU","09/16/25","","","","","","","","","","","","","","","","","","","","","","","","0","","","","","","0.000000","","0.000000","0.000000","","0.000000","","","","","","","","","","","","","0.057401","","","","","","","","","","09/12/25","09/17/25","09/12/25","9:01:27 AM EDT","","","","","","","","","","","","0","0","0","","","","","5829291091","","","","","","","",""
"222963","NYLI GLOBAL EQUITY RD LEADERS ETF","2229637100","NYLI GLOBAL EQUITY RD LEADERS ETF","","","","USD","UNITED STATES DOLLAR","ZAR","SOUTH AFRICAN RAND","10","BRU","09/17/25","","","","","","","","","","","","","","","","","","","","","","","","0","","","","","","0.000000","","0.000000","0.000000","","0.000000","","","","","","","","","","","","","0.057401","","","","","","","","","","09/12/25","09/17/25","09/12/25","9:01:27 AM EDT","","","","","","","","","","","","0","0","0","","","","","5829291091","","","","","","","",""
"222963","NYLI GLOBAL EQUITY RD LEADERS ETF","2229634100","NYLI GLOBAL EQUITY RD LEADERS ETF","","","","USD","UNITED STATES DOLLAR","KRW","SOUTH KOREAN WON","11","BRU","09/12/25","","","","","","","","","","","","","","","","","","","","","","","","0","","","","","","0.000000","","0.000000","0.000000","","0.000000","","","","","","","","","","","","","0.000718","","","","","","","","","","09/12/25","09/17/25","09/12/25","9:01:27 AM EDT","","","","","","","","","","","","0","0","0","","","","","5829291091","","","","","","","",""
"222963","NYLI GLOBAL EQUITY RD LEADERS ETF","2229634100","NYLI GLOBAL EQUITY RD LEADERS ETF","","","","USD","UNITED STATES DOLLAR","KRW","SOUTH KOREAN WON","11","BRU","09/15/25","","","","","","","","","","","","","","","","","","","","","","","","0","","","","","","0.000000","","0.000000","0.000000","","0.000000","","","","","","","","","","","","","0.000718","","","","","","","","","","09/12/25","09/17/25","09/12/25","9:01:27 AM EDT","","","","","","","","","","","","0","0","0","","","","","5829291091","","","","","","","",""
"222963","NYLI GLOBAL EQUITY RD LEADERS ETF","2229634100","NYLI GLOBAL EQUITY RD LEADERS ETF","","","","USD","UNITED STATES DOLLAR","KRW","SOUTH KOREAN WON","11","BRU","09/16/25","","","","","","","","","","","","","","","","","","","","","","","","0","","","","","","0.000000","","0.000000","0.000000","","0.000000","","","","","","","","","","","","","0.000718","","","","","","","","","","09/12/25","09/17/25","09/12/25","9:01:27 AM EDT","","","","","","","","","","","","0","0","0","","","","","5829291091","","","","","","","",""
"222963","NYLI GLOBAL EQUITY RD LEADERS ETF","2229634100","NYLI GLOBAL EQUITY RD LEADERS ETF","","","","USD","UNITED STATES DOLLAR","KRW","SOUTH KOREAN WON","11","BRU","09/17/25","","","","","","","","","","","","","","","","","","","","","","","","0","","","","","","0.000000","","0.000000","0.000000","","0.000000","","","","","","","","","","","","","0.000718","","","","","","","","","","09/12/25","09/17/25","09/12/25","9:01:27 AM EDT","","","","","","","","","","","","0","0","0","","","","","5829291091","","","","","","","",""
"222963","NYLI GLOBAL EQUITY RD LEADERS ETF","2229637520","NYLI GLOBAL EQUITY RD LEADERS ETF","","","","USD","UNITED STATES DOLLAR","SEK","SWEDISH KRONA","10","BRU","09/12/25","","","","","","","","","","","","","","","","","","","","","","","","0","","","","","","0.000000","","0.000000","0.000000","","0.000000","","","","","","","","","","","","","0.107252","","","","","","","","","","09/12/25","09/17/25","09/12/25","9:01:27 AM EDT","","","","","","","","","","","","0","0","0","","","","","5829291091","","","","","","","",""
"222963","NYLI GLOBAL EQUITY RD LEADERS ETF","2229637520","NYLI GLOBAL EQUITY RD LEADERS ETF","","","","USD","UNITED STATES DOLLAR","SEK","SWEDISH KRONA","10","BRU","09/15/25","","","","","","","","","","","","","","","","","","","","","","","","0","","","","","","0.000000","","0.000000","0.000000","","0.000000","","","","","","","","","","","","","0.107252","","","","","","","","","","09/12/25","09/17/25","09/12/25","9:01:27 AM EDT","","","","","","","","","","","","0","0","0","","","","","5829291091","","","","","","","",""
"222963","NYLI GLOBAL EQUITY RD LEADERS ETF","2229637520","NYLI GLOBAL EQUITY RD LEADERS ETF","","","","USD","UNITED STATES DOLLAR","SEK","SWEDISH KRONA","10","BRU","09/16/25","","","","","","","","","","","","","","","","","","","","","","","","0","","","","","","0.000000","","0.000000","0.000000","","0.000000","","","","","","","","","","","","","0.107252","","","","","","","","","","09/12/25","09/17/25","09/12/25","9:01:27 AM EDT","","","","","","","","","","","","0","0","0","","","","","5829291091","","","","","","","",""
"222963","NYLI GLOBAL EQUITY RD LEADERS ETF","2229637520","NYLI GLOBAL EQUITY RD LEADERS ETF","","","","USD","UNITED STATES DOLLAR","SEK","SWEDISH KRONA","10","BRU","09/17/25","","","","","","","","","","","","","","","","","","","","","","","","0","","","","","","0.000000","","0.000000","0.000000","","0.000000","","","","","","","","","","","","","0.107252","","","","","","","","","","09/12/25","09/17/25","09/12/25","9:01:27 AM EDT","","","","","","","","","","","","0","0","0","","","","","5829291091","","","","","","","",""
"222963","NYLI GLOBAL EQUITY RD LEADERS ETF","2229637560","NYLI GLOBAL EQUITY RD LEADERS ETF","","","","USD","UNITED STATES DOLLAR","CHF","SWISS FRANC","10","BRU","09/12/25","","","","","","","","","","","","","","","","","","","","","","","","0","","","","","","0.000000","","0.000000","0.000000","","0.000000","","","","","","","","","","","","","1.256360","","","","","","","","","","09/12/25","09/17/25","09/12/25","9:01:27 AM EDT","","","","","","","","","","","","0","0","0","","","","","5829291091","","","","","","","",""
"222963","NYLI GLOBAL EQUITY RD LEADERS ETF","2229637560","NYLI GLOBAL EQUITY RD LEADERS ETF","","","","USD","UNITED STATES DOLLAR","CHF","SWISS FRANC","10","BRU","09/15/25","","","","","","","","","","","","","","","","","","","","","","","","0","","","","","","0.000000","","0.000000","0.000000","","0.000000","","","","","","","","","","","","","1.256360","","","","","","","","","","09/12/25","09/17/25","09/12/25","9:01:27 AM EDT","","","","","","","","","","","","0","0","0","","","","","5829291091","","","","","","","",""
"222963","NYLI GLOBAL EQUITY RD LEADERS ETF","2229637560","NYLI GLOBAL EQUITY RD LEADERS ETF","","","","USD","UNITED STATES DOLLAR","CHF","SWISS FRANC","10","BRU","09/16/25","","","","","","","","","","","","","","","","","","","","","","","","0","","","","","","0.000000","","0.000000","0.000000","","0.000000","","","","","","","","","","","","","1.256360","","","","","","","","","","09/12/25","09/17/25","09/12/25","9:01:27 AM EDT","","","","","","","","","","","","0","0","0","","","","","5829291091","","","","","","","",""
"222963","NYLI GLOBAL EQUITY RD LEADERS ETF","2229637560","NYLI GLOBAL EQUITY RD LEADERS ETF","","","","USD","UNITED STATES DOLLAR","CHF","SWISS FRANC","10","BRU","09/17/25","","","","","","","","","","","","","","","","","","","","","","","","0","","","","","","0.000000","","0.000000","0.000000","","0.000000","","","","","","","","","","","","","1.256360","","","","","","","","","","09/12/25","09/17/25","09/12/25","9:01:27 AM EDT","","","","","","","","","","","","0","0","0","","","","","5829291091","","","","","","","",""
"222963","NYLI GLOBAL EQUITY RD LEADERS ETF","2229637640","NYLI GLOBAL EQUITY RD LEADERS ETF","","","","USD","UNITED STATES DOLLAR","THB","THAILAND BAHT","11","BRU","09/12/25","","","","","","","","","","","","","","","","","","","","","","","","0","","","","","","0.000000","","0.000000","0.000000","","0.000000","","","","","","","","","","","","","0.031397","","","","","","","","","","09/12/25","09/17/25","09/12/25","9:01:27 AM EDT","","","","","","","","","","","","0","0","0","","","","","5829291091","","","","","","","",""
"222963","NYLI GLOBAL EQUITY RD LEADERS ETF","2229637640","NYLI GLOBAL EQUITY RD LEADERS ETF","","","","USD","UNITED STATES DOLLAR","THB","THAILAND BAHT","11","BRU","09/15/25","","","","","","","","","","","","","","","","","","","","","","","","0","","","","","","0.000000","","0.000000","0.000000","","0.000000","","","","","","","","","","","","","0.031397","","","","","","","","","","09/12/25","09/17/25","09/12/25","9:01:27 AM EDT","","","","","","","","","","","","0","0","0","","","","","5829291091","","","","","","","",""
"222963","NYLI GLOBAL EQUITY RD LEADERS ETF","2229637640","NYLI GLOBAL EQUITY RD LEADERS ETF","","","","USD","UNITED STATES DOLLAR","THB","THAILAND BAHT","11","BRU","09/16/25","","","","","","","","","","","","","","","","","","","","","","","","0","","","","","","0.000000","","0.000000","0.000000","","0.000000","","","","","","","","","","","","","0.031397","","","","","","","","","","09/12/25","09/17/25","09/12/25","9:01:27 AM EDT","","","","","","","","","","","","0","0","0","","","","","5829291091","","","","","","","",""
"222963","NYLI GLOBAL EQUITY RD LEADERS ETF","2229637640","NYLI GLOBAL EQUITY RD LEADERS ETF","","","","USD","UNITED STATES DOLLAR","THB","THAILAND BAHT","11","BRU","09/17/25","","","","","","","","","","","","","","","","","","","","","","","","0","","","","","","0.000000","","0.000000","0.000000","","0.000000","","","","","","","","","","","","","0.031397","","","","","","","","","","09/12/25","09/17/25","09/12/25","9:01:27 AM EDT","","","","","","","","","","","","0","0","0","","","","","5829291091","","","","","","","",""
"222963","NYLI GLOBAL EQUITY RD LEADERS ETF","2229637646","NYLI GLOBAL EQUITY RD LEADERS ETF","","","","USD","UNITED STATES DOLLAR","THB","THAILAND BAHT","11","BRU","09/12/25","","","","","","","","","","","","","","","","","","","","","","","","0","","","","","","0.000000","","0.000000","0.000000","","0.000000","","","","","","","","","","","","","0.031397","","","","","","","","","","09/12/25","09/17/25","09/12/25","9:01:27 AM EDT","","","","","","","","","","","","0","0","0","","","","","5829291091","","","","","","","",""
"222963","NYLI GLOBAL EQUITY RD LEADERS ETF","2229637646","NYLI GLOBAL EQUITY RD LEADERS ETF","","","","USD","UNITED STATES DOLLAR","THB","THAILAND BAHT","11","BRU","09/15/25","","","","","","","","","","","","","","","","","","","","","","","","0","","","","","","0.000000","","0.000000","0.000000","","0.000000","","","","","","","","","","","","","0.031397","","","","","","","","","","09/12/25","09/17/25","09/12/25","9:01:27 AM EDT","","","","","","","","","","","","0","0","0","","","","","5829291091","","","","","","","",""
"222963","NYLI GLOBAL EQUITY RD LEADERS ETF","2229637646","NYLI GLOBAL EQUITY RD LEADERS ETF","","","","USD","UNITED STATES DOLLAR","THB","THAILAND BAHT","11","BRU","09/16/25","","","","","","","","","","","","","","","","","","","","","","","","0","","","","","","0.000000","","0.000000","0.000000","","0.000000","","","","","","","","","","","","","0.031397","","","","","","","","","","09/12/25","09/17/25","09/12/25","9:01:27 AM EDT","","","","","","","","","","","","0","0","0","","","","","5829291091","","","","","","","",""
"222963","NYLI GLOBAL EQUITY RD LEADERS ETF","2229637646","NYLI GLOBAL EQUITY RD LEADERS ETF","","","","USD","UNITED STATES DOLLAR","THB","THAILAND BAHT","11","BRU","09/17/25","","","","","","","","","","","","","","","","","","","","","","","","0","","","","","","0.000000","","0.000000","0.000000","","0.000000","","","","","","","","","","","","","0.031397","","","","","","","","","","09/12/25","09/17/25","09/12/25","9:01:27 AM EDT","","","","","","","","","","","","0","0","0","","","","","5829291091","","","","","","","",""
"222963","NYLI GLOBAL EQUITY RD LEADERS ETF","2229638400","NYLI GLOBAL EQUITY RD LEADERS ETF","X9X9USDDIRM7","","","USD","UNITED STATES DOLLAR","USD","UNITED STATES DOLLAR","31","NYG","09/12/25","","","","","","","","","","","","","","","","","","","","","","","","0","","","","","","28665.020000","","29040.940000","28665.020000","","29040.940000","","","","","","","","","","","","","1.000000","","","X9X9USDDIRM7","","","","","","","09/12/25","09/17/25","09/12/25","9:01:27 AM EDT","","","","","","","","","","","","0","0","0","","","","","5829291091","","","","","","","",""
"222963","NYLI GLOBAL EQUITY RD LEADERS ETF","2229638400","NYLI GLOBAL EQUITY RD LEADERS ETF","","","","USD","UNITED STATES DOLLAR","USD","UNITED STATES DOLLAR","31","NYG","09/16/25","","","","","","","","","","","","","","","","","","","","","","","","0","","","","","","29532.280000","","29532.280000","29532.280000","","29532.280000","","","","","","","","","","","","","1.000000","","","","","","","","","","09/12/25","09/17/25","09/12/25","9:01:27 AM EDT","","","","","","","","","","","","0","0","0","","","","","5829291091","","","","","","","",""
"240413","NYLI CANDRIAM ESG US MID CAP ETF","2404138400","NYLI CANDRIAM ESG US MID CAP ETF","X9X9USDDIRM7","","","USD","UNITED STATES DOLLAR","USD","UNITED STATES DOLLAR","31","NYG","09/12/25","","","","","","","","","","","","","","","","","","","","","","","","0","","","","","","33430.680000","","33438.400000","33430.680000","","33438.400000","","","","","","","","","","","","","1.000000","","","X9X9USDDIRM7","","","","","","","09/12/25","09/17/25","09/12/25","9:01:27 AM EDT","","","","","","","","","","","","0","0","0","","","","","5829291121","","","","","","","",""
"261571","NYLI CBRE NEXTGEN REAL ESTATE ETF","2615710360","NYLI CBRE NEXTGEN REAL ESTATE ETF","","","","USD","UNITED STATES DOLLAR","AUD","AUSTRALIAN DOLLAR","11","BRU","09/12/25","","","","","","","","","","","","","","","","","","","","","","","","0","","","","","","0.000000","","0.000000","0.000000","","0.000000","","","","","","","","","","","","","0.664850","","","","","","","","","","09/12/25","09/17/25","09/12/25","9:01:27 AM EDT","","","","","","","","","","","","0","0","0","","","","","5829290717","","","","","","","",""
"261571","NYLI CBRE NEXTGEN REAL ESTATE ETF","2615710360","NYLI CBRE NEXTGEN REAL ESTATE ETF","","","","USD","UNITED STATES DOLLAR","AUD","AUSTRALIAN DOLLAR","11","BRU","09/15/25","","","","","","","","","","","","","","","","","","","","","","","","0","","","","","","0.000000","","0.000000","0.000000","","0.000000","","","","","","","","","","","","","0.664850","","","","","","","","","","09/12/25","09/17/25","09/12/25","9:01:27 AM EDT","","","","","","","","","","","","0","0","0","","","","","5829290717","","","","","","","",""
"261571","NYLI CBRE NEXTGEN REAL ESTATE ETF","2615710360","NYLI CBRE NEXTGEN REAL ESTATE ETF","","","","USD","UNITED STATES DOLLAR","AUD","AUSTRALIAN DOLLAR","11","BRU","09/16/25","","","","","","","","","","","","","","","","","","","","","","","","0","","","","","","0.000000","","0.000000","0.000000","","0.000000","","","","","","","","","","","","","0.664850","","","","","","","","","","09/12/25","09/17/25","09/12/25","9:01:27 AM EDT","","","","","","","","","","","","0","0","0","","","","","5829290717","","","","","","","",""
"261571","NYLI CBRE NEXTGEN REAL ESTATE ETF","2615710360","NYLI CBRE NEXTGEN REAL ESTATE ETF","","","","USD","UNITED STATES DOLLAR","AUD","AUSTRALIAN DOLLAR","11","BRU","09/17/25","","","","","","","","","","","","","","","","","","","","","","","","0","","","","","","0.000000","","0.000000","0.000000","","0.000000","","","","","","","","","","","","","0.664850","","","","","","","","","","09/12/25","09/17/25","09/12/25","9:01:27 AM EDT","","","","","","","","","","","","0","0","0","","","","","5829290717","","","","","","","",""
"261571","NYLI CBRE NEXTGEN REAL ESTATE ETF","2615711240","NYLI CBRE NEXTGEN REAL ESTATE ETF","","","","USD","UNITED STATES DOLLAR","CAD","CANADIAN DOLLAR","10","BRU","09/12/25","","","","","","","","","","","","","","","","","","","","","","","","0","","","","","","0.000000","","0.000000","0.000000","","0.000000","","","","","","","","","","","","","0.722465","","","","","","","","","","09/12/25","09/17/25","09/12/25","9:01:27 AM EDT","","","","","","","","","","","","0","0","0","","","","","5829290717","","","","","","","",""
"261571","NYLI CBRE NEXTGEN REAL ESTATE ETF","2615711240","NYLI CBRE NEXTGEN REAL ESTATE ETF","","","","USD","UNITED STATES DOLLAR","CAD","CANADIAN DOLLAR","10","BRU","09/15/25","","","","","","","","","","","","","","","","","","","","","","","","0","","","","","","0.000000","","0.000000","0.000000","","0.000000","","","","","","","","","","","","","0.722465","","","","","","","","","","09/12/25","09/17/25","09/12/25","9:01:27 AM EDT","","","","","","","","","","","","0","0","0","","","","","5829290717","","","","","","","",""
"261571","NYLI CBRE NEXTGEN REAL ESTATE ETF","2615711240","NYLI CBRE NEXTGEN REAL ESTATE ETF","","","","USD","UNITED STATES DOLLAR","CAD","CANADIAN DOLLAR","10","BRU","09/16/25","","","","","","","","","","","","","","","","","","","","","","","","0","","","","","","0.000000","","0.000000","0.000000","","0.000000","","","","","","","","","","","","","0.722465","","","","","","","","","","09/12/25","09/17/25","09/12/25","9:01:27 AM EDT","","","","","","","","","","","","0","0","0","","","","","5829290717","","","","","","","",""
"261571","NYLI CBRE NEXTGEN REAL ESTATE ETF","2615711240","NYLI CBRE NEXTGEN REAL ESTATE ETF","","","","USD","UNITED STATES DOLLAR","CAD","CANADIAN DOLLAR","10","BRU","09/17/25","","","","","","","","","","","","","","","","","","","","","","","","0","","","","","","0.000000","","0.000000","0.000000","","0.000000","","","","","","","","","","","","","0.722465","","","","","","","","","","09/12/25","09/17/25","09/12/25","9:01:27 AM EDT","","","","","","","","","","","","0","0","0","","","","","5829290717","","","","","","","",""
"261571","NYLI CBRE NEXTGEN REAL ESTATE ETF","2615719780","NYLI CBRE NEXTGEN REAL ESTATE ETF","","","","USD","UNITED STATES DOLLAR","EUR","EURO","10","BRU","09/12/25","","","","","","","","","","","","","","","","","","","","","","","","0","","","","","","0.000000","","0.000000","0.000000","","0.000000","","","","","","","","","","","","","1.172800","","","","","","","","","","09/12/25","09/17/25","09/12/25","9:01:27 AM EDT","","","","","","","","","","","","0","0","0","","","","","5829290717","","","","","","","",""
"261571","NYLI CBRE NEXTGEN REAL ESTATE ETF","2615719780","NYLI CBRE NEXTGEN REAL ESTATE ETF","","","","USD","UNITED STATES DOLLAR","EUR","EURO","10","BRU","09/15/25","","","","","","","","","","","","","","","","","","","","","","","","0","","","","","","0.000000","","0.000000","0.000000","","0.000000","","","","","","","","","","","","","1.172800","","","","","","","","","","09/12/25","09/17/25","09/12/25","9:01:27 AM EDT","","","","","","","","","","","","0","0","0","","","","","5829290717","","","","","","","",""
"261571","NYLI CBRE NEXTGEN REAL ESTATE ETF","2615719780","NYLI CBRE NEXTGEN REAL ESTATE ETF","","","","USD","UNITED STATES DOLLAR","EUR","EURO","10","BRU","09/16/25","","","","","","","","","","","","","","","","","","","","","","","","0","","","","","","0.000000","","0.000000","0.000000","","0.000000","","","","","","","","","","","","","1.172800","","","","","","","","","","09/12/25","09/17/25","09/12/25","9:01:27 AM EDT","","","","","","","","","","","","0","0","0","","","","","5829290717","","","","","","","",""
"261571","NYLI CBRE NEXTGEN REAL ESTATE ETF","2615719780","NYLI CBRE NEXTGEN REAL ESTATE ETF","","","","USD","UNITED STATES DOLLAR","EUR","EURO","10","BRU","09/17/25","","","","","","","","","","","","","","","","","","","","","","","","0","","","","","","0.000000","","0.000000","0.000000","","0.000000","","","","","","","","","","","","","1.172800","","","","","","","","","","09/12/25","09/17/25","09/12/25","9:01:27 AM EDT","","","","","","","","","","","","0","0","0","","","","","5829290717","","","","","","","",""
"261571","NYLI CBRE NEXTGEN REAL ESTATE ETF","2615713440","NYLI CBRE NEXTGEN REAL ESTATE ETF","","","","USD","UNITED STATES DOLLAR","HKD","HONG KONG DOLLAR","11","BRU","09/12/25","","","","","","","","","","","","","","","","","","","","","","","","0","","","","","","0.000000","","0.000000","0.000000","","0.000000","","","","","","","","","","","","","0.128379","","","","","","","","","","09/12/25","09/17/25","09/12/25","9:01:27 AM EDT","","","","","","","","","","","","0","0","0","","","","","5829290717","","","","","","","",""
"261571","NYLI CBRE NEXTGEN REAL ESTATE ETF","2615713440","NYLI CBRE NEXTGEN REAL ESTATE ETF","","","","USD","UNITED STATES DOLLAR","HKD","HONG KONG DOLLAR","11","BRU","09/15/25","","","","","","","","","","","","","","","","","","","","","","","","0","","","","","","0.000000","","0.000000","0.000000","","0.000000","","","","","","","","","","","","","0.128379","","","","","","","","","","09/12/25","09/17/25","09/12/25","9:01:27 AM EDT","","","","","","","","","","","","0","0","0","","","","","5829290717","","","","","","","",""
"261571","NYLI CBRE NEXTGEN REAL ESTATE ETF","2615713440","NYLI CBRE NEXTGEN REAL ESTATE ETF","","","","USD","UNITED STATES DOLLAR","HKD","HONG KONG DOLLAR","11","BRU","09/16/25","","","","","","","","","","","","","","","","","","","","","","","","0","","","","","","0.000000","","0.000000","0.000000","","0.000000","","","","","","","","","","","","","0.128379","","","","","","","","","","09/12/25","09/17/25","09/12/25","9:01:27 AM EDT","","","","","","","","","","","","0","0","0","","","","","5829290717","","","","","","","",""
"261571","NYLI CBRE NEXTGEN REAL ESTATE ETF","2615713440","NYLI CBRE NEXTGEN REAL ESTATE ETF","","","","USD","UNITED STATES DOLLAR","HKD","HONG KONG DOLLAR","11","BRU","09/17/25","","","","","","","","","","","","","","","","","","","","","","","","0","","","","","","0.000000","","0.000000","0.000000","","0.000000","","","","","","","","","","","","","0.128379","","","","","","","","","","09/12/25","09/17/25","09/12/25","9:01:27 AM EDT","","","","","","","","","","","","0","0","0","","","","","5829290717","","","","","","","",""
"261571","NYLI CBRE NEXTGEN REAL ESTATE ETF","2615713920","NYLI CBRE NEXTGEN REAL ESTATE ETF","","","","USD","UNITED STATES DOLLAR","JPY","JAPANESE YEN","11","BRU","09/12/25","","","","","","","","","","","","","","","","","","","","","","","","0","","","","","","0.000000","","0.000000","0.000000","","0.000000","","","","","","","","","","","","","0.006794","","","","","","","","","","09/12/25","09/17/25","09/12/25","9:01:27 AM EDT","","","","","","","","","","","","0","0","0","","","","","5829290717","","","","","","","",""
"261571","NYLI CBRE NEXTGEN REAL ESTATE ETF","2615713920","NYLI CBRE NEXTGEN REAL ESTATE ETF","","","","USD","UNITED STATES DOLLAR","JPY","JAPANESE YEN","11","BRU","09/16/25","","","","","","","","","","","","","","","","","","","","","","","","0","","","","","","0.000000","","0.000000","0.000000","","0.000000","","","","","","","","","","","","","0.006794","","","","","","","","","","09/12/25","09/17/25","09/12/25","9:01:27 AM EDT","","","","","","","","","","","","0","0","0","","","","","5829290717","","","","","","","",""
"261571","NYLI CBRE NEXTGEN REAL ESTATE ETF","2615713920","NYLI CBRE NEXTGEN REAL ESTATE ETF","","","","USD","UNITED STATES DOLLAR","JPY","JAPANESE YEN","11","BRU","09/17/25","","","","","","","","","","","","","","","","","","","","","","","","0","","","","","","0.000000","","0.000000","0.000000","","0.000000","","","","","","","","","","","","","0.006794","","","","","","","","","","09/12/25","09/17/25","09/12/25","9:01:27 AM EDT","","","","","","","","","","","","0","0","0","","","","","5829290717","","","","","","","",""
"261571","NYLI CBRE NEXTGEN REAL ESTATE ETF","2615715540","NYLI CBRE NEXTGEN REAL ESTATE ETF","","","","USD","UNITED STATES DOLLAR","NZD","NEW ZEALAND DOLLAR","11","BRU","09/12/25","","","","","","","","","","","","","","","","","","","","","","","","0","","","","","","0.000000","","0.000000","0.000000","","0.000000","","","","","","","","","","","","","0.596250","","","","","","","","","","09/12/25","09/17/25","09/12/25","9:01:27 AM EDT","","","","","","","","","","","","0","0","0","","","","","5829290717","","","","","","","",""
"261571","NYLI CBRE NEXTGEN REAL ESTATE ETF","2615715540","NYLI CBRE NEXTGEN REAL ESTATE ETF","","","","USD","UNITED STATES DOLLAR","NZD","NEW ZEALAND DOLLAR","11","BRU","09/15/25","","","","","","","","","","","","","","","","","","","","","","","","0","","","","","","0.000000","","0.000000","0.000000","","0.000000","","","","","","","","","","","","","0.596250","","","","","","","","","","09/12/25","09/17/25","09/12/25","9:01:27 AM EDT","","","","","","","","","","","","0","0","0","","","","","5829290717","","","","","","","",""
"261571","NYLI CBRE NEXTGEN REAL ESTATE ETF","2615715540","NYLI CBRE NEXTGEN REAL ESTATE ETF","","","","USD","UNITED STATES DOLLAR","NZD","NEW ZEALAND DOLLAR","11","BRU","09/16/25","","","","","","","","","","","","","","","","","","","","","","","","0","","","","","","0.000000","","0.000000","0.000000","","0.000000","","","","","","","","","","","","","0.596250","","","","","","","","","","09/12/25","09/17/25","09/12/25","9:01:27 AM EDT","","","","","","","","","","","","0","0","0","","","","","5829290717","","","","","","","",""
"261571","NYLI CBRE NEXTGEN REAL ESTATE ETF","2615715540","NYLI CBRE NEXTGEN REAL ESTATE ETF","","","","USD","UNITED STATES DOLLAR","NZD","NEW ZEALAND DOLLAR","11","BRU","09/17/25","","","","","","","","","","","","","","","","","","","","","","","","0","","","","","","0.000000","","0.000000","0.000000","","0.000000","","","","","","","","","","","","","0.596250","","","","","","","","","","09/12/25","09/17/25","09/12/25","9:01:27 AM EDT","","","","","","","","","","","","0","0","0","","","","","5829290717","","","","","","","",""
"261571","NYLI CBRE NEXTGEN REAL ESTATE ETF","2615718260","NYLI CBRE NEXTGEN REAL ESTATE ETF","","","","USD","UNITED STATES DOLLAR","GBP","POUND STERLING","10","BRU","09/12/25","","","","","","","","","","","","","","","","","","","","","","","","0","","","","","","0.000000","","0.000000","0.000000","","0.000000","","","","","","","","","","","","","1.355850","","","","","","","","","","09/12/25","09/17/25","09/12/25","9:01:27 AM EDT","","","","","","","","","","","","0","0","0","","","","","5829290717","","","","","","","",""
"261571","NYLI CBRE NEXTGEN REAL ESTATE ETF","2615718260","NYLI CBRE NEXTGEN REAL ESTATE ETF","","","","USD","UNITED STATES DOLLAR","GBP","POUND STERLING","10","BRU","09/15/25","","","","","","","","","","","","","","","","","","","","","","","","0","","","","","","0.000000","","0.000000","0.000000","","0.000000","","","","","","","","","","","","","1.355850","","","","","","","","","","09/12/25","09/17/25","09/12/25","9:01:27 AM EDT","","","","","","","","","","","","0","0","0","","","","","5829290717","","","","","","","",""
"261571","NYLI CBRE NEXTGEN REAL ESTATE ETF","2615718260","NYLI CBRE NEXTGEN REAL ESTATE ETF","","","","USD","UNITED STATES DOLLAR","GBP","POUND STERLING","10","BRU","09/16/25","","","","","","","","","","","","","","","","","","","","","","","","0","","","","","","0.000000","","0.000000","0.000000","","0.000000","","","","","","","","","","","","","1.355850","","","","","","","","","","09/12/25","09/17/25","09/12/25","9:01:27 AM EDT","","","","","","","","","","","","0","0","0","","","","","5829290717","","","","","","","",""
"261571","NYLI CBRE NEXTGEN REAL ESTATE ETF","2615718260","NYLI CBRE NEXTGEN REAL ESTATE ETF","","","","USD","UNITED STATES DOLLAR","GBP","POUND STERLING","10","BRU","09/17/25","","","","","","","","","","","","","","","","","","","","","","","","0","","","","","","0.000000","","0.000000","0.000000","","0.000000","","","","","","","","","","","","","1.355850","","","","","","","","","","09/12/25","09/17/25","09/12/25","9:01:27 AM EDT","","","","","","","","","","","","0","0","0","","","","","5829290717","","","","","","","",""
"261571","NYLI CBRE NEXTGEN REAL ESTATE ETF","2615717020","NYLI CBRE NEXTGEN REAL ESTATE ETF","","","","USD","UNITED STATES DOLLAR","SGD","SINGAPORE DOLLAR","11","BRU","09/12/25","","","","","","","","","","","","","","","","","","","","","","","","0","","","","","","0.000000","","0.000000","0.000000","","0.000000","","","","","","","","","","","","","0.779970","","","","","","","","","","09/12/25","09/17/25","09/12/25","9:01:27 AM EDT","","","","","","","","","","","","0","0","0","","","","","5829290717","","","","","","","",""
"261571","NYLI CBRE NEXTGEN REAL ESTATE ETF","2615717020","NYLI CBRE NEXTGEN REAL ESTATE ETF","","","","USD","UNITED STATES DOLLAR","SGD","SINGAPORE DOLLAR","11","BRU","09/15/25","","","","","","","","","","","","","","","","","","","","","","","","0","","","","","","0.000000","","0.000000","0.000000","","0.000000","","","","","","","","","","","","","0.779970","","","","","","","","","","09/12/25","09/17/25","09/12/25","9:01:27 AM EDT","","","","","","","","","","","","0","0","0","","","","","5829290717","","","","","","","",""
"261571","NYLI CBRE NEXTGEN REAL ESTATE ETF","2615717020","NYLI CBRE NEXTGEN REAL ESTATE ETF","","","","USD","UNITED STATES DOLLAR","SGD","SINGAPORE DOLLAR","11","BRU","09/16/25","","","","","","","","","","","","","","","","","","","","","","","","0","","","","","","0.000000","","0.000000","0.000000","","0.000000","","","","","","","","","","","","","0.779970","","","","","","","","","","09/12/25","09/17/25","09/12/25","9:01:27 AM EDT","","","","","","","","","","","","0","0","0","","","","","5829290717","","","","","","","",""
"261571","NYLI CBRE NEXTGEN REAL ESTATE ETF","2615717020","NYLI CBRE NEXTGEN REAL ESTATE ETF","","","","USD","UNITED STATES DOLLAR","SGD","SINGAPORE DOLLAR","11","BRU","09/17/25","","","","","","","","","","","","","","","","","","","","","","","","0","","","","","","0.000000","","0.000000","0.000000","","0.000000","","","","","","","","","","","","","0.779970","","","","","","","","","","09/12/25","09/17/25","09/12/25","9:01:27 AM EDT","","","","","","","","","","","","0","0","0","","","","","5829290717","","","","","","","",""
"261571","NYLI CBRE NEXTGEN REAL ESTATE ETF","2615717520","NYLI CBRE NEXTGEN REAL ESTATE ETF","","","","USD","UNITED STATES DOLLAR","SEK","SWEDISH KRONA","10","BRU","09/12/25","","","","","","","","","","","","","","","","","","","","","","","","0","","","","","","0.000000","","0.000000","0.000000","","0.000000","","","","","","","","","","","","","0.107252","","","","","","","","","","09/12/25","09/17/25","09/12/25","9:01:27 AM EDT","","","","","","","","","","","","0","0","0","","","","","5829290717","","","","","","","",""
"261571","NYLI CBRE NEXTGEN REAL ESTATE ETF","2615717520","NYLI CBRE NEXTGEN REAL ESTATE ETF","","","","USD","UNITED STATES DOLLAR","SEK","SWEDISH KRONA","10","BRU","09/15/25","","","","","","","","","","","","","","","","","","","","","","","","0","","","","","","0.000000","","0.000000","0.000000","","0.000000","","","","","","","","","","","","","0.107252","","","","","","","","","","09/12/25","09/17/25","09/12/25","9:01:27 AM EDT","","","","","","","","","","","","0","0","0","","","","","5829290717","","","","","","","",""
"261571","NYLI CBRE NEXTGEN REAL ESTATE ETF","2615717520","NYLI CBRE NEXTGEN REAL ESTATE ETF","","","","USD","UNITED STATES DOLLAR","SEK","SWEDISH KRONA","10","BRU","09/16/25","","","","","","","","","","","","","","","","","","","","","","","","0","","","","","","0.000000","","0.000000","0.000000","","0.000000","","","","","","","","","","","","","0.107252","","","","","","","","","","09/12/25","09/17/25","09/12/25","9:01:27 AM EDT","","","","","","","","","","","","0","0","0","","","","","5829290717","","","","","","","",""
"261571","NYLI CBRE NEXTGEN REAL ESTATE ETF","2615717520","NYLI CBRE NEXTGEN REAL ESTATE ETF","","","","USD","UNITED STATES DOLLAR","SEK","SWEDISH KRONA","10","BRU","09/17/25","","","","","","","","","","","","","","","","","","","","","","","","0","","","","","","0.000000","","0.000000","0.000000","","0.000000","","","","","","","","","","","","","0.107252","","","","","","","","","","09/12/25","09/17/25","09/12/25","9:01:27 AM EDT","","","","","","","","","","","","0","0","0","","","","","5829290717","","","","","","","",""
"261571","NYLI CBRE NEXTGEN REAL ESTATE ETF","2615717560","NYLI CBRE NEXTGEN REAL ESTATE ETF","","","","USD","UNITED STATES DOLLAR","CHF","SWISS FRANC","10","BRU","09/12/25","","","","","","","","","","","","","","","","","","","","","","","","0","","","","","","0.000000","","0.000000","0.000000","","0.000000","","","","","","","","","","","","","1.256360","","","","","","","","","","09/12/25","09/17/25","09/12/25","9:01:27 AM EDT","","","","","","","","","","","","0","0","0","","","","","5829290717","","","","","","","",""
"261571","NYLI CBRE NEXTGEN REAL ESTATE ETF","2615717560","NYLI CBRE NEXTGEN REAL ESTATE ETF","","","","USD","UNITED STATES DOLLAR","CHF","SWISS FRANC","10","BRU","09/15/25","","","","","","","","","","","","","","","","","","","","","","","","0","","","","","","0.000000","","0.000000","0.000000","","0.000000","","","","","","","","","","","","","1.256360","","","","","","","","","","09/12/25","09/17/25","09/12/25","9:01:27 AM EDT","","","","","","","","","","","","0","0","0","","","","","5829290717","","","","","","","",""
"261571","NYLI CBRE NEXTGEN REAL ESTATE ETF","2615717560","NYLI CBRE NEXTGEN REAL ESTATE ETF","","","","USD","UNITED STATES DOLLAR","CHF","SWISS FRANC","10","BRU","09/16/25","","","","","","","","","","","","","","","","","","","","","","","","0","","","","","","0.000000","","0.000000","0.000000","","0.000000","","","","","","","","","","","","","1.256360","","","","","","","","","","09/12/25","09/17/25","09/12/25","9:01:27 AM EDT","","","","","","","","","","","","0","0","0","","","","","5829290717","","","","","","","",""
"261571","NYLI CBRE NEXTGEN REAL ESTATE ETF","2615717560","NYLI CBRE NEXTGEN REAL ESTATE ETF","","","","USD","UNITED STATES DOLLAR","CHF","SWISS FRANC","10","BRU","09/17/25","","","","","","","","","","","","","","","","","","","","","","","","0","","","","","","0.000000","","0.000000","0.000000","","0.000000","","","","","","","","","","","","","1.256360","","","","","","","","","","09/12/25","09/17/25","09/12/25","9:01:27 AM EDT","","","","","","","","","","","","0","0","0","","","","","5829290717","","","","","","","",""
"261571","NYLI CBRE NEXTGEN REAL ESTATE ETF","2615718400","NYLI CBRE NEXTGEN REAL ESTATE ETF","X9X9USDALS02","","","USD","UNITED STATES DOLLAR","USD","UNITED STATES DOLLAR","31","NYG","09/12/25","","","","","","","","","","","","","","","","","","","","","","","","0","","","","","","3305.430000","","3426.930000","3305.430000","","3426.930000","","","","","","","","","","","","","1.000000","","","X9X9USDALS02","","","","","","","09/12/25","09/17/25","09/12/25","9:01:27 AM EDT","","","","","","","","","","","","0","0","0","","","","","5829290717","","","","","","","",""
"261571","NYLI CBRE NEXTGEN REAL ESTATE ETF","2615718400","NYLI CBRE NEXTGEN REAL ESTATE ETF","X9X9USDDIRM7","","","USD","UNITED STATES DOLLAR","USD","UNITED STATES DOLLAR","31","NYG","09/12/25","","","","","","","","","","","","","","","","","","","","","","","","0","","","","","","3305.430000","","3426.930000","3305.430000","","3426.930000","","","","","","","","","","","","","1.000000","","","X9X9USDDIRM7","","","","","","","09/12/25","09/17/25","09/12/25","9:01:27 AM EDT","","","","","","","","","","","","0","0","0","","","","","5829290717","","","","","","","",""
"261571","NYLI CBRE NEXTGEN REAL ESTATE ETF","2615718400","NYLI CBRE NEXTGEN REAL ESTATE ETF","","","","USD","UNITED STATES DOLLAR","USD","UNITED STATES DOLLAR","31","NYG","09/15/25","","","","","","","","","","","","","","","","","","","","","","","","0","","","","","","3426.930000","","3426.930000","3426.930000","","3426.930000","","","","","","","","","","","","","1.000000","","","","","","","","","","09/12/25","09/17/25","09/12/25","9:01:27 AM EDT","","","","","","","","","","","","0","0","0","","","","","5829290717","","","","","","","",""
"261571","NYLI CBRE NEXTGEN REAL ESTATE ETF","2615718400","NYLI CBRE NEXTGEN REAL ESTATE ETF","","","","USD","UNITED STATES DOLLAR","USD","UNITED STATES DOLLAR","31","NYG","09/16/25","","","","","","","","","","","","","","","","","","","","","","","","0","","","","","","3426.930000","","3426.930000","3426.930000","","3426.930000","","","","","","","","","","","","","1.000000","","","","","","","","","","09/12/25","09/17/25","09/12/25","9:01:27 AM EDT","","","","","","","","","","","","0","0","0","","","","","5829290717","","","","","","","",""
"261571","NYLI CBRE NEXTGEN REAL ESTATE ETF","2615718400","NYLI CBRE NEXTGEN REAL ESTATE ETF","","","","USD","UNITED STATES DOLLAR","USD","UNITED STATES DOLLAR","31","NYG","09/17/25","","","","","","","","","","","","","","","","","","","","","","","","0","","","","","","3426.930000","","3426.930000","3426.930000","","3426.930000","","","","","","","","","","","","","1.000000","","","","","","","","","","09/12/25","09/17/25","09/12/25","9:01:27 AM EDT","","","","","","","","","","","","0","0","0","","","","","5829290717","","","","","","","",""
"263076","NYLIHEDGE MULTI STRATEGY TRACK ETF","2630768400","NYLIHEDGE MULTI STRATEGY TRACK ETF","","","","USD","UNITED STATES DOLLAR","USD","UNITED STATES DOLLAR","31","NYG","09/12/25","","","","","","","","","","","","","","","","","","","","","","","","0","","","","","","1015003.120000","","1015003.120000","1015003.120000","","1015003.120000","","","","","","","","","","","","","1.000000","","","","","","","","","","09/12/25","09/17/25","09/12/25","9:01:27 AM EDT","","","","","","","","","","","","0","0","0","","","","","5829290784","","","","","","","",""
"263076","NYLIHEDGE MULTI STRATEGY TRACK ETF","2630768400","NYLIHEDGE MULTI STRATEGY TRACK ETF","X9X9USDALS02","","","USD","UNITED STATES DOLLAR","USD","UNITED STATES DOLLAR","31","NYG","09/12/25","","","","","","","","","","","","","","","","","","","","","","","","0","","","","","","1015003.120000","","1015003.120000","1015003.120000","","1015003.120000","","","","","","","","","","","","","1.000000","","","X9X9USDALS02","","","","","","","09/12/25","09/17/25","09/12/25","9:01:27 AM EDT","","","","","","","","","","","","0","0","0","","","","","5829290784","","","","","","","",""
"263076","NYLIHEDGE MULTI STRATEGY TRACK ETF","2630768400","NYLIHEDGE MULTI STRATEGY TRACK ETF","X9X9USDDIRM7","","","USD","UNITED STATES DOLLAR","USD","UNITED STATES DOLLAR","31","NYG","09/12/25","","","","","","","","","","","","","","","","","","","","","","","","0","","","","","","1015003.120000","","1015003.120000","1015003.120000","","1015003.120000","","","","","","","","","","","","","1.000000","","","X9X9USDDIRM7","","","","","","","09/12/25","09/17/25","09/12/25","9:01:27 AM EDT","","","","","","","","","","","","0","0","0","","","","","5829290784","","","","","","","",""
"263076","NYLIHEDGE MULTI STRATEGY TRACK ETF","2630768400","NYLIHEDGE MULTI STRATEGY TRACK ETF","","","","USD","UNITED STATES DOLLAR","USD","UNITED STATES DOLLAR","31","NYG","09/15/25","","","","","","","","","","","","","","","","","","","","","","","","0","","","","","","1015003.120000","","1015003.120000","1015003.120000","","1015003.120000","","","","","","","","","","","","","1.000000","","","","","","","","","","09/12/25","09/17/25","09/12/25","9:01:27 AM EDT","","","","","","","","","","","","0","0","0","","","","","5829290784","","","","","","","",""
"263076","NYLIHEDGE MULTI STRATEGY TRACK ETF","2630768400","NYLIHEDGE MULTI STRATEGY TRACK ETF","","","","USD","UNITED STATES DOLLAR","USD","UNITED STATES DOLLAR","31","NYG","09/16/25","","","","","","","","","","","","","","","","","","","","","","","","0","","","","","","1015003.120000","","1015003.120000","1015003.120000","","1015003.120000","","","","","","","","","","","","","1.000000","","","","","","","","","","09/12/25","09/17/25","09/12/25","9:01:27 AM EDT","","","","","","","","","","","","0","0","0","","","","","5829290784","","","","","","","",""
"263076","NYLIHEDGE MULTI STRATEGY TRACK ETF","2630768400","NYLIHEDGE MULTI STRATEGY TRACK ETF","","","","USD","UNITED STATES DOLLAR","USD","UNITED STATES DOLLAR","31","NYG","09/17/25","","","","","","","","","","","","","","","","","","","","","","","","0","","","","","","1015003.120000","","1015003.120000","1015003.120000","","1015003.120000","","","","","","","","","","","","","1.000000","","","","","","","","","","09/12/25","09/17/25","09/12/25","9:01:27 AM EDT","","","","","","","","","","","","0","0","0","","","","","5829290784","","","","","","","",""
"353109","NYLIAC GEN ETF STRATEGY GIA 1902","3531098400","NYLIAC GEN ETF STRATEGY GIA 1902","","","","USD","UNITED STATES DOLLAR","USD","UNITED STATES DOLLAR","31","NYG","09/12/25","","","","","","","","","","","","","","","","","","","","","","","","0","","","","","","939.810000","","939.810000","939.810000","","939.810000","","","","","","","","","","","","","1.000000","","","","","","","","","","09/12/25","09/17/25","09/12/25","9:01:27 AM EDT","","","","","","","","","","","","0","0","0","","","","","9937706051","","","","","","","",""
"353109","NYLIAC GEN ETF STRATEGY GIA 1902","3531098400","NYLIAC GEN ETF STRATEGY GIA 1902","X9X9USDDRET1","","","USD","UNITED STATES DOLLAR","USD","UNITED STATES DOLLAR","31","NYG","09/12/25","","","","","","","","","","","","","","","","","","","","","","","","0","","","","","","939.810000","","939.810000","939.810000","","939.810000","","","","","","","","","","","","","1.000000","","","X9X9USDDRET1","","","","","","","09/12/25","09/17/25","09/12/25","9:01:27 AM EDT","","","","","","","","","","","","0","0","0","","","","","9937706051","","","","","","","",""
"353109","NYLIAC GEN ETF STRATEGY GIA 1902","3531098400","NYLIAC GEN ETF STRATEGY GIA 1902","","","","USD","UNITED STATES DOLLAR","USD","UNITED STATES DOLLAR","31","NYG","09/15/25","","","","","","","","","","","","","","","","","","","","","","","","0","","","","","","939.810000","","939.810000","939.810000","","939.810000","","","","","","","","","","","","","1.000000","","","","","","","","","","09/12/25","09/17/25","09/12/25","9:01:27 AM EDT","","","","","","","","","","","","0","0","0","","","","","9937706051","","","","","","","",""
"353109","NYLIAC GEN ETF STRATEGY GIA 1902","3531098400","NYLIAC GEN ETF STRATEGY GIA 1902","","","","USD","UNITED STATES DOLLAR","USD","UNITED STATES DOLLAR","31","NYG","09/16/25","","","","","","","","","","","","","","","","","","","","","","","","0","","","","","","939.810000","","939.810000","939.810000","","939.810000","","","","","","","","","","","","","1.000000","","","","","","","","","","09/12/25","09/17/25","09/12/25","9:01:27 AM EDT","","","","","","","","","","","","0","0","0","","","","","9937706051","","","","","","","",""
"353109","NYLIAC GEN ETF STRATEGY GIA 1902","3531098400","NYLIAC GEN ETF STRATEGY GIA 1902","","","","USD","UNITED STATES DOLLAR","USD","UNITED STATES DOLLAR","31","NYG","09/17/25","","","","","","","","","","","","","","","","","","","","","","","","0","","","","","","939.810000","","939.810000","939.810000","","939.810000","","","","","","","","","","","","","1.000000","","","","","","","","","","09/12/25","09/17/25","09/12/25","9:01:27 AM EDT","","","","","","","","","","","","0","0","0","","","","","9937706051","","","","","","","",""
"447594","NYLI 50 PCT HEDGED FTSE INTL ETF","4475940360","NYLI 50 PCT HEDGED FTSE INTL ETF","","","","USD","UNITED STATES DOLLAR","AUD","AUSTRALIAN DOLLAR","11","BRU","09/17/25","","","","","","","","","","","","","","","","","","","","","","","","0","","","","","","28287.240000","","28287.240000","18806.770000","","18806.770000","","","","","","","","","","","","","0.664850","","","","","","","","","","09/12/25","09/17/25","09/12/25","9:01:27 AM EDT","","","","","","","","","","","","0","0","0","","","","","5829290930","","","","","","","",""
"447594","NYLI 50 PCT HEDGED FTSE INTL ETF","4475942080","NYLI 50 PCT HEDGED FTSE INTL ETF","","","","USD","UNITED STATES DOLLAR","DKK","DANISH KRONE","10","BRU","09/12/25","","","","","","","","","","","","","","","","","","","","","","","","0","","","","","","-110.200000","","-110.200000","-17.310000","","-17.310000","","","","","","","","","","","","","0.157118","","","","","","","","","","09/12/25","09/17/25","09/12/25","9:01:27 AM EDT","","","","","","","","","","","","0","0","0","","","","","5829290930","","","","","","","",""
"447594","NYLI 50 PCT HEDGED FTSE INTL ETF","4475942080","NYLI 50 PCT HEDGED FTSE INTL ETF","","","","USD","UNITED STATES DOLLAR","DKK","DANISH KRONE","10","BRU","09/15/25","","","","","","","","","","","","","","","","","","","","","","","","0","","","","","","-110.200000","","-110.200000","-17.310000","","-17.310000","","","","","","","","","","","","","0.157118","","","","","","","","","","09/12/25","09/17/25","09/12/25","9:01:27 AM EDT","","","","","","","","","","","","0","0","0","","","","","5829290930","","","","","","","",""
"447594","NYLI 50 PCT HEDGED FTSE INTL ETF","4475942080","NYLI 50 PCT HEDGED FTSE INTL ETF","","","","USD","UNITED STATES DOLLAR","DKK","DANISH KRONE","10","BRU","09/16/25","","","","","","","","","","","","","","","","","","","","","","","","0","","","","","","-110.200000","","-110.200000","-17.310000","","-17.310000","","","","","","","","","","","","","0.157118","","","","","","","","","","09/12/25","09/17/25","09/12/25","9:01:27 AM EDT","","","","","","","","","","","","0","0","0","","","","","5829290930","","","","","","","",""
"447594","NYLI 50 PCT HEDGED FTSE INTL ETF","4475942080","NYLI 50 PCT HEDGED FTSE INTL ETF","","","","USD","UNITED STATES DOLLAR","DKK","DANISH KRONE","10","BRU","09/17/25","","","","","","","","","","","","","","","","","","","","","","","","0","","","","","","-110.200000","","-110.200000","-17.310000","","-17.310000","","","","","","","","","","","","","0.157118","","","","","","","","","","09/12/25","09/17/25","09/12/25","9:01:27 AM EDT","","","","","","","","","","","","0","0","0","","","","","5829290930","","","","","","","",""
"447594","NYLI 50 PCT HEDGED FTSE INTL ETF","4475949780","NYLI 50 PCT HEDGED FTSE INTL ETF","","","","USD","UNITED STATES DOLLAR","EUR","EURO","10","BRU","09/15/25","","","","","","","","","","","","","","","","","","","","","","","","0","","","","","","-28328.930000","","-28328.930000","-33224.170000","","-33224.170000","","","","","","","","","","","","","1.172800","","","","","","","","","","09/12/25","09/17/25","09/12/25","9:01:27 AM EDT","","","","","","","","","","","","0","0","0","","","","","5829290930","","","","","","","",""
"447594","NYLI 50 PCT HEDGED FTSE INTL ETF","4475949780","NYLI 50 PCT HEDGED FTSE INTL ETF","","","","USD","UNITED STATES DOLLAR","EUR","EURO","10","BRU","09/16/25","","","","","","","","","","","","","","","","","","","","","","","","0","","","","","","-28328.930000","","-28328.930000","-33224.170000","","-33224.170000","","","","","","","","","","","","","1.172800","","","","","","","","","","09/12/25","09/17/25","09/12/25","9:01:27 AM EDT","","","","","","","","","","","","0","0","0","","","","","5829290930","","","","","","","",""
"447594","NYLI 50 PCT HEDGED FTSE INTL ETF","4475949780","NYLI 50 PCT HEDGED FTSE INTL ETF","","","","USD","UNITED STATES DOLLAR","EUR","EURO","10","BRU","09/17/25","","","","","","","","","","","","","","","","","","","","","","","","0","","","","","","-28328.930000","","-28328.930000","-33224.170000","","-33224.170000","","","","","","","","","","","","","1.172800","","","","","","","","","","09/12/25","09/17/25","09/12/25","9:01:27 AM EDT","","","","","","","","","","","","0","0","0","","","","","5829290930","","","","","","","",""
"447594","NYLI 50 PCT HEDGED FTSE INTL ETF","4475943920","NYLI 50 PCT HEDGED FTSE INTL ETF","","","","USD","UNITED STATES DOLLAR","JPY","JAPANESE YEN","11","BRU","09/17/25","","","","","","","","","","","","","","","","","","","","","","","","0","","","","","","-1371866.000000","","-1371866.000000","-9320.060000","","-9320.060000","","","","","","","","","","","","","0.006794","","","","","","","","","","09/12/25","09/17/25","09/12/25","9:01:27 AM EDT","","","","","","","","","","","","0","0","0","","","","","5829290930","","","","","","","",""
"447594","NYLI 50 PCT HEDGED FTSE INTL ETF","4475943760","NYLI 50 PCT HEDGED FTSE INTL ETF","","","","USD","UNITED STATES DOLLAR","ILS","NEW ISRAELI SHEKEL","10","BRU","09/12/25","","","","","","","","","","","","","","","","","","","","","","","","0","","","","","","1833.760000","","1833.760000","551.890000","","551.890000","","","","","","","","","","","","","0.300960","","","","","","","","","","09/12/25","09/17/25","09/12/25","9:01:27 AM EDT","","","","","","","","","","","","0","0","0","","","","","5829290930","","","","","","","",""
"447594","NYLI 50 PCT HEDGED FTSE INTL ETF","4475943760","NYLI 50 PCT HEDGED FTSE INTL ETF","","","","USD","UNITED STATES DOLLAR","ILS","NEW ISRAELI SHEKEL","10","BRU","09/15/25","","","","","","","","","","","","","","","","","","","","","","","","0","","","","","","1833.760000","","1833.760000","551.890000","","551.890000","","","","","","","","","","","","","0.300960","","","","","","","","","","09/12/25","09/17/25","09/12/25","9:01:27 AM EDT","","","","","","","","","","","","0","0","0","","","","","5829290930","","","","","","","",""
"447594","NYLI 50 PCT HEDGED FTSE INTL ETF","4475943760","NYLI 50 PCT HEDGED FTSE INTL ETF","","","","USD","UNITED STATES DOLLAR","ILS","NEW ISRAELI SHEKEL","10","BRU","09/16/25","","","","","","","","","","","","","","","","","","","","","","","","0","","","","","","1833.760000","","1833.760000","551.890000","","551.890000","","","","","","","","","","","","","0.300960","","","","","","","","","","09/12/25","09/17/25","09/12/25","9:01:27 AM EDT","","","","","","","","","","","","0","0","0","","","","","5829290930","","","","","","","",""
"447594","NYLI 50 PCT HEDGED FTSE INTL ETF","4475945540","NYLI 50 PCT HEDGED FTSE INTL ETF","","","","USD","UNITED STATES DOLLAR","NZD","NEW ZEALAND DOLLAR","11","BRU","09/12/25","","","","","","","","","","","","","","","","","","","","","","","","0","","","","","","0.000000","","0.000000","0.000000","","0.000000","","","","","","","","","","","","","0.596250","","","","","","","","","","09/12/25","09/17/25","09/12/25","9:01:27 AM EDT","","","","","","","","","","","","0","0","0","","","","","5829290930","","","","","","","",""
"447594","NYLI 50 PCT HEDGED FTSE INTL ETF","4475945540","NYLI 50 PCT HEDGED FTSE INTL ETF","","","","USD","UNITED STATES DOLLAR","NZD","NEW ZEALAND DOLLAR","11","BRU","09/15/25","","","","","","","","","","","","","","","","","","","","","","","","0","","","","","","0.000000","","0.000000","0.000000","","0.000000","","","","","","","","","","","","","0.596250","","","","","","","","","","09/12/25","09/17/25","09/12/25","9:01:27 AM EDT","","","","","","","","","","","","0","0","0","","","","","5829290930","","","","","","","",""
"447594","NYLI 50 PCT HEDGED FTSE INTL ETF","4475945540","NYLI 50 PCT HEDGED FTSE INTL ETF","","","","USD","UNITED STATES DOLLAR","NZD","NEW ZEALAND DOLLAR","11","BRU","09/16/25","","","","","","","","","","","","","","","","","","","","","","","","0","","","","","","0.000000","","0.000000","0.000000","","0.000000","","","","","","","","","","","","","0.596250","","","","","","","","","","09/12/25","09/17/25","09/12/25","9:01:27 AM EDT","","","","","","","","","","","","0","0","0","","","","","5829290930","","","","","","","",""
"447594","NYLI 50 PCT HEDGED FTSE INTL ETF","4475945540","NYLI 50 PCT HEDGED FTSE INTL ETF","","","","USD","UNITED STATES DOLLAR","NZD","NEW ZEALAND DOLLAR","11","BRU","09/17/25","","","","","","","","","","","","","","","","","","","","","","","","0","","","","","","0.000000","","0.000000","0.000000","","0.000000","","","","","","","","","","","","","0.596250","","","","","","","","","","09/12/25","09/17/25","09/12/25","9:01:27 AM EDT","","","","","","","","","","","","0","0","0","","","","","5829290930","","","","","","","",""
"447594","NYLI 50 PCT HEDGED FTSE INTL ETF","4475945780","NYLI 50 PCT HEDGED FTSE INTL ETF","","","","USD","UNITED STATES DOLLAR","NOK","NORWEGIAN KRONE","10","BRU","09/12/25","","","","","","","","","","","","","","","","","","","","","","","","0","","","","","","0.000000","","0.000000","0.000000","","0.000000","","","","","","","","","","","","","0.101207","","","","","","","","","","09/12/25","09/17/25","09/12/25","9:01:27 AM EDT","","","","","","","","","","","","0","0","0","","","","","5829290930","","","","","","","",""
"447594","NYLI 50 PCT HEDGED FTSE INTL ETF","4475945780","NYLI 50 PCT HEDGED FTSE INTL ETF","","","","USD","UNITED STATES DOLLAR","NOK","NORWEGIAN KRONE","10","BRU","09/15/25","","","","","","","","","","","","","","","","","","","","","","","","0","","","","","","0.000000","","0.000000","0.000000","","0.000000","","","","","","","","","","","","","0.101207","","","","","","","","","","09/12/25","09/17/25","09/12/25","9:01:27 AM EDT","","","","","","","","","","","","0","0","0","","","","","5829290930","","","","","","","",""
"447594","NYLI 50 PCT HEDGED FTSE INTL ETF","4475945780","NYLI 50 PCT HEDGED FTSE INTL ETF","","","","USD","UNITED STATES DOLLAR","NOK","NORWEGIAN KRONE","10","BRU","09/16/25","","","","","","","","","","","","","","","","","","","","","","","","0","","","","","","0.000000","","0.000000","0.000000","","0.000000","","","","","","","","","","","","","0.101207","","","","","","","","","","09/12/25","09/17/25","09/12/25","9:01:27 AM EDT","","","","","","","","","","","","0","0","0","","","","","5829290930","","","","","","","",""
"447594","NYLI 50 PCT HEDGED FTSE INTL ETF","4475945780","NYLI 50 PCT HEDGED FTSE INTL ETF","","","","USD","UNITED STATES DOLLAR","NOK","NORWEGIAN KRONE","10","BRU","09/17/25","","","","","","","","","","","","","","","","","","","","","","","","0","","","","","","0.000000","","0.000000","0.000000","","0.000000","","","","","","","","","","","","","0.101207","","","","","","","","","","09/12/25","09/17/25","09/12/25","9:01:27 AM EDT","","","","","","","","","","","","0","0","0","","","","","5829290930","","","","","","","",""
"447594","NYLI 50 PCT HEDGED FTSE INTL ETF","4475949850","NYLI 50 PCT HEDGED FTSE INTL ETF","","","","USD","UNITED STATES DOLLAR","PLN","POLISH ZLOTY","10","BRU","09/12/25","","","","","","","","","","","","","","","","","","","","","","","","0","","","","","","0.540000","","0.540000","0.150000","","0.150000","","","","","","","","","","","","","0.275596","","","","","","","","","","09/12/25","09/17/25","09/12/25","9:01:27 AM EDT","","","","","","","","","","","","0","0","0","","","","","5829290930","","","","","","","",""
"447594","NYLI 50 PCT HEDGED FTSE INTL ETF","4475949850","NYLI 50 PCT HEDGED FTSE INTL ETF","","","","USD","UNITED STATES DOLLAR","PLN","POLISH ZLOTY","10","BRU","09/15/25","","","","","","","","","","","","","","","","","","","","","","","","0","","","","","","0.540000","","0.540000","0.150000","","0.150000","","","","","","","","","","","","","0.275596","","","","","","","","","","09/12/25","09/17/25","09/12/25","9:01:27 AM EDT","","","","","","","","","","","","0","0","0","","","","","5829290930","","","","","","","",""
"447594","NYLI 50 PCT HEDGED FTSE INTL ETF","4475949850","NYLI 50 PCT HEDGED FTSE INTL ETF","","","","USD","UNITED STATES DOLLAR","PLN","POLISH ZLOTY","10","BRU","09/16/25","","","","","","","","","","","","","","","","","","","","","","","","0","","","","","","0.540000","","0.540000","0.150000","","0.150000","","","","","","","","","","","","","0.275596","","","","","","","","","","09/12/25","09/17/25","09/12/25","9:01:27 AM EDT","","","","","","","","","","","","0","0","0","","","","","5829290930","","","","","","","",""
"447594","NYLI 50 PCT HEDGED FTSE INTL ETF","4475949850","NYLI 50 PCT HEDGED FTSE INTL ETF","","","","USD","UNITED STATES DOLLAR","PLN","POLISH ZLOTY","10","BRU","09/17/25","","","","","","","","","","","","","","","","","","","","","","","","0","","","","","","0.540000","","0.540000","0.150000","","0.150000","","","","","","","","","","","","","0.275596","","","","","","","","","","09/12/25","09/17/25","09/12/25","9:01:27 AM EDT","","","","","","","","","","","","0","0","0","","","","","5829290930","","","","","","","",""
"447594","NYLI 50 PCT HEDGED FTSE INTL ETF","4475947020","NYLI 50 PCT HEDGED FTSE INTL ETF","","","","USD","UNITED STATES DOLLAR","SGD","SINGAPORE DOLLAR","11","BRU","09/12/25","","","","","","","","","","","","","","","","","","","","","","","","0","","","","","","218.330000","","218.330000","170.290000","","170.290000","","","","","","","","","","","","","0.779970","","","","","","","","","","09/12/25","09/17/25","09/12/25","9:01:27 AM EDT","","","","","","","","","","","","0","0","0","","","","","5829290930","","","","","","","",""
"447594","NYLI 50 PCT HEDGED FTSE INTL ETF","4475947020","NYLI 50 PCT HEDGED FTSE INTL ETF","","","","USD","UNITED STATES DOLLAR","SGD","SINGAPORE DOLLAR","11","BRU","09/15/25","","","","","","","","","","","","","","","","","","","","","","","","0","","","","","","218.330000","","218.330000","170.290000","","170.290000","","","","","","","","","","","","","0.779970","","","","","","","","","","09/12/25","09/17/25","09/12/25","9:01:27 AM EDT","","","","","","","","","","","","0","0","0","","","","","5829290930","","","","","","","",""
"447594","NYLI 50 PCT HEDGED FTSE INTL ETF","4475947020","NYLI 50 PCT HEDGED FTSE INTL ETF","","","","USD","UNITED STATES DOLLAR","SGD","SINGAPORE DOLLAR","11","BRU","09/16/25","","","","","","","","","","","","","","","","","","","","","","","","0","","","","","","218.330000","","218.330000","170.290000","","170.290000","","","","","","","","","","","","","0.779970","","","","","","","","","","09/12/25","09/17/25","09/12/25","9:01:27 AM EDT","","","","","","","","","","","","0","0","0","","","","","5829290930","","","","","","","",""
"447594","NYLI 50 PCT HEDGED FTSE INTL ETF","4475940000","NYLI 50 PCT HEDGED FTSE INTL ETF","","","","USD","UNITED STATES DOLLAR","ZAR","SOUTH AFRICAN RAND","10","BRU","09/12/25","","","","","","","","","","","","","","","","","","","","","","","","0","","","","","","0.000000","","0.000000","0.000000","","0.000000","","","","","","","","","","","","","0.057401","","","","","","","","","","09/12/25","09/17/25","09/12/25","9:01:27 AM EDT","","","","","","","","","","","","0","0","0","","","","","5829290930","","","","","","","",""
"447594","NYLI 50 PCT HEDGED FTSE INTL ETF","4475940000","NYLI 50 PCT HEDGED FTSE INTL ETF","","","","USD","UNITED STATES DOLLAR","ZAR","SOUTH AFRICAN RAND","10","BRU","09/15/25","","","","","","","","","","","","","","","","","","","","","","","","0","","","","","","0.000000","","0.000000","0.000000","","0.000000","","","","","","","","","","","","","0.057401","","","","","","","","","","09/12/25","09/17/25","09/12/25","9:01:27 AM EDT","","","","","","","","","","","","0","0","0","","","","","5829290930","","","","","","","",""
"447594","NYLI 50 PCT HEDGED FTSE INTL ETF","4475940000","NYLI 50 PCT HEDGED FTSE INTL ETF","","","","USD","UNITED STATES DOLLAR","ZAR","SOUTH AFRICAN RAND","10","BRU","09/16/25","","","","","","","","","","","","","","","","","","","","","","","","0","","","","","","0.000000","","0.000000","0.000000","","0.000000","","","","","","","","","","","","","0.057401","","","","","","","","","","09/12/25","09/17/25","09/12/25","9:01:27 AM EDT","","","","","","","","","","","","0","0","0","","","","","5829290930","","","","","","","",""
"447594","NYLI 50 PCT HEDGED FTSE INTL ETF","4475940000","NYLI 50 PCT HEDGED FTSE INTL ETF","","","","USD","UNITED STATES DOLLAR","ZAR","SOUTH AFRICAN RAND","10","BRU","09/17/25","","","","","","","","","","","","","","","","","","","","","","","","0","","","","","","0.000000","","0.000000","0.000000","","0.000000","","","","","","","","","","","","","0.057401","","","","","","","","","","09/12/25","09/17/25","09/12/25","9:01:27 AM EDT","","","","","","","","","","","","0","0","0","","","","","5829290930","","","","","","","",""
"447594","NYLI 50 PCT HEDGED FTSE INTL ETF","4475944100","NYLI 50 PCT HEDGED FTSE INTL ETF","","","","USD","UNITED STATES DOLLAR","KRW","SOUTH KOREAN WON","11","BRU","09/15/25","","","","","","","","","","","","","","","","","","","","","","","","0","","","","","","8281650.000000","","8281650.000000","5950.100000","","5950.100000","","","","","","","","","","","","","0.000718","","","","","","","","","","09/12/25","09/17/25","09/12/25","9:01:27 AM EDT","","","","","","","","","","","","0","0","0","","","","","5829290930","","","","","","","",""
"447594","NYLI 50 PCT HEDGED FTSE INTL ETF","4475944100","NYLI 50 PCT HEDGED FTSE INTL ETF","","","","USD","UNITED STATES DOLLAR","KRW","SOUTH KOREAN WON","11","BRU","09/16/25","","","","","","","","","","","","","","","","","","","","","","","","0","","","","","","8281650.000000","","8281650.000000","5950.100000","","5950.100000","","","","","","","","","","","","","0.000718","","","","","","","","","","09/12/25","09/17/25","09/12/25","9:01:27 AM EDT","","","","","","","","","","","","0","0","0","","","","","5829290930","","","","","","","",""
"447594","NYLI 50 PCT HEDGED FTSE INTL ETF","4475944100","NYLI 50 PCT HEDGED FTSE INTL ETF","","","","USD","UNITED STATES DOLLAR","KRW","SOUTH KOREAN WON","11","BRU","09/17/25","","","","","","","","","","","","","","","","","","","","","","","","0","","","","","","8281650.000000","","8281650.000000","5950.100000","","5950.100000","","","","","","","","","","","","","0.000718","","","","","","","","","","09/12/25","09/17/25","09/12/25","9:01:27 AM EDT","","","","","","","","","","","","0","0","0","","","","","5829290930","","","","","","","",""
"447594","NYLI 50 PCT HEDGED FTSE INTL ETF","4475947520","NYLI 50 PCT HEDGED FTSE INTL ETF","","","","USD","UNITED STATES DOLLAR","SEK","SWEDISH KRONA","10","BRU","09/12/25","","","","","","","","","","","","","","","","","","","","","","","","0","","","","","","-125.520000","","-125.520000","-13.460000","","-13.460000","","","","","","","","","","","","","0.107252","","","","","","","","","","09/12/25","09/17/25","09/12/25","9:01:27 AM EDT","","","","","","","","","","","","0","0","0","","","","","5829290930","","","","","","","",""
"447594","NYLI 50 PCT HEDGED FTSE INTL ETF","4475947520","NYLI 50 PCT HEDGED FTSE INTL ETF","","","","USD","UNITED STATES DOLLAR","SEK","SWEDISH KRONA","10","BRU","09/15/25","","","","","","","","","","","","","","","","","","","","","","","","0","","","","","","-125.520000","","-125.520000","-13.460000","","-13.460000","","","","","","","","","","","","","0.107252","","","","","","","","","","09/12/25","09/17/25","09/12/25","9:01:27 AM EDT","","","","","","","","","","","","0","0","0","","","","","5829290930","","","","","","","",""
"447594","NYLI 50 PCT HEDGED FTSE INTL ETF","4475947520","NYLI 50 PCT HEDGED FTSE INTL ETF","","","","USD","UNITED STATES DOLLAR","SEK","SWEDISH KRONA","10","BRU","09/16/25","","","","","","","","","","","","","","","","","","","","","","","","0","","","","","","-125.520000","","-125.520000","-13.460000","","-13.460000","","","","","","","","","","","","","0.107252","","","","","","","","","","09/12/25","09/17/25","09/12/25","9:01:27 AM EDT","","","","","","","","","","","","0","0","0","","","","","5829290930","","","","","","","",""
"447594","NYLI 50 PCT HEDGED FTSE INTL ETF","4475947520","NYLI 50 PCT HEDGED FTSE INTL ETF","","","","USD","UNITED STATES DOLLAR","SEK","SWEDISH KRONA","10","BRU","09/17/25","","","","","","","","","","","","","","","","","","","","","","","","0","","","","","","-125.520000","","-125.520000","-13.460000","","-13.460000","","","","","","","","","","","","","0.107252","","","","","","","","","","09/12/25","09/17/25","09/12/25","9:01:27 AM EDT","","","","","","","","","","","","0","0","0","","","","","5829290930","","","","","","","",""
"447594","NYLI 50 PCT HEDGED FTSE INTL ETF","4475947560","NYLI 50 PCT HEDGED FTSE INTL ETF","","","","USD","UNITED STATES DOLLAR","CHF","SWISS FRANC","10","BRU","09/15/25","","","","","","","","","","","","","","","","","","","","","","","","0","","","","","","41308.800000","","41308.800000","51898.740000","","51898.740000","","","","","","","","","","","","","1.256360","","","","","","","","","","09/12/25","09/17/25","09/12/25","9:01:27 AM EDT","","","","","","","","","","","","0","0","0","","","","","5829290930","","","","","","","",""
"447594","NYLI 50 PCT HEDGED FTSE INTL ETF","4475947560","NYLI 50 PCT HEDGED FTSE INTL ETF","","","","USD","UNITED STATES DOLLAR","CHF","SWISS FRANC","10","BRU","09/16/25","","","","","","","","","","","","","","","","","","","","","","","","0","","","","","","41308.800000","","41308.800000","51898.740000","","51898.740000","","","","","","","","","","","","","1.256360","","","","","","","","","","09/12/25","09/17/25","09/12/25","9:01:27 AM EDT","","","","","","","","","","","","0","0","0","","","","","5829290930","","","","","","","",""
"447594","NYLI 50 PCT HEDGED FTSE INTL ETF","4475947560","NYLI 50 PCT HEDGED FTSE INTL ETF","","","","USD","UNITED STATES DOLLAR","CHF","SWISS FRANC","10","BRU","09/17/25","","","","","","","","","","","","","","","","","","","","","","","","0","","","","","","41308.800000","","41308.800000","51898.740000","","51898.740000","","","","","","","","","","","","","1.256360","","","","","","","","","","09/12/25","09/17/25","09/12/25","9:01:27 AM EDT","","","","","","","","","","","","0","0","0","","","","","5829290930","","","","","","","",""
"447594","NYLI 50 PCT HEDGED FTSE INTL ETF","4475948400","NYLI 50 PCT HEDGED FTSE INTL ETF","X9X9USDALS02","","","USD","UNITED STATES DOLLAR","USD","UNITED STATES DOLLAR","31","NYG","09/12/25","","","","","","","","","","","","","","","","","","","","","","","","0","","","","","","660211.710000","","722337.710000","660211.710000","","722337.710000","","","","","","","","","","","","","1.000000","","","X9X9USDALS02","","","","","","","09/12/25","09/17/25","09/12/25","9:01:27 AM EDT","","","","","","","","","","","","0","0","0","","","","","5829290930","","","","","","","",""
"447594","NYLI 50 PCT HEDGED FTSE INTL ETF","4475948400","NYLI 50 PCT HEDGED FTSE INTL ETF","X9X9USDDIRM7","","","USD","UNITED STATES DOLLAR","USD","UNITED STATES DOLLAR","31","NYG","09/12/25","","","","","","","","","","","","","","","","","","","","","","","","0","","","","","","660211.710000","","722337.710000","660211.710000","","722337.710000","","","","","","","","","","","","","1.000000","","","X9X9USDDIRM7","","","","","","","09/12/25","09/17/25","09/12/25","9:01:27 AM EDT","","","","","","","","","","","","0","0","0","","","","","5829290930","","","","","","","",""
"447594","NYLI 50 PCT HEDGED FTSE INTL ETF","4475948400","NYLI 50 PCT HEDGED FTSE INTL ETF","","","","USD","UNITED STATES DOLLAR","USD","UNITED STATES DOLLAR","31","NYG","09/17/25","","","","","","","","","","","","","","","","","","","","","","","","0","","","","","","864213.020000","","864213.020000","864213.020000","","864213.020000","","","","","","","","","","","","","1.000000","","","","","","","","","","09/12/25","09/17/25","09/12/25","9:01:27 AM EDT","","","","","","","","","","","","0","0","0","","","","","5829290930","","","","","","","",""
"465824","NYLI ENGENDER EQUALITY ETF","4658248400","NYLI ENGENDER EQUALITY ETF","","","","USD","UNITED STATES DOLLAR","USD","UNITED STATES DOLLAR","31","NYG","09/12/25","","","","","","","","","","","","","","","","","","","","","","","","0","","","","","","170.550000","","170.550000","170.550000","","170.550000","","","","","","","","","","","","","1.000000","","","","","","","","","","09/12/25","09/17/25","09/12/25","9:01:27 AM EDT","","","","","","","","","","","","0","0","0","","","","","5829291075","","","","","","","",""
"465824","NYLI ENGENDER EQUALITY ETF","4658248400","NYLI ENGENDER EQUALITY ETF","X9X9USDDIRM7","","","USD","UNITED STATES DOLLAR","USD","UNITED STATES DOLLAR","31","NYG","09/12/25","","","","","","","","","","","","","","","","","","","","","","","","0","","","","","","170.550000","","170.550000","170.550000","","170.550000","","","","","","","","","","","","","1.000000","","","X9X9USDDIRM7","","","","","","","09/12/25","09/17/25","09/12/25","9:01:27 AM EDT","","","","","","","","","","","","0","0","0","","","","","5829291075","","","","","","","",""
"465824","NYLI ENGENDER EQUALITY ETF","4658248400","NYLI ENGENDER EQUALITY ETF","","","","USD","UNITED STATES DOLLAR","USD","UNITED STATES DOLLAR","31","NYG","09/15/25","","","","","","","","","","","","","","","","","","","","","","","","0","","","","","","170.550000","","170.550000","170.550000","","170.550000","","","","","","","","","","","","","1.000000","","","","","","","","","","09/12/25","09/17/25","09/12/25","9:01:27 AM EDT","","","","","","","","","","","","0","0","0","","","","","5829291075","","","","","","","",""
"465824","NYLI ENGENDER EQUALITY ETF","4658248400","NYLI ENGENDER EQUALITY ETF","","","","USD","UNITED STATES DOLLAR","USD","UNITED STATES DOLLAR","31","NYG","09/16/25","","","","","","","","","","","","","","","","","","","","","","","","0","","","","","","170.550000","","170.550000","170.550000","","170.550000","","","","","","","","","","","","","1.000000","","","","","","","","","","09/12/25","09/17/25","09/12/25","9:01:27 AM EDT","","","","","","","","","","","","0","0","0","","","","","5829291075","","","","","","","",""
"465824","NYLI ENGENDER EQUALITY ETF","4658248400","NYLI ENGENDER EQUALITY ETF","","","","USD","UNITED STATES DOLLAR","USD","UNITED STATES DOLLAR","31","NYG","09/17/25","","","","","","","","","","","","","","","","","","","","","","","","0","","","","","","170.550000","","170.550000","170.550000","","170.550000","","","","","","","","","","","","","1.000000","","","","","","","","","","09/12/25","09/17/25","09/12/25","9:01:27 AM EDT","","","","","","","","","","","","0","0","0","","","","","5829291075","","","","","","","",""
"465826","NYLI CLEANER TRANSPORT ETF","4658260320","NYLI CLEANER TRANSPORT ETF","","","","USD","UNITED STATES DOLLAR","ARS","ARGENTINE PESO","10","BRU","09/12/25","","","","","","","","","","","","","","","","","","","","","","","","0","","","","","","0.000000","","0.000000","0.000000","","0.000000","","","","","","","","","","","","","0.000700","","","","","","","","","","09/12/25","09/17/25","09/12/25","9:01:27 AM EDT","","","","","","","","","","","","0","0","0","","","","","5829291076","","","","","","","",""
"465826","NYLI CLEANER TRANSPORT ETF","4658260320","NYLI CLEANER TRANSPORT ETF","","","","USD","UNITED STATES DOLLAR","ARS","ARGENTINE PESO","10","BRU","09/15/25","","","","","","","","","","","","","","","","","","","","","","","","0","","","","","","0.000000","","0.000000","0.000000","","0.000000","","","","","","","","","","","","","0.000700","","","","","","","","","","09/12/25","09/17/25","09/12/25","9:01:27 AM EDT","","","","","","","","","","","","0","0","0","","","","","5829291076","","","","","","","",""
"465826","NYLI CLEANER TRANSPORT ETF","4658260320","NYLI CLEANER TRANSPORT ETF","","","","USD","UNITED STATES DOLLAR","ARS","ARGENTINE PESO","10","BRU","09/16/25","","","","","","","","","","","","","","","","","","","","","","","","0","","","","","","0.000000","","0.000000","0.000000","","0.000000","","","","","","","","","","","","","0.000700","","","","","","","","","","09/12/25","09/17/25","09/12/25","9:01:27 AM EDT","","","","","","","","","","","","0","0","0","","","","","5829291076","","","","","","","",""
"465826","NYLI CLEANER TRANSPORT ETF","4658260320","NYLI CLEANER TRANSPORT ETF","","","","USD","UNITED STATES DOLLAR","ARS","ARGENTINE PESO","10","BRU","09/17/25","","","","","","","","","","","","","","","","","","","","","","","","0","","","","","","0.000000","","0.000000","0.000000","","0.000000","","","","","","","","","","","","","0.000700","","","","","","","","","","09/12/25","09/17/25","09/12/25","9:01:27 AM EDT","","","","","","","","","","","","0","0","0","","","","","5829291076","","","","","","","",""
"465826","NYLI CLEANER TRANSPORT ETF","4658260360","NYLI CLEANER TRANSPORT ETF","","","","USD","UNITED STATES DOLLAR","AUD","AUSTRALIAN DOLLAR","11","BRU","09/12/25","","","","","","","","","","","","","","","","","","","","","","","","0","","","","","","0.000000","","0.000000","0.000000","","0.000000","","","","","","","","","","","","","0.664850","","","","","","","","","","09/12/25","09/17/25","09/12/25","9:01:27 AM EDT","","","","","","","","","","","","0","0","0","","","","","5829291076","","","","","","","",""
"465826","NYLI CLEANER TRANSPORT ETF","4658260360","NYLI CLEANER TRANSPORT ETF","","","","USD","UNITED STATES DOLLAR","AUD","AUSTRALIAN DOLLAR","11","BRU","09/15/25","","","","","","","","","","","","","","","","","","","","","","","","0","","","","","","0.000000","","0.000000","0.000000","","0.000000","","","","","","","","","","","","","0.664850","","","","","","","","","","09/12/25","09/17/25","09/12/25","9:01:27 AM EDT","","","","","","","","","","","","0","0","0","","","","","5829291076","","","","","","","",""
"465826","NYLI CLEANER TRANSPORT ETF","4658260360","NYLI CLEANER TRANSPORT ETF","","","","USD","UNITED STATES DOLLAR","AUD","AUSTRALIAN DOLLAR","11","BRU","09/16/25","","","","","","","","","","","","","","","","","","","","","","","","0","","","","","","0.000000","","0.000000","0.000000","","0.000000","","","","","","","","","","","","","0.664850","","","","","","","","","","09/12/25","09/17/25","09/12/25","9:01:27 AM EDT","","","","","","","","","","","","0","0","0","","","","","5829291076","","","","","","","",""
"465826","NYLI CLEANER TRANSPORT ETF","4658260360","NYLI CLEANER TRANSPORT ETF","","","","USD","UNITED STATES DOLLAR","AUD","AUSTRALIAN DOLLAR","11","BRU","09/17/25","","","","","","","","","","","","","","","","","","","","","","","","0","","","","","","0.000000","","0.000000","0.000000","","0.000000","","","","","","","","","","","","","0.664850","","","","","","","","","","09/12/25","09/17/25","09/12/25","9:01:27 AM EDT","","","","","","","","","","","","0","0","0","","","","","5829291076","","","","","","","",""
"465826","NYLI CLEANER TRANSPORT ETF","4658269860","NYLI CLEANER TRANSPORT ETF","","","","USD","UNITED STATES DOLLAR","BRL","BRAZILIAN REAL","10","BRU","09/12/25","","","","","","","","","","","","","","","","","","","","","","","","0","","","","","","0.000000","","0.000000","0.000000","","0.000000","","","","","","","","","","","","","0.185820","","","","","","","","","","09/12/25","09/17/25","09/12/25","9:01:27 AM EDT","","","","","","","","","","","","0","0","0","","","","","5829291076","","","","","","","",""
"465826","NYLI CLEANER TRANSPORT ETF","4658269860","NYLI CLEANER TRANSPORT ETF","","","","USD","UNITED STATES DOLLAR","BRL","BRAZILIAN REAL","10","BRU","09/15/25","","","","","","","","","","","","","","","","","","","","","","","","0","","","","","","0.000000","","0.000000","0.000000","","0.000000","","","","","","","","","","","","","0.185820","","","","","","","","","","09/12/25","09/17/25","09/12/25","9:01:27 AM EDT","","","","","","","","","","","","0","0","0","","","","","5829291076","","","","","","","",""
"465826","NYLI CLEANER TRANSPORT ETF","4658269860","NYLI CLEANER TRANSPORT ETF","","","","USD","UNITED STATES DOLLAR","BRL","BRAZILIAN REAL","10","BRU","09/16/25","","","","","","","","","","","","","","","","","","","","","","","","0","","","","","","0.000000","","0.000000","0.000000","","0.000000","","","","","","","","","","","","","0.185820","","","","","","","","","","09/12/25","09/17/25","09/12/25","9:01:27 AM EDT","","","","","","","","","","","","0","0","0","","","","","5829291076","","","","","","","",""
"465826","NYLI CLEANER TRANSPORT ETF","4658269860","NYLI CLEANER TRANSPORT ETF","","","","USD","UNITED STATES DOLLAR","BRL","BRAZILIAN REAL","10","BRU","09/17/25","","","","","","","","","","","","","","","","","","","","","","","","0","","","","","","0.000000","","0.000000","0.000000","","0.000000","","","","","","","","","","","","","0.185820","","","","","","","","","","09/12/25","09/17/25","09/12/25","9:01:27 AM EDT","","","","","","","","","","","","0","0","0","","","","","5829291076","","","","","","","",""
"465826","NYLI CLEANER TRANSPORT ETF","4658269867","IQ CLEANER TRANSPORT ETF","","","","USD","UNITED STATES DOLLAR","BRL","BRAZILIAN REAL","10","BRU","09/12/25","","","","","","","","","","","","","","","","","","","","","","","","0","","","","","","0.000000","","0.000000","0.000000","","0.000000","","","","","","","","","","","","","0.185820","","","","","","","","","","09/12/25","09/17/25","09/12/25","9:01:27 AM EDT","","","","","","","","","","","","0","0","0","","","","","5829291076","","","","","","","",""
"465826","NYLI CLEANER TRANSPORT ETF","4658269867","IQ CLEANER TRANSPORT ETF","","","","USD","UNITED STATES DOLLAR","BRL","BRAZILIAN REAL","10","BRU","09/15/25","","","","","","","","","","","","","","","","","","","","","","","","0","","","","","","0.000000","","0.000000","0.000000","","0.000000","","","","","","","","","","","","","0.185820","","","","","","","","","","09/12/25","09/17/25","09/12/25","9:01:27 AM EDT","","","","","","","","","","","","0","0","0","","","","","5829291076","","","","","","","",""
"465826","NYLI CLEANER TRANSPORT ETF","4658269867","IQ CLEANER TRANSPORT ETF","","","","USD","UNITED STATES DOLLAR","BRL","BRAZILIAN REAL","10","BRU","09/16/25","","","","","","","","","","","","","","","","","","","","","","","","0","","","","","","0.000000","","0.000000","0.000000","","0.000000","","","","","","","","","","","","","0.185820","","","","","","","","","","09/12/25","09/17/25","09/12/25","9:01:27 AM EDT","","","","","","","","","","","","0","0","0","","","","","5829291076","","","","","","","",""
"465826","NYLI CLEANER TRANSPORT ETF","4658269867","IQ CLEANER TRANSPORT ETF","","","","USD","UNITED STATES DOLLAR","BRL","BRAZILIAN REAL","10","BRU","09/17/25","","","","","","","","","","","","","","","","","","","","","","","","0","","","","","","0.000000","","0.000000","0.000000","","0.000000","","","","","","","","","","","","","0.185820","","","","","","","","","","09/12/25","09/17/25","09/12/25","9:01:27 AM EDT","","","","","","","","","","","","0","0","0","","","","","5829291076","","","","","","","",""
"465826","NYLI CLEANER TRANSPORT ETF","4658261240","NYLI CLEANER TRANSPORT ETF","","","","USD","UNITED STATES DOLLAR","CAD","CANADIAN DOLLAR","10","BRU","09/12/25","","","","","","","","","","","","","","","","","","","","","","","","0","","","","","","0.000000","","0.000000","0.000000","","0.000000","","","","","","","","","","","","","0.722465","","","","","","","","","","09/12/25","09/17/25","09/12/25","9:01:27 AM EDT","","","","","","","","","","","","0","0","0","","","","","5829291076","","","","","","","",""
"465826","NYLI CLEANER TRANSPORT ETF","4658261240","NYLI CLEANER TRANSPORT ETF","","","","USD","UNITED STATES DOLLAR","CAD","CANADIAN DOLLAR","10","BRU","09/15/25","","","","","","","","","","","","","","","","","","","","","","","","0","","","","","","0.000000","","0.000000","0.000000","","0.000000","","","","","","","","","","","","","0.722465","","","","","","","","","","09/12/25","09/17/25","09/12/25","9:01:27 AM EDT","","","","","","","","","","","","0","0","0","","","","","5829291076","","","","","","","",""
"465826","NYLI CLEANER TRANSPORT ETF","4658261240","NYLI CLEANER TRANSPORT ETF","","","","USD","UNITED STATES DOLLAR","CAD","CANADIAN DOLLAR","10","BRU","09/16/25","","","","","","","","","","","","","","","","","","","","","","","","0","","","","","","0.000000","","0.000000","0.000000","","0.000000","","","","","","","","","","","","","0.722465","","","","","","","","","","09/12/25","09/17/25","09/12/25","9:01:27 AM EDT","","","","","","","","","","","","0","0","0","","","","","5829291076","","","","","","","",""
"465826","NYLI CLEANER TRANSPORT ETF","4658261240","NYLI CLEANER TRANSPORT ETF","","","","USD","UNITED STATES DOLLAR","CAD","CANADIAN DOLLAR","10","BRU","09/17/25","","","","","","","","","","","","","","","","","","","","","","","","0","","","","","","0.000000","","0.000000","0.000000","","0.000000","","","","","","","","","","","","","0.722465","","","","","","","","","","09/12/25","09/17/25","09/12/25","9:01:27 AM EDT","","","","","","","","","","","","0","0","0","","","","","5829291076","","","","","","","",""
"465826","NYLI CLEANER TRANSPORT ETF","4658261520","NYLI CLEANER TRANSPORT ETF","","","","USD","UNITED STATES DOLLAR","CLP","CHILEAN PESO","10","BRU","09/12/25","","","","","","","","","","","","","","","","","","","","","","","","0","","","","","","0.000000","","0.000000","0.000000","","0.000000","","","","","","","","","","","","","0.001048","","","","","","","","","","09/12/25","09/17/25","09/12/25","9:01:27 AM EDT","","","","","","","","","","","","0","0","0","","","","","5829291076","","","","","","","",""
"465826","NYLI CLEANER TRANSPORT ETF","4658261520","NYLI CLEANER TRANSPORT ETF","","","","USD","UNITED STATES DOLLAR","CLP","CHILEAN PESO","10","BRU","09/15/25","","","","","","","","","","","","","","","","","","","","","","","","0","","","","","","0.000000","","0.000000","0.000000","","0.000000","","","","","","","","","","","","","0.001048","","","","","","","","","","09/12/25","09/17/25","09/12/25","9:01:27 AM EDT","","","","","","","","","","","","0","0","0","","","","","5829291076","","","","","","","",""
"465826","NYLI CLEANER TRANSPORT ETF","4658261520","NYLI CLEANER TRANSPORT ETF","","","","USD","UNITED STATES DOLLAR","CLP","CHILEAN PESO","10","BRU","09/16/25","","","","","","","","","","","","","","","","","","","","","","","","0","","","","","","0.000000","","0.000000","0.000000","","0.000000","","","","","","","","","","","","","0.001048","","","","","","","","","","09/12/25","09/17/25","09/12/25","9:01:27 AM EDT","","","","","","","","","","","","0","0","0","","","","","5829291076","","","","","","","",""
"465826","NYLI CLEANER TRANSPORT ETF","4658261520","NYLI CLEANER TRANSPORT ETF","","","","USD","UNITED STATES DOLLAR","CLP","CHILEAN PESO","10","BRU","09/17/25","","","","","","","","","","","","","","","","","","","","","","","","0","","","","","","0.000000","","0.000000","0.000000","","0.000000","","","","","","","","","","","","","0.001048","","","","","","","","","","09/12/25","09/17/25","09/12/25","9:01:27 AM EDT","","","","","","","","","","","","0","0","0","","","","","5829291076","","","","","","","",""
"465826","NYLI CLEANER TRANSPORT ETF","4658261700","NYLI CLEANER TRANSPORT ETF","","","","USD","UNITED STATES DOLLAR","COP","COLOMBIAN PESO","10","BRU","09/12/25","","","","","","","","","","","","","","","","","","","","","","","","0","","","","","","0.000000","","0.000000","0.000000","","0.000000","","","","","","","","","","","","","0.000256","","","","","","","","","","09/12/25","09/17/25","09/12/25","9:01:27 AM EDT","","","","","","","","","","","","0","0","0","","","","","5829291076","","","","","","","",""
"465826","NYLI CLEANER TRANSPORT ETF","4658261700","NYLI CLEANER TRANSPORT ETF","","","","USD","UNITED STATES DOLLAR","COP","COLOMBIAN PESO","10","BRU","09/15/25","","","","","","","","","","","","","","","","","","","","","","","","0","","","","","","0.000000","","0.000000","0.000000","","0.000000","","","","","","","","","","","","","0.000256","","","","","","","","","","09/12/25","09/17/25","09/12/25","9:01:27 AM EDT","","","","","","","","","","","","0","0","0","","","","","5829291076","","","","","","","",""
"465826","NYLI CLEANER TRANSPORT ETF","4658261700","NYLI CLEANER TRANSPORT ETF","","","","USD","UNITED STATES DOLLAR","COP","COLOMBIAN PESO","10","BRU","09/16/25","","","","","","","","","","","","","","","","","","","","","","","","0","","","","","","0.000000","","0.000000","0.000000","","0.000000","","","","","","","","","","","","","0.000256","","","","","","","","","","09/12/25","09/17/25","09/12/25","9:01:27 AM EDT","","","","","","","","","","","","0","0","0","","","","","5829291076","","","","","","","",""
"465826","NYLI CLEANER TRANSPORT ETF","4658261700","NYLI CLEANER TRANSPORT ETF","","","","USD","UNITED STATES DOLLAR","COP","COLOMBIAN PESO","10","BRU","09/17/25","","","","","","","","","","","","","","","","","","","","","","","","0","","","","","","0.000000","","0.000000","0.000000","","0.000000","","","","","","","","","","","","","0.000256","","","","","","","","","","09/12/25","09/17/25","09/12/25","9:01:27 AM EDT","","","","","","","","","","","","0","0","0","","","","","5829291076","","","","","","","",""
"465826","NYLI CLEANER TRANSPORT ETF","4658262000","NYLI CLEANER TRANSPORT ETF","","","","USD","UNITED STATES DOLLAR","CZK","CZECH KORUNA","10","BRU","09/12/25","","","","","","","","","","","","","","","","","","","","","","","","0","","","","","","0.000000","","0.000000","0.000000","","0.000000","","","","","","","","","","","","","0.048130","","","","","","","","","","09/12/25","09/17/25","09/12/25","9:01:27 AM EDT","","","","","","","","","","","","0","0","0","","","","","5829291076","","","","","","","",""
"465826","NYLI CLEANER TRANSPORT ETF","4658262000","NYLI CLEANER TRANSPORT ETF","","","","USD","UNITED STATES DOLLAR","CZK","CZECH KORUNA","10","BRU","09/15/25","","","","","","","","","","","","","","","","","","","","","","","","0","","","","","","0.000000","","0.000000","0.000000","","0.000000","","","","","","","","","","","","","0.048130","","","","","","","","","","09/12/25","09/17/25","09/12/25","9:01:27 AM EDT","","","","","","","","","","","","0","0","0","","","","","5829291076","","","","","","","",""
"465826","NYLI CLEANER TRANSPORT ETF","4658262000","NYLI CLEANER TRANSPORT ETF","","","","USD","UNITED STATES DOLLAR","CZK","CZECH KORUNA","10","BRU","09/16/25","","","","","","","","","","","","","","","","","","","","","","","","0","","","","","","0.000000","","0.000000","0.000000","","0.000000","","","","","","","","","","","","","0.048130","","","","","","","","","","09/12/25","09/17/25","09/12/25","9:01:27 AM EDT","","","","","","","","","","","","0","0","0","","","","","5829291076","","","","","","","",""
"465826","NYLI CLEANER TRANSPORT ETF","4658262000","NYLI CLEANER TRANSPORT ETF","","","","USD","UNITED STATES DOLLAR","CZK","CZECH KORUNA","10","BRU","09/17/25","","","","","","","","","","","","","","","","","","","","","","","","0","","","","","","0.000000","","0.000000","0.000000","","0.000000","","","","","","","","","","","","","0.048130","","","","","","","","","","09/12/25","09/17/25","09/12/25","9:01:27 AM EDT","","","","","","","","","","","","0","0","0","","","","","5829291076","","","","","","","",""
"465826","NYLI CLEANER TRANSPORT ETF","4658262080","NYLI CLEANER TRANSPORT ETF","","","","USD","UNITED STATES DOLLAR","DKK","DANISH KRONE","10","BRU","09/12/25","","","","","","","","","","","","","","","","","","","","","","","","0","","","","","","-0.020000","","-0.020000","0.000000","","0.000000","","","","","","","","","","","","","0.157118","","","","","","","","","","09/12/25","09/17/25","09/12/25","9:01:27 AM EDT","","","","","","","","","","","","0","0","0","","","","","5829291076","","","","","","","",""
"465826","NYLI CLEANER TRANSPORT ETF","4658262080","NYLI CLEANER TRANSPORT ETF","","","","USD","UNITED STATES DOLLAR","DKK","DANISH KRONE","10","BRU","09/15/25","","","","","","","","","","","","","","","","","","","","","","","","0","","","","","","-0.020000","","-0.020000","0.000000","","0.000000","","","","","","","","","","","","","0.157118","","","","","","","","","","09/12/25","09/17/25","09/12/25","9:01:27 AM EDT","","","","","","","","","","","","0","0","0","","","","","5829291076","","","","","","","",""
"465826","NYLI CLEANER TRANSPORT ETF","4658262080","NYLI CLEANER TRANSPORT ETF","","","","USD","UNITED STATES DOLLAR","DKK","DANISH KRONE","10","BRU","09/16/25","","","","","","","","","","","","","","","","","","","","","","","","0","","","","","","-0.020000","","-0.020000","0.000000","","0.000000","","","","","","","","","","","","","0.157118","","","","","","","","","","09/12/25","09/17/25","09/12/25","9:01:27 AM EDT","","","","","","","","","","","","0","0","0","","","","","5829291076","","","","","","","",""
"465826","NYLI CLEANER TRANSPORT ETF","4658262080","NYLI CLEANER TRANSPORT ETF","","","","USD","UNITED STATES DOLLAR","DKK","DANISH KRONE","10","BRU","09/17/25","","","","","","","","","","","","","","","","","","","","","","","","0","","","","","","-0.020000","","-0.020000","0.000000","","0.000000","","","","","","","","","","","","","0.157118","","","","","","","","","","09/12/25","09/17/25","09/12/25","9:01:27 AM EDT","","","","","","","","","","","","0","0","0","","","","","5829291076","","","","","","","",""
"465826","NYLI CLEANER TRANSPORT ETF","4658269780","NYLI CLEANER TRANSPORT ETF","","","","USD","UNITED STATES DOLLAR","EUR","EURO","10","BRU","09/12/25","","","","","","","","","","","","","","","","","","","","","","","","0","","","","","","0.000000","","0.000000","0.000000","","0.000000","","","","","","","","","","","","","1.172800","","","","","","","","","","09/12/25","09/17/25","09/12/25","9:01:27 AM EDT","","","","","","","","","","","","0","0","0","","","","","5829291076","","","","","","","",""
"465826","NYLI CLEANER TRANSPORT ETF","4658269780","NYLI CLEANER TRANSPORT ETF","","","","USD","UNITED STATES DOLLAR","EUR","EURO","10","BRU","09/15/25","","","","","","","","","","","","","","","","","","","","","","","","0","","","","","","0.000000","","0.000000","0.000000","","0.000000","","","","","","","","","","","","","1.172800","","","","","","","","","","09/12/25","09/17/25","09/12/25","9:01:27 AM EDT","","","","","","","","","","","","0","0","0","","","","","5829291076","","","","","","","",""
"465826","NYLI CLEANER TRANSPORT ETF","4658269780","NYLI CLEANER TRANSPORT ETF","","","","USD","UNITED STATES DOLLAR","EUR","EURO","10","BRU","09/16/25","","","","","","","","","","","","","","","","","","","","","","","","0","","","","","","0.000000","","0.000000","0.000000","","0.000000","","","","","","","","","","","","","1.172800","","","","","","","","","","09/12/25","09/17/25","09/12/25","9:01:27 AM EDT","","","","","","","","","","","","0","0","0","","","","","5829291076","","","","","","","",""
"465826","NYLI CLEANER TRANSPORT ETF","4658269780","NYLI CLEANER TRANSPORT ETF","","","","USD","UNITED STATES DOLLAR","EUR","EURO","10","BRU","09/17/25","","","","","","","","","","","","","","","","","","","","","","","","0","","","","","","0.000000","","0.000000","0.000000","","0.000000","","","","","","","","","","","","","1.172800","","","","","","","","","","09/12/25","09/17/25","09/12/25","9:01:27 AM EDT","","","","","","","","","","","","0","0","0","","","","","5829291076","","","","","","","",""
"465826","NYLI CLEANER TRANSPORT ETF","4658263440","NYLI CLEANER TRANSPORT ETF","","","","USD","UNITED STATES DOLLAR","HKD","HONG KONG DOLLAR","11","BRU","09/12/25","","","","","","","","","","","","","","","","","","","","","","","","0","","","","","","0.000000","","0.000000","0.000000","","0.000000","","","","","","","","","","","","","0.128379","","","","","","","","","","09/12/25","09/17/25","09/12/25","9:01:27 AM EDT","","","","","","","","","","","","0","0","0","","","","","5829291076","","","","","","","",""
"465826","NYLI CLEANER TRANSPORT ETF","4658263440","NYLI CLEANER TRANSPORT ETF","","","","USD","UNITED STATES DOLLAR","HKD","HONG KONG DOLLAR","11","BRU","09/15/25","","","","","","","","","","","","","","","","","","","","","","","","0","","","","","","0.000000","","0.000000","0.000000","","0.000000","","","","","","","","","","","","","0.128379","","","","","","","","","","09/12/25","09/17/25","09/12/25","9:01:27 AM EDT","","","","","","","","","","","","0","0","0","","","","","5829291076","","","","","","","",""
"465826","NYLI CLEANER TRANSPORT ETF","4658263440","NYLI CLEANER TRANSPORT ETF","","","","USD","UNITED STATES DOLLAR","HKD","HONG KONG DOLLAR","11","BRU","09/16/25","","","","","","","","","","","","","","","","","","","","","","","","0","","","","","","0.000000","","0.000000","0.000000","","0.000000","","","","","","","","","","","","","0.128379","","","","","","","","","","09/12/25","09/17/25","09/12/25","9:01:27 AM EDT","","","","","","","","","","","","0","0","0","","","","","5829291076","","","","","","","",""
"465826","NYLI CLEANER TRANSPORT ETF","4658263440","NYLI CLEANER TRANSPORT ETF","","","","USD","UNITED STATES DOLLAR","HKD","HONG KONG DOLLAR","11","BRU","09/17/25","","","","","","","","","","","","","","","","","","","","","","","","0","","","","","","0.000000","","0.000000","0.000000","","0.000000","","","","","","","","","","","","","0.128379","","","","","","","","","","09/12/25","09/17/25","09/12/25","9:01:27 AM EDT","","","","","","","","","","","","0","0","0","","","","","5829291076","","","","","","","",""
"465826","NYLI CLEANER TRANSPORT ETF","4658263480","NYLI CLEANER TRANSPORT ETF","","","","USD","UNITED STATES DOLLAR","HUF","HUNGARIAN FORINT","10","BRU","09/12/25","","","","","","","","","","","","","","","","","","","","","","","","0","","","","","","0.000000","","0.000000","0.000000","","0.000000","","","","","","","","","","","","","0.002993","","","","","","","","","","09/12/25","09/17/25","09/12/25","9:01:27 AM EDT","","","","","","","","","","","","0","0","0","","","","","5829291076","","","","","","","",""
"465826","NYLI CLEANER TRANSPORT ETF","4658263480","NYLI CLEANER TRANSPORT ETF","","","","USD","UNITED STATES DOLLAR","HUF","HUNGARIAN FORINT","10","BRU","09/15/25","","","","","","","","","","","","","","","","","","","","","","","","0","","","","","","0.000000","","0.000000","0.000000","","0.000000","","","","","","","","","","","","","0.002993","","","","","","","","","","09/12/25","09/17/25","09/12/25","9:01:27 AM EDT","","","","","","","","","","","","0","0","0","","","","","5829291076","","","","","","","",""
"465826","NYLI CLEANER TRANSPORT ETF","4658263480","NYLI CLEANER TRANSPORT ETF","","","","USD","UNITED STATES DOLLAR","HUF","HUNGARIAN FORINT","10","BRU","09/16/25","","","","","","","","","","","","","","","","","","","","","","","","0","","","","","","0.000000","","0.000000","0.000000","","0.000000","","","","","","","","","","","","","0.002993","","","","","","","","","","09/12/25","09/17/25","09/12/25","9:01:27 AM EDT","","","","","","","","","","","","0","0","0","","","","","5829291076","","","","","","","",""
"465826","NYLI CLEANER TRANSPORT ETF","4658263480","NYLI CLEANER TRANSPORT ETF","","","","USD","UNITED STATES DOLLAR","HUF","HUNGARIAN FORINT","10","BRU","09/17/25","","","","","","","","","","","","","","","","","","","","","","","","0","","","","","","0.000000","","0.000000","0.000000","","0.000000","","","","","","","","","","","","","0.002993","","","","","","","","","","09/12/25","09/17/25","09/12/25","9:01:27 AM EDT","","","","","","","","","","","","0","0","0","","","","","5829291076","","","","","","","",""
"465826","NYLI CLEANER TRANSPORT ETF","4658263600","NYLI CLEANER TRANSPORT ETF","","","","USD","UNITED STATES DOLLAR","IDR","INDONESIAN RUPIAH","11","BRU","09/12/25","","","","","","","","","","","","","","","","","","","","","","","","0","","","","","","0.000000","","0.000000","0.000000","","0.000000","","","","","","","","","","","","","0.000061","","","","","","","","","","09/12/25","09/17/25","09/12/25","9:01:27 AM EDT","","","","","","","","","","","","0","0","0","","","","","5829291076","","","","","","","",""
"465826","NYLI CLEANER TRANSPORT ETF","4658263600","NYLI CLEANER TRANSPORT ETF","","","","USD","UNITED STATES DOLLAR","IDR","INDONESIAN RUPIAH","11","BRU","09/15/25","","","","","","","","","","","","","","","","","","","","","","","","0","","","","","","0.000000","","0.000000","0.000000","","0.000000","","","","","","","","","","","","","0.000061","","","","","","","","","","09/12/25","09/17/25","09/12/25","9:01:27 AM EDT","","","","","","","","","","","","0","0","0","","","","","5829291076","","","","","","","",""
"465826","NYLI CLEANER TRANSPORT ETF","4658263600","NYLI CLEANER TRANSPORT ETF","","","","USD","UNITED STATES DOLLAR","IDR","INDONESIAN RUPIAH","11","BRU","09/16/25","","","","","","","","","","","","","","","","","","","","","","","","0","","","","","","0.000000","","0.000000","0.000000","","0.000000","","","","","","","","","","","","","0.000061","","","","","","","","","","09/12/25","09/17/25","09/12/25","9:01:27 AM EDT","","","","","","","","","","","","0","0","0","","","","","5829291076","","","","","","","",""
"465826","NYLI CLEANER TRANSPORT ETF","4658263600","NYLI CLEANER TRANSPORT ETF","","","","USD","UNITED STATES DOLLAR","IDR","INDONESIAN RUPIAH","11","BRU","09/17/25","","","","","","","","","","","","","","","","","","","","","","","","0","","","","","","0.000000","","0.000000","0.000000","","0.000000","","","","","","","","","","","","","0.000061","","","","","","","","","","09/12/25","09/17/25","09/12/25","9:01:27 AM EDT","","","","","","","","","","","","0","0","0","","","","","5829291076","","","","","","","",""
"465826","NYLI CLEANER TRANSPORT ETF","4658263920","NYLI CLEANER TRANSPORT ETF","","","","USD","UNITED STATES DOLLAR","JPY","JAPANESE YEN","11","BRU","09/12/25","","","","","","","","","","","","","","","","","","","","","","","","0","","","","","","0.000000","","0.000000","0.000000","","0.000000","","","","","","","","","","","","","0.006794","","","","","","","","","","09/12/25","09/17/25","09/12/25","9:01:27 AM EDT","","","","","","","","","","","","0","0","0","","","","","5829291076","","","","","","","",""
"465826","NYLI CLEANER TRANSPORT ETF","4658263920","NYLI CLEANER TRANSPORT ETF","","","","USD","UNITED STATES DOLLAR","JPY","JAPANESE YEN","11","BRU","09/16/25","","","","","","","","","","","","","","","","","","","","","","","","0","","","","","","0.000000","","0.000000","0.000000","","0.000000","","","","","","","","","","","","","0.006794","","","","","","","","","","09/12/25","09/17/25","09/12/25","9:01:27 AM EDT","","","","","","","","","","","","0","0","0","","","","","5829291076","","","","","","","",""
"465826","NYLI CLEANER TRANSPORT ETF","4658263920","NYLI CLEANER TRANSPORT ETF","","","","USD","UNITED STATES DOLLAR","JPY","JAPANESE YEN","11","BRU","09/17/25","","","","","","","","","","","","","","","","","","","","","","","","0","","","","","","0.000000","","0.000000","0.000000","","0.000000","","","","","","","","","","","","","0.006794","","","","","","","","","","09/12/25","09/17/25","09/12/25","9:01:27 AM EDT","","","","","","","","","","","","0","0","0","","","","","5829291076","","","","","","","",""
"465826","NYLI CLEANER TRANSPORT ETF","4658264580","NYLI CLEANER TRANSPORT ETF","","","","USD","UNITED STATES DOLLAR","MYR","MALAYSIAN RINGGIT","11","BRU","09/12/25","","","","","","","","","","","","","","","","","","","","","","","","0","","","","","","0.000000","","0.000000","0.000000","","0.000000","","","","","","","","","","","","","0.236855","","","","","","","","","","09/12/25","09/17/25","09/12/25","9:01:27 AM EDT","","","","","","","","","","","","0","0","0","","","","","5829291076","","","","","","","",""
"465826","NYLI CLEANER TRANSPORT ETF","4658264580","NYLI CLEANER TRANSPORT ETF","","","","USD","UNITED STATES DOLLAR","MYR","MALAYSIAN RINGGIT","11","BRU","09/17/25","","","","","","","","","","","","","","","","","","","","","","","","0","","","","","","0.000000","","0.000000","0.000000","","0.000000","","","","","","","","","","","","","0.236855","","","","","","","","","","09/12/25","09/17/25","09/12/25","9:01:27 AM EDT","","","","","","","","","","","","0","0","0","","","","","5829291076","","","","","","","",""
"465826","NYLI CLEANER TRANSPORT ETF","4658264840","NYLI CLEANER TRANSPORT ETF","","","","USD","UNITED STATES DOLLAR","MXN","MEXICAN PESO","10","BRU","09/12/25","","","","","","","","","","","","","","","","","","","","","","","","0","","","","","","0.000000","","0.000000","0.000000","","0.000000","","","","","","","","","","","","","0.053959","","","","","","","","","","09/12/25","09/17/25","09/12/25","9:01:27 AM EDT","","","","","","","","","","","","0","0","0","","","","","5829291076","","","","","","","",""
"465826","NYLI CLEANER TRANSPORT ETF","4658264840","NYLI CLEANER TRANSPORT ETF","","","","USD","UNITED STATES DOLLAR","MXN","MEXICAN PESO","10","BRU","09/15/25","","","","","","","","","","","","","","","","","","","","","","","","0","","","","","","0.000000","","0.000000","0.000000","","0.000000","","","","","","","","","","","","","0.053959","","","","","","","","","","09/12/25","09/17/25","09/12/25","9:01:27 AM EDT","","","","","","","","","","","","0","0","0","","","","","5829291076","","","","","","","",""
"465826","NYLI CLEANER TRANSPORT ETF","4658264840","NYLI CLEANER TRANSPORT ETF","","","","USD","UNITED STATES DOLLAR","MXN","MEXICAN PESO","10","BRU","09/17/25","","","","","","","","","","","","","","","","","","","","","","","","0","","","","","","0.000000","","0.000000","0.000000","","0.000000","","","","","","","","","","","","","0.053959","","","","","","","","","","09/12/25","09/17/25","09/12/25","9:01:27 AM EDT","","","","","","","","","","","","0","0","0","","","","","5829291076","","","","","","","",""
"465826","NYLI CLEANER TRANSPORT ETF","4658263760","NYLI CLEANER TRANSPORT ETF","","","","USD","UNITED STATES DOLLAR","ILS","NEW ISRAELI SHEKEL","10","BRU","09/12/25","","","","","","","","","","","","","","","","","","","","","","","","0","","","","","","0.000000","","0.000000","0.000000","","0.000000","","","","","","","","","","","","","0.300960","","","","","","","","","","09/12/25","09/17/25","09/12/25","9:01:27 AM EDT","","","","","","","","","","","","0","0","0","","","","","5829291076","","","","","","","",""
"465826","NYLI CLEANER TRANSPORT ETF","4658263760","NYLI CLEANER TRANSPORT ETF","","","","USD","UNITED STATES DOLLAR","ILS","NEW ISRAELI SHEKEL","10","BRU","09/15/25","","","","","","","","","","","","","","","","","","","","","","","","0","","","","","","0.000000","","0.000000","0.000000","","0.000000","","","","","","","","","","","","","0.300960","","","","","","","","","","09/12/25","09/17/25","09/12/25","9:01:27 AM EDT","","","","","","","","","","","","0","0","0","","","","","5829291076","","","","","","","",""
"465826","NYLI CLEANER TRANSPORT ETF","4658263760","NYLI CLEANER TRANSPORT ETF","","","","USD","UNITED STATES DOLLAR","ILS","NEW ISRAELI SHEKEL","10","BRU","09/16/25","","","","","","","","","","","","","","","","","","","","","","","","0","","","","","","0.000000","","0.000000","0.000000","","0.000000","","","","","","","","","","","","","0.300960","","","","","","","","","","09/12/25","09/17/25","09/12/25","9:01:27 AM EDT","","","","","","","","","","","","0","0","0","","","","","5829291076","","","","","","","",""
"465826","NYLI CLEANER TRANSPORT ETF","4658263760","NYLI CLEANER TRANSPORT ETF","","","","USD","UNITED STATES DOLLAR","ILS","NEW ISRAELI SHEKEL","10","BRU","09/17/25","","","","","","","","","","","","","","","","","","","","","","","","0","","","","","","0.000000","","0.000000","0.000000","","0.000000","","","","","","","","","","","","","0.300960","","","","","","","","","","09/12/25","09/17/25","09/12/25","9:01:27 AM EDT","","","","","","","","","","","","0","0","0","","","","","5829291076","","","","","","","",""
"465826","NYLI CLEANER TRANSPORT ETF","4658269010","NYLI CLEANER TRANSPORT ETF","","","","USD","UNITED STATES DOLLAR","TWD","NEW TAIWAN DOLLAR","11","BRU","09/12/25","","","","","","","","","","","","","","","","","","","","","","","","0","","","","","","0.000000","","0.000000","0.000000","","0.000000","","","","","","","","","","","","","0.033006","","","","","","","","","","09/12/25","09/17/25","09/12/25","9:01:27 AM EDT","","","","","","","","","","","","0","0","0","","","","","5829291076","","","","","","","",""
"465826","NYLI CLEANER TRANSPORT ETF","4658269010","NYLI CLEANER TRANSPORT ETF","","","","USD","UNITED STATES DOLLAR","TWD","NEW TAIWAN DOLLAR","11","BRU","09/15/25","","","","","","","","","","","","","","","","","","","","","","","","0","","","","","","0.000000","","0.000000","0.000000","","0.000000","","","","","","","","","","","","","0.033006","","","","","","","","","","09/12/25","09/17/25","09/12/25","9:01:27 AM EDT","","","","","","","","","","","","0","0","0","","","","","5829291076","","","","","","","",""
"465826","NYLI CLEANER TRANSPORT ETF","4658269010","NYLI CLEANER TRANSPORT ETF","","","","USD","UNITED STATES DOLLAR","TWD","NEW TAIWAN DOLLAR","11","BRU","09/16/25","","","","","","","","","","","","","","","","","","","","","","","","0","","","","","","0.000000","","0.000000","0.000000","","0.000000","","","","","","","","","","","","","0.033006","","","","","","","","","","09/12/25","09/17/25","09/12/25","9:01:27 AM EDT","","","","","","","","","","","","0","0","0","","","","","5829291076","","","","","","","",""
"465826","NYLI CLEANER TRANSPORT ETF","4658269010","NYLI CLEANER TRANSPORT ETF","","","","USD","UNITED STATES DOLLAR","TWD","NEW TAIWAN DOLLAR","11","BRU","09/17/25","","","","","","","","","","","","","","","","","","","","","","","","0","","","","","","0.000000","","0.000000","0.000000","","0.000000","","","","","","","","","","","","","0.033006","","","","","","","","","","09/12/25","09/17/25","09/12/25","9:01:27 AM EDT","","","","","","","","","","","","0","0","0","","","","","5829291076","","","","","","","",""
"465826","NYLI CLEANER TRANSPORT ETF","4658269490","NYLI CLEANER TRANSPORT ETF","","","","USD","UNITED STATES DOLLAR","TRY","NEW TURKISH LIRA","10","BRU","09/12/25","","","","","","","","","","","","","","","","","","","","","","","","0","","","","","","0.000000","","0.000000","0.000000","","0.000000","","","","","","","","","","","","","0.024217","","","","","","","","","","09/12/25","09/17/25","09/12/25","9:01:27 AM EDT","","","","","","","","","","","","0","0","0","","","","","5829291076","","","","","","","",""
"465826","NYLI CLEANER TRANSPORT ETF","4658269490","NYLI CLEANER TRANSPORT ETF","","","","USD","UNITED STATES DOLLAR","TRY","NEW TURKISH LIRA","10","BRU","09/15/25","","","","","","","","","","","","","","","","","","","","","","","","0","","","","","","0.000000","","0.000000","0.000000","","0.000000","","","","","","","","","","","","","0.024217","","","","","","","","","","09/12/25","09/17/25","09/12/25","9:01:27 AM EDT","","","","","","","","","","","","0","0","0","","","","","5829291076","","","","","","","",""
"465826","NYLI CLEANER TRANSPORT ETF","4658269490","NYLI CLEANER TRANSPORT ETF","","","","USD","UNITED STATES DOLLAR","TRY","NEW TURKISH LIRA","10","BRU","09/16/25","","","","","","","","","","","","","","","","","","","","","","","","0","","","","","","0.000000","","0.000000","0.000000","","0.000000","","","","","","","","","","","","","0.024217","","","","","","","","","","09/12/25","09/17/25","09/12/25","9:01:27 AM EDT","","","","","","","","","","","","0","0","0","","","","","5829291076","","","","","","","",""
"465826","NYLI CLEANER TRANSPORT ETF","4658269490","NYLI CLEANER TRANSPORT ETF","","","","USD","UNITED STATES DOLLAR","TRY","NEW TURKISH LIRA","10","BRU","09/17/25","","","","","","","","","","","","","","","","","","","","","","","","0","","","","","","0.000000","","0.000000","0.000000","","0.000000","","","","","","","","","","","","","0.024217","","","","","","","","","","09/12/25","09/17/25","09/12/25","9:01:27 AM EDT","","","","","","","","","","","","0","0","0","","","","","5829291076","","","","","","","",""
"465826","NYLI CLEANER TRANSPORT ETF","4658265540","NYLI CLEANER TRANSPORT ETF","","","","USD","UNITED STATES DOLLAR","NZD","NEW ZEALAND DOLLAR","11","BRU","09/12/25","","","","","","","","","","","","","","","","","","","","","","","","0","","","","","","0.000000","","0.000000","0.000000","","0.000000","","","","","","","","","","","","","0.596250","","","","","","","","","","09/12/25","09/17/25","09/12/25","9:01:27 AM EDT","","","","","","","","","","","","0","0","0","","","","","5829291076","","","","","","","",""
"465826","NYLI CLEANER TRANSPORT ETF","4658265540","NYLI CLEANER TRANSPORT ETF","","","","USD","UNITED STATES DOLLAR","NZD","NEW ZEALAND DOLLAR","11","BRU","09/15/25","","","","","","","","","","","","","","","","","","","","","","","","0","","","","","","0.000000","","0.000000","0.000000","","0.000000","","","","","","","","","","","","","0.596250","","","","","","","","","","09/12/25","09/17/25","09/12/25","9:01:27 AM EDT","","","","","","","","","","","","0","0","0","","","","","5829291076","","","","","","","",""
"465826","NYLI CLEANER TRANSPORT ETF","4658265540","NYLI CLEANER TRANSPORT ETF","","","","USD","UNITED STATES DOLLAR","NZD","NEW ZEALAND DOLLAR","11","BRU","09/16/25","","","","","","","","","","","","","","","","","","","","","","","","0","","","","","","0.000000","","0.000000","0.000000","","0.000000","","","","","","","","","","","","","0.596250","","","","","","","","","","09/12/25","09/17/25","09/12/25","9:01:27 AM EDT","","","","","","","","","","","","0","0","0","","","","","5829291076","","","","","","","",""
"465826","NYLI CLEANER TRANSPORT ETF","4658265540","NYLI CLEANER TRANSPORT ETF","","","","USD","UNITED STATES DOLLAR","NZD","NEW ZEALAND DOLLAR","11","BRU","09/17/25","","","","","","","","","","","","","","","","","","","","","","","","0","","","","","","0.000000","","0.000000","0.000000","","0.000000","","","","","","","","","","","","","0.596250","","","","","","","","","","09/12/25","09/17/25","09/12/25","9:01:27 AM EDT","","","","","","","","","","","","0","0","0","","","","","5829291076","","","","","","","",""
"465826","NYLI CLEANER TRANSPORT ETF","4658265780","NYLI CLEANER TRANSPORT ETF","","","","USD","UNITED STATES DOLLAR","NOK","NORWEGIAN KRONE","10","BRU","09/12/25","","","","","","","","","","","","","","","","","","","","","","","","0","","","","","","0.000000","","0.000000","0.000000","","0.000000","","","","","","","","","","","","","0.101207","","","","","","","","","","09/12/25","09/17/25","09/12/25","9:01:27 AM EDT","","","","","","","","","","","","0","0","0","","","","","5829291076","","","","","","","",""
"465826","NYLI CLEANER TRANSPORT ETF","4658265780","NYLI CLEANER TRANSPORT ETF","","","","USD","UNITED STATES DOLLAR","NOK","NORWEGIAN KRONE","10","BRU","09/15/25","","","","","","","","","","","","","","","","","","","","","","","","0","","","","","","0.000000","","0.000000","0.000000","","0.000000","","","","","","","","","","","","","0.101207","","","","","","","","","","09/12/25","09/17/25","09/12/25","9:01:27 AM EDT","","","","","","","","","","","","0","0","0","","","","","5829291076","","","","","","","",""
"465826","NYLI CLEANER TRANSPORT ETF","4658265780","NYLI CLEANER TRANSPORT ETF","","","","USD","UNITED STATES DOLLAR","NOK","NORWEGIAN KRONE","10","BRU","09/16/25","","","","","","","","","","","","","","","","","","","","","","","","0","","","","","","0.000000","","0.000000","0.000000","","0.000000","","","","","","","","","","","","","0.101207","","","","","","","","","","09/12/25","09/17/25","09/12/25","9:01:27 AM EDT","","","","","","","","","","","","0","0","0","","","","","5829291076","","","","","","","",""
"465826","NYLI CLEANER TRANSPORT ETF","4658265780","NYLI CLEANER TRANSPORT ETF","","","","USD","UNITED STATES DOLLAR","NOK","NORWEGIAN KRONE","10","BRU","09/17/25","","","","","","","","","","","","","","","","","","","","","","","","0","","","","","","0.000000","","0.000000","0.000000","","0.000000","","","","","","","","","","","","","0.101207","","","","","","","","","","09/12/25","09/17/25","09/12/25","9:01:27 AM EDT","","","","","","","","","","","","0","0","0","","","","","5829291076","","","","","","","",""
"465826","NYLI CLEANER TRANSPORT ETF","4658266040","NYLI CLEANER TRANSPORT ETF","","","","USD","UNITED STATES DOLLAR","PEN","PERUVIAN NUEVO SOL","10","BRU","09/12/25","","","","","","","","","","","","","","","","","","","","","","","","0","","","","","","0.000000","","0.000000","0.000000","","0.000000","","","","","","","","","","","","","0.288064","","","","","","","","","","09/12/25","09/17/25","09/12/25","9:01:27 AM EDT","","","","","","","","","","","","0","0","0","","","","","5829291076","","","","","","","",""
"465826","NYLI CLEANER TRANSPORT ETF","4658266040","NYLI CLEANER TRANSPORT ETF","","","","USD","UNITED STATES DOLLAR","PEN","PERUVIAN NUEVO SOL","10","BRU","09/15/25","","","","","","","","","","","","","","","","","","","","","","","","0","","","","","","0.000000","","0.000000","0.000000","","0.000000","","","","","","","","","","","","","0.288064","","","","","","","","","","09/12/25","09/17/25","09/12/25","9:01:27 AM EDT","","","","","","","","","","","","0","0","0","","","","","5829291076","","","","","","","",""
"465826","NYLI CLEANER TRANSPORT ETF","4658266040","NYLI CLEANER TRANSPORT ETF","","","","USD","UNITED STATES DOLLAR","PEN","PERUVIAN NUEVO SOL","10","BRU","09/16/25","","","","","","","","","","","","","","","","","","","","","","","","0","","","","","","0.000000","","0.000000","0.000000","","0.000000","","","","","","","","","","","","","0.288064","","","","","","","","","","09/12/25","09/17/25","09/12/25","9:01:27 AM EDT","","","","","","","","","","","","0","0","0","","","","","5829291076","","","","","","","",""
"465826","NYLI CLEANER TRANSPORT ETF","4658266040","NYLI CLEANER TRANSPORT ETF","","","","USD","UNITED STATES DOLLAR","PEN","PERUVIAN NUEVO SOL","10","BRU","09/17/25","","","","","","","","","","","","","","","","","","","","","","","","0","","","","","","0.000000","","0.000000","0.000000","","0.000000","","","","","","","","","","","","","0.288064","","","","","","","","","","09/12/25","09/17/25","09/12/25","9:01:27 AM EDT","","","","","","","","","","","","0","0","0","","","","","5829291076","","","","","","","",""
"465826","NYLI CLEANER TRANSPORT ETF","4658266080","NYLI CLEANER TRANSPORT ETF","","","","USD","UNITED STATES DOLLAR","PHP","PHILIPPINE PESO","11","BRU","09/12/25","","","","","","","","","","","","","","","","","","","","","","","","0","","","","","","0.000000","","0.000000","0.000000","","0.000000","","","","","","","","","","","","","0.017487","","","","","","","","","","09/12/25","09/17/25","09/12/25","9:01:27 AM EDT","","","","","","","","","","","","0","0","0","","","","","5829291076","","","","","","","",""
"465826","NYLI CLEANER TRANSPORT ETF","4658266080","NYLI CLEANER TRANSPORT ETF","","","","USD","UNITED STATES DOLLAR","PHP","PHILIPPINE PESO","11","BRU","09/15/25","","","","","","","","","","","","","","","","","","","","","","","","0","","","","","","0.000000","","0.000000","0.000000","","0.000000","","","","","","","","","","","","","0.017487","","","","","","","","","","09/12/25","09/17/25","09/12/25","9:01:27 AM EDT","","","","","","","","","","","","0","0","0","","","","","5829291076","","","","","","","",""
"465826","NYLI CLEANER TRANSPORT ETF","4658266080","NYLI CLEANER TRANSPORT ETF","","","","USD","UNITED STATES DOLLAR","PHP","PHILIPPINE PESO","11","BRU","09/16/25","","","","","","","","","","","","","","","","","","","","","","","","0","","","","","","0.000000","","0.000000","0.000000","","0.000000","","","","","","","","","","","","","0.017487","","","","","","","","","","09/12/25","09/17/25","09/12/25","9:01:27 AM EDT","","","","","","","","","","","","0","0","0","","","","","5829291076","","","","","","","",""
"465826","NYLI CLEANER TRANSPORT ETF","4658266080","NYLI CLEANER TRANSPORT ETF","","","","USD","UNITED STATES DOLLAR","PHP","PHILIPPINE PESO","11","BRU","09/17/25","","","","","","","","","","","","","","","","","","","","","","","","0","","","","","","0.000000","","0.000000","0.000000","","0.000000","","","","","","","","","","","","","0.017487","","","","","","","","","","09/12/25","09/17/25","09/12/25","9:01:27 AM EDT","","","","","","","","","","","","0","0","0","","","","","5829291076","","","","","","","",""
"465826","NYLI CLEANER TRANSPORT ETF","4658269850","NYLI CLEANER TRANSPORT ETF","","","","USD","UNITED STATES DOLLAR","PLN","POLISH ZLOTY","10","BRU","09/12/25","","","","","","","","","","","","","","","","","","","","","","","","0","","","","","","0.000000","","0.000000","0.000000","","0.000000","","","","","","","","","","","","","0.275596","","","","","","","","","","09/12/25","09/17/25","09/12/25","9:01:27 AM EDT","","","","","","","","","","","","0","0","0","","","","","5829291076","","","","","","","",""
"465826","NYLI CLEANER TRANSPORT ETF","4658269850","NYLI CLEANER TRANSPORT ETF","","","","USD","UNITED STATES DOLLAR","PLN","POLISH ZLOTY","10","BRU","09/15/25","","","","","","","","","","","","","","","","","","","","","","","","0","","","","","","0.000000","","0.000000","0.000000","","0.000000","","","","","","","","","","","","","0.275596","","","","","","","","","","09/12/25","09/17/25","09/12/25","9:01:27 AM EDT","","","","","","","","","","","","0","0","0","","","","","5829291076","","","","","","","",""
"465826","NYLI CLEANER TRANSPORT ETF","4658269850","NYLI CLEANER TRANSPORT ETF","","","","USD","UNITED STATES DOLLAR","PLN","POLISH ZLOTY","10","BRU","09/16/25","","","","","","","","","","","","","","","","","","","","","","","","0","","","","","","0.000000","","0.000000","0.000000","","0.000000","","","","","","","","","","","","","0.275596","","","","","","","","","","09/12/25","09/17/25","09/12/25","9:01:27 AM EDT","","","","","","","","","","","","0","0","0","","","","","5829291076","","","","","","","",""
"465826","NYLI CLEANER TRANSPORT ETF","4658269850","NYLI CLEANER TRANSPORT ETF","","","","USD","UNITED STATES DOLLAR","PLN","POLISH ZLOTY","10","BRU","09/17/25","","","","","","","","","","","","","","","","","","","","","","","","0","","","","","","0.000000","","0.000000","0.000000","","0.000000","","","","","","","","","","","","","0.275596","","","","","","","","","","09/12/25","09/17/25","09/12/25","9:01:27 AM EDT","","","","","","","","","","","","0","0","0","","","","","5829291076","","","","","","","",""
"465826","NYLI CLEANER TRANSPORT ETF","4658268260","NYLI CLEANER TRANSPORT ETF","","","","USD","UNITED STATES DOLLAR","GBP","POUND STERLING","10","BRU","09/12/25","","","","","","","","","","","","","","","","","","","","","","","","0","","","","","","0.000000","","0.000000","0.000000","","0.000000","","","","","","","","","","","","","1.355850","","","","","","","","","","09/12/25","09/17/25","09/12/25","9:01:27 AM EDT","","","","","","","","","","","","0","0","0","","","","","5829291076","","","","","","","",""
"465826","NYLI CLEANER TRANSPORT ETF","4658268260","NYLI CLEANER TRANSPORT ETF","","","","USD","UNITED STATES DOLLAR","GBP","POUND STERLING","10","BRU","09/15/25","","","","","","","","","","","","","","","","","","","","","","","","0","","","","","","0.000000","","0.000000","0.000000","","0.000000","","","","","","","","","","","","","1.355850","","","","","","","","","","09/12/25","09/17/25","09/12/25","9:01:27 AM EDT","","","","","","","","","","","","0","0","0","","","","","5829291076","","","","","","","",""
"465826","NYLI CLEANER TRANSPORT ETF","4658268260","NYLI CLEANER TRANSPORT ETF","","","","USD","UNITED STATES DOLLAR","GBP","POUND STERLING","10","BRU","09/16/25","","","","","","","","","","","","","","","","","","","","","","","","0","","","","","","0.000000","","0.000000","0.000000","","0.000000","","","","","","","","","","","","","1.355850","","","","","","","","","","09/12/25","09/17/25","09/12/25","9:01:27 AM EDT","","","","","","","","","","","","0","0","0","","","","","5829291076","","","","","","","",""
"465826","NYLI CLEANER TRANSPORT ETF","4658268260","NYLI CLEANER TRANSPORT ETF","","","","USD","UNITED STATES DOLLAR","GBP","POUND STERLING","10","BRU","09/17/25","","","","","","","","","","","","","","","","","","","","","","","","0","","","","","","0.000000","","0.000000","0.000000","","0.000000","","","","","","","","","","","","","1.355850","","","","","","","","","","09/12/25","09/17/25","09/12/25","9:01:27 AM EDT","","","","","","","","","","","","0","0","0","","","","","5829291076","","","","","","","",""
"465826","NYLI CLEANER TRANSPORT ETF","4658260020","NYLI CLEANER TRANSPORT ETF","","","","USD","UNITED STATES DOLLAR","RUB","RUSSIAN RUBLE","10","BRU","09/12/25","","","","","","","","","","","","","","","","","","","","","","","","0","","","","","","0.000000","","0.000000","0.000000","","0.000000","","","","","","","","","","","","","0.011796","","","","","","","","","","09/12/25","09/17/25","09/12/25","9:01:27 AM EDT","","","","","","","","","","","","0","0","0","","","","","5829291076","","","","","","","",""
"465826","NYLI CLEANER TRANSPORT ETF","4658260020","NYLI CLEANER TRANSPORT ETF","","","","USD","UNITED STATES DOLLAR","RUB","RUSSIAN RUBLE","10","BRU","09/15/25","","","","","","","","","","","","","","","","","","","","","","","","0","","","","","","0.000000","","0.000000","0.000000","","0.000000","","","","","","","","","","","","","0.011796","","","","","","","","","","09/12/25","09/17/25","09/12/25","9:01:27 AM EDT","","","","","","","","","","","","0","0","0","","","","","5829291076","","","","","","","",""
"465826","NYLI CLEANER TRANSPORT ETF","4658260020","NYLI CLEANER TRANSPORT ETF","","","","USD","UNITED STATES DOLLAR","RUB","RUSSIAN RUBLE","10","BRU","09/16/25","","","","","","","","","","","","","","","","","","","","","","","","0","","","","","","0.000000","","0.000000","0.000000","","0.000000","","","","","","","","","","","","","0.011796","","","","","","","","","","09/12/25","09/17/25","09/12/25","9:01:27 AM EDT","","","","","","","","","","","","0","0","0","","","","","5829291076","","","","","","","",""
"465826","NYLI CLEANER TRANSPORT ETF","4658260020","NYLI CLEANER TRANSPORT ETF","","","","USD","UNITED STATES DOLLAR","RUB","RUSSIAN RUBLE","10","BRU","09/17/25","","","","","","","","","","","","","","","","","","","","","","","","0","","","","","","0.000000","","0.000000","0.000000","","0.000000","","","","","","","","","","","","","0.011796","","","","","","","","","","09/12/25","09/17/25","09/12/25","9:01:27 AM EDT","","","","","","","","","","","","0","0","0","","","","","5829291076","","","","","","","",""
"465826","NYLI CLEANER TRANSPORT ETF","4658267020","NYLI CLEANER TRANSPORT ETF","","","","USD","UNITED STATES DOLLAR","SGD","SINGAPORE DOLLAR","11","BRU","09/12/25","","","","","","","","","","","","","","","","","","","","","","","","0","","","","","","0.000000","","0.000000","0.000000","","0.000000","","","","","","","","","","","","","0.779970","","","","","","","","","","09/12/25","09/17/25","09/12/25","9:01:27 AM EDT","","","","","","","","","","","","0","0","0","","","","","5829291076","","","","","","","",""
"465826","NYLI CLEANER TRANSPORT ETF","4658267020","NYLI CLEANER TRANSPORT ETF","","","","USD","UNITED STATES DOLLAR","SGD","SINGAPORE DOLLAR","11","BRU","09/15/25","","","","","","","","","","","","","","","","","","","","","","","","0","","","","","","0.000000","","0.000000","0.000000","","0.000000","","","","","","","","","","","","","0.779970","","","","","","","","","","09/12/25","09/17/25","09/12/25","9:01:27 AM EDT","","","","","","","","","","","","0","0","0","","","","","5829291076","","","","","","","",""
"465826","NYLI CLEANER TRANSPORT ETF","4658267020","NYLI CLEANER TRANSPORT ETF","","","","USD","UNITED STATES DOLLAR","SGD","SINGAPORE DOLLAR","11","BRU","09/16/25","","","","","","","","","","","","","","","","","","","","","","","","0","","","","","","0.000000","","0.000000","0.000000","","0.000000","","","","","","","","","","","","","0.779970","","","","","","","","","","09/12/25","09/17/25","09/12/25","9:01:27 AM EDT","","","","","","","","","","","","0","0","0","","","","","5829291076","","","","","","","",""
"465826","NYLI CLEANER TRANSPORT ETF","4658267020","NYLI CLEANER TRANSPORT ETF","","","","USD","UNITED STATES DOLLAR","SGD","SINGAPORE DOLLAR","11","BRU","09/17/25","","","","","","","","","","","","","","","","","","","","","","","","0","","","","","","0.000000","","0.000000","0.000000","","0.000000","","","","","","","","","","","","","0.779970","","","","","","","","","","09/12/25","09/17/25","09/12/25","9:01:27 AM EDT","","","","","","","","","","","","0","0","0","","","","","5829291076","","","","","","","",""
"465826","NYLI CLEANER TRANSPORT ETF","4658267100","NYLI CLEANER TRANSPORT ETF","","","","USD","UNITED STATES DOLLAR","ZAR","SOUTH AFRICAN RAND","10","BRU","09/12/25","","","","","","","","","","","","","","","","","","","","","","","","0","","","","","","0.000000","","0.000000","0.000000","","0.000000","","","","","","","","","","","","","0.057401","","","","","","","","","","09/12/25","09/17/25","09/12/25","9:01:27 AM EDT","","","","","","","","","","","","0","0","0","","","","","5829291076","","","","","","","",""
"465826","NYLI CLEANER TRANSPORT ETF","4658267100","NYLI CLEANER TRANSPORT ETF","","","","USD","UNITED STATES DOLLAR","ZAR","SOUTH AFRICAN RAND","10","BRU","09/15/25","","","","","","","","","","","","","","","","","","","","","","","","0","","","","","","0.000000","","0.000000","0.000000","","0.000000","","","","","","","","","","","","","0.057401","","","","","","","","","","09/12/25","09/17/25","09/12/25","9:01:27 AM EDT","","","","","","","","","","","","0","0","0","","","","","5829291076","","","","","","","",""
"465826","NYLI CLEANER TRANSPORT ETF","4658267100","NYLI CLEANER TRANSPORT ETF","","","","USD","UNITED STATES DOLLAR","ZAR","SOUTH AFRICAN RAND","10","BRU","09/16/25","","","","","","","","","","","","","","","","","","","","","","","","0","","","","","","0.000000","","0.000000","0.000000","","0.000000","","","","","","","","","","","","","0.057401","","","","","","","","","","09/12/25","09/17/25","09/12/25","9:01:27 AM EDT","","","","","","","","","","","","0","0","0","","","","","5829291076","","","","","","","",""
"465826","NYLI CLEANER TRANSPORT ETF","4658267100","NYLI CLEANER TRANSPORT ETF","","","","USD","UNITED STATES DOLLAR","ZAR","SOUTH AFRICAN RAND","10","BRU","09/17/25","","","","","","","","","","","","","","","","","","","","","","","","0","","","","","","0.000000","","0.000000","0.000000","","0.000000","","","","","","","","","","","","","0.057401","","","","","","","","","","09/12/25","09/17/25","09/12/25","9:01:27 AM EDT","","","","","","","","","","","","0","0","0","","","","","5829291076","","","","","","","",""
"465826","NYLI CLEANER TRANSPORT ETF","4658264100","NYLI CLEANER TRANSPORT ETF","","","","USD","UNITED STATES DOLLAR","KRW","SOUTH KOREAN WON","11","BRU","09/12/25","","","","","","","","","","","","","","","","","","","","","","","","0","","","","","","0.000000","","0.000000","0.000000","","0.000000","","","","","","","","","","","","","0.000718","","","","","","","","","","09/12/25","09/17/25","09/12/25","9:01:27 AM EDT","","","","","","","","","","","","0","0","0","","","","","5829291076","","","","","","","",""
"465826","NYLI CLEANER TRANSPORT ETF","4658264100","NYLI CLEANER TRANSPORT ETF","","","","USD","UNITED STATES DOLLAR","KRW","SOUTH KOREAN WON","11","BRU","09/15/25","","","","","","","","","","","","","","","","","","","","","","","","0","","","","","","0.000000","","0.000000","0.000000","","0.000000","","","","","","","","","","","","","0.000718","","","","","","","","","","09/12/25","09/17/25","09/12/25","9:01:27 AM EDT","","","","","","","","","","","","0","0","0","","","","","5829291076","","","","","","","",""
"465826","NYLI CLEANER TRANSPORT ETF","4658264100","NYLI CLEANER TRANSPORT ETF","","","","USD","UNITED STATES DOLLAR","KRW","SOUTH KOREAN WON","11","BRU","09/16/25","","","","","","","","","","","","","","","","","","","","","","","","0","","","","","","0.000000","","0.000000","0.000000","","0.000000","","","","","","","","","","","","","0.000718","","","","","","","","","","09/12/25","09/17/25","09/12/25","9:01:27 AM EDT","","","","","","","","","","","","0","0","0","","","","","5829291076","","","","","","","",""
"465826","NYLI CLEANER TRANSPORT ETF","4658264100","NYLI CLEANER TRANSPORT ETF","","","","USD","UNITED STATES DOLLAR","KRW","SOUTH KOREAN WON","11","BRU","09/17/25","","","","","","","","","","","","","","","","","","","","","","","","0","","","","","","0.000000","","0.000000","0.000000","","0.000000","","","","","","","","","","","","","0.000718","","","","","","","","","","09/12/25","09/17/25","09/12/25","9:01:27 AM EDT","","","","","","","","","","","","0","0","0","","","","","5829291076","","","","","","","",""
"465826","NYLI CLEANER TRANSPORT ETF","4658267520","NYLI CLEANER TRANSPORT ETF","","","","USD","UNITED STATES DOLLAR","SEK","SWEDISH KRONA","10","BRU","09/12/25","","","","","","","","","","","","","","","","","","","","","","","","0","","","","","","0.000000","","0.000000","0.000000","","0.000000","","","","","","","","","","","","","0.107252","","","","","","","","","","09/12/25","09/17/25","09/12/25","9:01:27 AM EDT","","","","","","","","","","","","0","0","0","","","","","5829291076","","","","","","","",""
"465826","NYLI CLEANER TRANSPORT ETF","4658267520","NYLI CLEANER TRANSPORT ETF","","","","USD","UNITED STATES DOLLAR","SEK","SWEDISH KRONA","10","BRU","09/15/25","","","","","","","","","","","","","","","","","","","","","","","","0","","","","","","0.000000","","0.000000","0.000000","","0.000000","","","","","","","","","","","","","0.107252","","","","","","","","","","09/12/25","09/17/25","09/12/25","9:01:27 AM EDT","","","","","","","","","","","","0","0","0","","","","","5829291076","","","","","","","",""
"465826","NYLI CLEANER TRANSPORT ETF","4658267520","NYLI CLEANER TRANSPORT ETF","","","","USD","UNITED STATES DOLLAR","SEK","SWEDISH KRONA","10","BRU","09/16/25","","","","","","","","","","","","","","","","","","","","","","","","0","","","","","","0.000000","","0.000000","0.000000","","0.000000","","","","","","","","","","","","","0.107252","","","","","","","","","","09/12/25","09/17/25","09/12/25","9:01:27 AM EDT","","","","","","","","","","","","0","0","0","","","","","5829291076","","","","","","","",""
"465826","NYLI CLEANER TRANSPORT ETF","4658267520","NYLI CLEANER TRANSPORT ETF","","","","USD","UNITED STATES DOLLAR","SEK","SWEDISH KRONA","10","BRU","09/17/25","","","","","","","","","","","","","","","","","","","","","","","","0","","","","","","0.000000","","0.000000","0.000000","","0.000000","","","","","","","","","","","","","0.107252","","","","","","","","","","09/12/25","09/17/25","09/12/25","9:01:27 AM EDT","","","","","","","","","","","","0","0","0","","","","","5829291076","","","","","","","",""
"465826","NYLI CLEANER TRANSPORT ETF","4658267560","NYLI CLEANER TRANSPORT ETF","","","","USD","UNITED STATES DOLLAR","CHF","SWISS FRANC","10","BRU","09/12/25","","","","","","","","","","","","","","","","","","","","","","","","0","","","","","","0.000000","","0.000000","0.000000","","0.000000","","","","","","","","","","","","","1.256360","","","","","","","","","","09/12/25","09/17/25","09/12/25","9:01:27 AM EDT","","","","","","","","","","","","0","0","0","","","","","5829291076","","","","","","","",""
"465826","NYLI CLEANER TRANSPORT ETF","4658267560","NYLI CLEANER TRANSPORT ETF","","","","USD","UNITED STATES DOLLAR","CHF","SWISS FRANC","10","BRU","09/15/25","","","","","","","","","","","","","","","","","","","","","","","","0","","","","","","0.000000","","0.000000","0.000000","","0.000000","","","","","","","","","","","","","1.256360","","","","","","","","","","09/12/25","09/17/25","09/12/25","9:01:27 AM EDT","","","","","","","","","","","","0","0","0","","","","","5829291076","","","","","","","",""
"465826","NYLI CLEANER TRANSPORT ETF","4658267560","NYLI CLEANER TRANSPORT ETF","","","","USD","UNITED STATES DOLLAR","CHF","SWISS FRANC","10","BRU","09/16/25","","","","","","","","","","","","","","","","","","","","","","","","0","","","","","","0.000000","","0.000000","0.000000","","0.000000","","","","","","","","","","","","","1.256360","","","","","","","","","","09/12/25","09/17/25","09/12/25","9:01:27 AM EDT","","","","","","","","","","","","0","0","0","","","","","5829291076","","","","","","","",""
"465826","NYLI CLEANER TRANSPORT ETF","4658267560","NYLI CLEANER TRANSPORT ETF","","","","USD","UNITED STATES DOLLAR","CHF","SWISS FRANC","10","BRU","09/17/25","","","","","","","","","","","","","","","","","","","","","","","","0","","","","","","0.000000","","0.000000","0.000000","","0.000000","","","","","","","","","","","","","1.256360","","","","","","","","","","09/12/25","09/17/25","09/12/25","9:01:27 AM EDT","","","","","","","","","","","","0","0","0","","","","","5829291076","","","","","","","",""
"465826","NYLI CLEANER TRANSPORT ETF","4658267640","NYLI CLEANER TRANSPORT ETF","","","","USD","UNITED STATES DOLLAR","THB","THAILAND BAHT","11","BRU","09/12/25","","","","","","","","","","","","","","","","","","","","","","","","0","","","","","","0.000000","","0.000000","0.000000","","0.000000","","","","","","","","","","","","","0.031397","","","","","","","","","","09/12/25","09/17/25","09/12/25","9:01:27 AM EDT","","","","","","","","","","","","0","0","0","","","","","5829291076","","","","","","","",""
"465826","NYLI CLEANER TRANSPORT ETF","4658267640","NYLI CLEANER TRANSPORT ETF","","","","USD","UNITED STATES DOLLAR","THB","THAILAND BAHT","11","BRU","09/15/25","","","","","","","","","","","","","","","","","","","","","","","","0","","","","","","0.000000","","0.000000","0.000000","","0.000000","","","","","","","","","","","","","0.031397","","","","","","","","","","09/12/25","09/17/25","09/12/25","9:01:27 AM EDT","","","","","","","","","","","","0","0","0","","","","","5829291076","","","","","","","",""
"465826","NYLI CLEANER TRANSPORT ETF","4658267640","NYLI CLEANER TRANSPORT ETF","","","","USD","UNITED STATES DOLLAR","THB","THAILAND BAHT","11","BRU","09/16/25","","","","","","","","","","","","","","","","","","","","","","","","0","","","","","","0.000000","","0.000000","0.000000","","0.000000","","","","","","","","","","","","","0.031397","","","","","","","","","","09/12/25","09/17/25","09/12/25","9:01:27 AM EDT","","","","","","","","","","","","0","0","0","","","","","5829291076","","","","","","","",""
"465826","NYLI CLEANER TRANSPORT ETF","4658267640","NYLI CLEANER TRANSPORT ETF","","","","USD","UNITED STATES DOLLAR","THB","THAILAND BAHT","11","BRU","09/17/25","","","","","","","","","","","","","","","","","","","","","","","","0","","","","","","0.000000","","0.000000","0.000000","","0.000000","","","","","","","","","","","","","0.031397","","","","","","","","","","09/12/25","09/17/25","09/12/25","9:01:27 AM EDT","","","","","","","","","","","","0","0","0","","","","","5829291076","","","","","","","",""
"465826","NYLI CLEANER TRANSPORT ETF","4658267646","NYLI CLEANER TRANSPORT ETF","","","","USD","UNITED STATES DOLLAR","THB","THAILAND BAHT","11","BRU","09/12/25","","","","","","","","","","","","","","","","","","","","","","","","0","","","","","","0.000000","","0.000000","0.000000","","0.000000","","","","","","","","","","","","","0.031397","","","","","","","","","","09/12/25","09/17/25","09/12/25","9:01:27 AM EDT","","","","","","","","","","","","0","0","0","","","","","5829291076","","","","","","","",""
"465826","NYLI CLEANER TRANSPORT ETF","4658267646","NYLI CLEANER TRANSPORT ETF","","","","USD","UNITED STATES DOLLAR","THB","THAILAND BAHT","11","BRU","09/15/25","","","","","","","","","","","","","","","","","","","","","","","","0","","","","","","0.000000","","0.000000","0.000000","","0.000000","","","","","","","","","","","","","0.031397","","","","","","","","","","09/12/25","09/17/25","09/12/25","9:01:27 AM EDT","","","","","","","","","","","","0","0","0","","","","","5829291076","","","","","","","",""
"465826","NYLI CLEANER TRANSPORT ETF","4658267646","NYLI CLEANER TRANSPORT ETF","","","","USD","UNITED STATES DOLLAR","THB","THAILAND BAHT","11","BRU","09/16/25","","","","","","","","","","","","","","","","","","","","","","","","0","","","","","","0.000000","","0.000000","0.000000","","0.000000","","","","","","","","","","","","","0.031397","","","","","","","","","","09/12/25","09/17/25","09/12/25","9:01:27 AM EDT","","","","","","","","","","","","0","0","0","","","","","5829291076","","","","","","","",""
"465826","NYLI CLEANER TRANSPORT ETF","4658267646","NYLI CLEANER TRANSPORT ETF","","","","USD","UNITED STATES DOLLAR","THB","THAILAND BAHT","11","BRU","09/17/25","","","","","","","","","","","","","","","","","","","","","","","","0","","","","","","0.000000","","0.000000","0.000000","","0.000000","","","","","","","","","","","","","0.031397","","","","","","","","","","09/12/25","09/17/25","09/12/25","9:01:27 AM EDT","","","","","","","","","","","","0","0","0","","","","","5829291076","","","","","","","",""
"465826","NYLI CLEANER TRANSPORT ETF","4658268400","NYLI CLEANER TRANSPORT ETF","","","","USD","UNITED STATES DOLLAR","USD","UNITED STATES DOLLAR","31","NYG","09/12/25","","","","","","","","","","","","","","","","","","","","","","","","0","","","","","","0.000000","","0.000000","0.000000","","0.000000","","","","","","","","","","","","","1.000000","","","","","","","","","","09/12/25","09/17/25","09/12/25","9:01:27 AM EDT","","","","","","","","","","","","0","0","0","","","","","5829291076","","","","","","","",""
"465826","NYLI CLEANER TRANSPORT ETF","4658268400","NYLI CLEANER TRANSPORT ETF","X9X9USDDIRM7","","","USD","UNITED STATES DOLLAR","USD","UNITED STATES DOLLAR","31","NYG","09/12/25","","","","","","","","","","","","","","","","","","","","","","","","0","","","","","","0.000000","","0.000000","0.000000","","0.000000","","","","","","","","","","","","","1.000000","","","X9X9USDDIRM7","","","","","","","09/12/25","09/17/25","09/12/25","9:01:27 AM EDT","","","","","","","","","","","","0","0","0","","","","","5829291076","","","","","","","",""
"465826","NYLI CLEANER TRANSPORT ETF","4658268400","NYLI CLEANER TRANSPORT ETF","","","","USD","UNITED STATES DOLLAR","USD","UNITED STATES DOLLAR","31","NYG","09/15/25","","","","","","","","","","","","","","","","","","","","","","","","0","","","","","","0.000000","","0.000000","0.000000","","0.000000","","","","","","","","","","","","","1.000000","","","","","","","","","","09/12/25","09/17/25","09/12/25","9:01:27 AM EDT","","","","","","","","","","","","0","0","0","","","","","5829291076","","","","","","","",""
"465826","NYLI CLEANER TRANSPORT ETF","4658268400","NYLI CLEANER TRANSPORT ETF","","","","USD","UNITED STATES DOLLAR","USD","UNITED STATES DOLLAR","31","NYG","09/16/25","","","","","","","","","","","","","","","","","","","","","","","","0","","","","","","0.000000","","0.000000","0.000000","","0.000000","","","","","","","","","","","","","1.000000","","","","","","","","","","09/12/25","09/17/25","09/12/25","9:01:27 AM EDT","","","","","","","","","","","","0","0","0","","","","","5829291076","","","","","","","",""
"465826","NYLI CLEANER TRANSPORT ETF","4658268400","NYLI CLEANER TRANSPORT ETF","","","","USD","UNITED STATES DOLLAR","USD","UNITED STATES DOLLAR","31","NYG","09/17/25","","","","","","","","","","","","","","","","","","","","","","","","0","","","","","","0.000000","","0.000000","0.000000","","0.000000","","","","","","","","","","","","","1.000000","","","","","","","","","","09/12/25","09/17/25","09/12/25","9:01:27 AM EDT","","","","","","","","","","","","0","0","0","","","","","5829291076","","","","","","","",""
"465852","NYLI CLEAN OCEANS ETF","4658520320","NYLI CLEAN OCEANS ETF","","","","USD","UNITED STATES DOLLAR","ARS","ARGENTINE PESO","10","BRU","09/12/25","","","","","","","","","","","","","","","","","","","","","","","","0","","","","","","0.000000","","0.000000","0.000000","","0.000000","","","","","","","","","","","","","0.000700","","","","","","","","","","09/12/25","09/17/25","09/12/25","9:01:27 AM EDT","","","","","","","","","","","","0","0","0","","","","","5829291074","","","","","","","",""
"465852","NYLI CLEAN OCEANS ETF","4658520320","NYLI CLEAN OCEANS ETF","","","","USD","UNITED STATES DOLLAR","ARS","ARGENTINE PESO","10","BRU","09/15/25","","","","","","","","","","","","","","","","","","","","","","","","0","","","","","","0.000000","","0.000000","0.000000","","0.000000","","","","","","","","","","","","","0.000700","","","","","","","","","","09/12/25","09/17/25","09/12/25","9:01:27 AM EDT","","","","","","","","","","","","0","0","0","","","","","5829291074","","","","","","","",""
"465852","NYLI CLEAN OCEANS ETF","4658520320","NYLI CLEAN OCEANS ETF","","","","USD","UNITED STATES DOLLAR","ARS","ARGENTINE PESO","10","BRU","09/16/25","","","","","","","","","","","","","","","","","","","","","","","","0","","","","","","0.000000","","0.000000","0.000000","","0.000000","","","","","","","","","","","","","0.000700","","","","","","","","","","09/12/25","09/17/25","09/12/25","9:01:27 AM EDT","","","","","","","","","","","","0","0","0","","","","","5829291074","","","","","","","",""
"465852","NYLI CLEAN OCEANS ETF","4658520320","NYLI CLEAN OCEANS ETF","","","","USD","UNITED STATES DOLLAR","ARS","ARGENTINE PESO","10","BRU","09/17/25","","","","","","","","","","","","","","","","","","","","","","","","0","","","","","","0.000000","","0.000000","0.000000","","0.000000","","","","","","","","","","","","","0.000700","","","","","","","","","","09/12/25","09/17/25","09/12/25","9:01:27 AM EDT","","","","","","","","","","","","0","0","0","","","","","5829291074","","","","","","","",""
"465852","NYLI CLEAN OCEANS ETF","4658520360","NYLI CLEAN OCEANS ETF","","","","USD","UNITED STATES DOLLAR","AUD","AUSTRALIAN DOLLAR","11","BRU","09/12/25","","","","","","","","","","","","","","","","","","","","","","","","0","","","","","","0.000000","","0.000000","0.000000","","0.000000","","","","","","","","","","","","","0.664850","","","","","","","","","","09/12/25","09/17/25","09/12/25","9:01:27 AM EDT","","","","","","","","","","","","0","0","0","","","","","5829291074","","","","","","","",""
"465852","NYLI CLEAN OCEANS ETF","4658520360","NYLI CLEAN OCEANS ETF","","","","USD","UNITED STATES DOLLAR","AUD","AUSTRALIAN DOLLAR","11","BRU","09/15/25","","","","","","","","","","","","","","","","","","","","","","","","0","","","","","","0.000000","","0.000000","0.000000","","0.000000","","","","","","","","","","","","","0.664850","","","","","","","","","","09/12/25","09/17/25","09/12/25","9:01:27 AM EDT","","","","","","","","","","","","0","0","0","","","","","5829291074","","","","","","","",""
"465852","NYLI CLEAN OCEANS ETF","4658520360","NYLI CLEAN OCEANS ETF","","","","USD","UNITED STATES DOLLAR","AUD","AUSTRALIAN DOLLAR","11","BRU","09/16/25","","","","","","","","","","","","","","","","","","","","","","","","0","","","","","","0.000000","","0.000000","0.000000","","0.000000","","","","","","","","","","","","","0.664850","","","","","","","","","","09/12/25","09/17/25","09/12/25","9:01:27 AM EDT","","","","","","","","","","","","0","0","0","","","","","5829291074","","","","","","","",""
"465852","NYLI CLEAN OCEANS ETF","4658520360","NYLI CLEAN OCEANS ETF","","","","USD","UNITED STATES DOLLAR","AUD","AUSTRALIAN DOLLAR","11","BRU","09/17/25","","","","","","","","","","","","","","","","","","","","","","","","0","","","","","","0.000000","","0.000000","0.000000","","0.000000","","","","","","","","","","","","","0.664850","","","","","","","","","","09/12/25","09/17/25","09/12/25","9:01:27 AM EDT","","","","","","","","","","","","0","0","0","","","","","5829291074","","","","","","","",""
"465852","NYLI CLEAN OCEANS ETF","4658529860","NYLI CLEAN OCEANS ETF","","","","USD","UNITED STATES DOLLAR","BRL","BRAZILIAN REAL","10","BRU","09/12/25","","","","","","","","","","","","","","","","","","","","","","","","0","","","","","","0.000000","","0.000000","0.000000","","0.000000","","","","","","","","","","","","","0.185820","","","","","","","","","","09/12/25","09/17/25","09/12/25","9:01:27 AM EDT","","","","","","","","","","","","0","0","0","","","","","5829291074","","","","","","","",""
"465852","NYLI CLEAN OCEANS ETF","4658529860","NYLI CLEAN OCEANS ETF","","","","USD","UNITED STATES DOLLAR","BRL","BRAZILIAN REAL","10","BRU","09/15/25","","","","","","","","","","","","","","","","","","","","","","","","0","","","","","","0.000000","","0.000000","0.000000","","0.000000","","","","","","","","","","","","","0.185820","","","","","","","","","","09/12/25","09/17/25","09/12/25","9:01:27 AM EDT","","","","","","","","","","","","0","0","0","","","","","5829291074","","","","","","","",""
"465852","NYLI CLEAN OCEANS ETF","4658529860","NYLI CLEAN OCEANS ETF","","","","USD","UNITED STATES DOLLAR","BRL","BRAZILIAN REAL","10","BRU","09/16/25","","","","","","","","","","","","","","","","","","","","","","","","0","","","","","","0.000000","","0.000000","0.000000","","0.000000","","","","","","","","","","","","","0.185820","","","","","","","","","","09/12/25","09/17/25","09/12/25","9:01:27 AM EDT","","","","","","","","","","","","0","0","0","","","","","5829291074","","","","","","","",""
"465852","NYLI CLEAN OCEANS ETF","4658529860","NYLI CLEAN OCEANS ETF","","","","USD","UNITED STATES DOLLAR","BRL","BRAZILIAN REAL","10","BRU","09/17/25","","","","","","","","","","","","","","","","","","","","","","","","0","","","","","","0.000000","","0.000000","0.000000","","0.000000","","","","","","","","","","","","","0.185820","","","","","","","","","","09/12/25","09/17/25","09/12/25","9:01:27 AM EDT","","","","","","","","","","","","0","0","0","","","","","5829291074","","","","","","","",""
"465852","NYLI CLEAN OCEANS ETF","4658529867","IQ CLEAN OCEANS ETF","","","","USD","UNITED STATES DOLLAR","BRL","BRAZILIAN REAL","10","BRU","09/12/25","","","","","","","","","","","","","","","","","","","","","","","","0","","","","","","0.000000","","0.000000","0.000000","","0.000000","","","","","","","","","","","","","0.185820","","","","","","","","","","09/12/25","09/17/25","09/12/25","9:01:27 AM EDT","","","","","","","","","","","","0","0","0","","","","","5829291074","","","","","","","",""
"465852","NYLI CLEAN OCEANS ETF","4658529867","IQ CLEAN OCEANS ETF","","","","USD","UNITED STATES DOLLAR","BRL","BRAZILIAN REAL","10","BRU","09/15/25","","","","","","","","","","","","","","","","","","","","","","","","0","","","","","","0.000000","","0.000000","0.000000","","0.000000","","","","","","","","","","","","","0.185820","","","","","","","","","","09/12/25","09/17/25","09/12/25","9:01:27 AM EDT","","","","","","","","","","","","0","0","0","","","","","5829291074","","","","","","","",""
"465852","NYLI CLEAN OCEANS ETF","4658529867","IQ CLEAN OCEANS ETF","","","","USD","UNITED STATES DOLLAR","BRL","BRAZILIAN REAL","10","BRU","09/16/25","","","","","","","","","","","","","","","","","","","","","","","","0","","","","","","0.000000","","0.000000","0.000000","","0.000000","","","","","","","","","","","","","0.185820","","","","","","","","","","09/12/25","09/17/25","09/12/25","9:01:27 AM EDT","","","","","","","","","","","","0","0","0","","","","","5829291074","","","","","","","",""
"465852","NYLI CLEAN OCEANS ETF","4658529867","IQ CLEAN OCEANS ETF","","","","USD","UNITED STATES DOLLAR","BRL","BRAZILIAN REAL","10","BRU","09/17/25","","","","","","","","","","","","","","","","","","","","","","","","0","","","","","","0.000000","","0.000000","0.000000","","0.000000","","","","","","","","","","","","","0.185820","","","","","","","","","","09/12/25","09/17/25","09/12/25","9:01:27 AM EDT","","","","","","","","","","","","0","0","0","","","","","5829291074","","","","","","","",""
"465852","NYLI CLEAN OCEANS ETF","4658521240","NYLI CLEAN OCEANS ETF","","","","USD","UNITED STATES DOLLAR","CAD","CANADIAN DOLLAR","10","BRU","09/12/25","","","","","","","","","","","","","","","","","","","","","","","","0","","","","","","0.000000","","0.000000","0.000000","","0.000000","","","","","","","","","","","","","0.722465","","","","","","","","","","09/12/25","09/17/25","09/12/25","9:01:27 AM EDT","","","","","","","","","","","","0","0","0","","","","","5829291074","","","","","","","",""
"465852","NYLI CLEAN OCEANS ETF","4658521240","NYLI CLEAN OCEANS ETF","","","","USD","UNITED STATES DOLLAR","CAD","CANADIAN DOLLAR","10","BRU","09/15/25","","","","","","","","","","","","","","","","","","","","","","","","0","","","","","","0.000000","","0.000000","0.000000","","0.000000","","","","","","","","","","","","","0.722465","","","","","","","","","","09/12/25","09/17/25","09/12/25","9:01:27 AM EDT","","","","","","","","","","","","0","0","0","","","","","5829291074","","","","","","","",""
"465852","NYLI CLEAN OCEANS ETF","4658521240","NYLI CLEAN OCEANS ETF","","","","USD","UNITED STATES DOLLAR","CAD","CANADIAN DOLLAR","10","BRU","09/16/25","","","","","","","","","","","","","","","","","","","","","","","","0","","","","","","0.000000","","0.000000","0.000000","","0.000000","","","","","","","","","","","","","0.722465","","","","","","","","","","09/12/25","09/17/25","09/12/25","9:01:27 AM EDT","","","","","","","","","","","","0","0","0","","","","","5829291074","","","","","","","",""
"465852","NYLI CLEAN OCEANS ETF","4658521240","NYLI CLEAN OCEANS ETF","","","","USD","UNITED STATES DOLLAR","CAD","CANADIAN DOLLAR","10","BRU","09/17/25","","","","","","","","","","","","","","","","","","","","","","","","0","","","","","","0.000000","","0.000000","0.000000","","0.000000","","","","","","","","","","","","","0.722465","","","","","","","","","","09/12/25","09/17/25","09/12/25","9:01:27 AM EDT","","","","","","","","","","","","0","0","0","","","","","5829291074","","","","","","","",""
"465852","NYLI CLEAN OCEANS ETF","4658521520","NYLI CLEAN OCEANS ETF","","","","USD","UNITED STATES DOLLAR","CLP","CHILEAN PESO","10","BRU","09/12/25","","","","","","","","","","","","","","","","","","","","","","","","0","","","","","","0.000000","","0.000000","0.000000","","0.000000","","","","","","","","","","","","","0.001048","","","","","","","","","","09/12/25","09/17/25","09/12/25","9:01:27 AM EDT","","","","","","","","","","","","0","0","0","","","","","5829291074","","","","","","","",""
"465852","NYLI CLEAN OCEANS ETF","4658521520","NYLI CLEAN OCEANS ETF","","","","USD","UNITED STATES DOLLAR","CLP","CHILEAN PESO","10","BRU","09/15/25","","","","","","","","","","","","","","","","","","","","","","","","0","","","","","","0.000000","","0.000000","0.000000","","0.000000","","","","","","","","","","","","","0.001048","","","","","","","","","","09/12/25","09/17/25","09/12/25","9:01:27 AM EDT","","","","","","","","","","","","0","0","0","","","","","5829291074","","","","","","","",""
"465852","NYLI CLEAN OCEANS ETF","4658521520","NYLI CLEAN OCEANS ETF","","","","USD","UNITED STATES DOLLAR","CLP","CHILEAN PESO","10","BRU","09/16/25","","","","","","","","","","","","","","","","","","","","","","","","0","","","","","","0.000000","","0.000000","0.000000","","0.000000","","","","","","","","","","","","","0.001048","","","","","","","","","","09/12/25","09/17/25","09/12/25","9:01:27 AM EDT","","","","","","","","","","","","0","0","0","","","","","5829291074","","","","","","","",""
"465852","NYLI CLEAN OCEANS ETF","4658521520","NYLI CLEAN OCEANS ETF","","","","USD","UNITED STATES DOLLAR","CLP","CHILEAN PESO","10","BRU","09/17/25","","","","","","","","","","","","","","","","","","","","","","","","0","","","","","","0.000000","","0.000000","0.000000","","0.000000","","","","","","","","","","","","","0.001048","","","","","","","","","","09/12/25","09/17/25","09/12/25","9:01:27 AM EDT","","","","","","","","","","","","0","0","0","","","","","5829291074","","","","","","","",""
"465852","NYLI CLEAN OCEANS ETF","4658521700","NYLI CLEAN OCEANS ETF","","","","USD","UNITED STATES DOLLAR","COP","COLOMBIAN PESO","10","BRU","09/12/25","","","","","","","","","","","","","","","","","","","","","","","","0","","","","","","0.000000","","0.000000","0.000000","","0.000000","","","","","","","","","","","","","0.000256","","","","","","","","","","09/12/25","09/17/25","09/12/25","9:01:27 AM EDT","","","","","","","","","","","","0","0","0","","","","","5829291074","","","","","","","",""
"465852","NYLI CLEAN OCEANS ETF","4658521700","NYLI CLEAN OCEANS ETF","","","","USD","UNITED STATES DOLLAR","COP","COLOMBIAN PESO","10","BRU","09/15/25","","","","","","","","","","","","","","","","","","","","","","","","0","","","","","","0.000000","","0.000000","0.000000","","0.000000","","","","","","","","","","","","","0.000256","","","","","","","","","","09/12/25","09/17/25","09/12/25","9:01:27 AM EDT","","","","","","","","","","","","0","0","0","","","","","5829291074","","","","","","","",""
"465852","NYLI CLEAN OCEANS ETF","4658521700","NYLI CLEAN OCEANS ETF","","","","USD","UNITED STATES DOLLAR","COP","COLOMBIAN PESO","10","BRU","09/16/25","","","","","","","","","","","","","","","","","","","","","","","","0","","","","","","0.000000","","0.000000","0.000000","","0.000000","","","","","","","","","","","","","0.000256","","","","","","","","","","09/12/25","09/17/25","09/12/25","9:01:27 AM EDT","","","","","","","","","","","","0","0","0","","","","","5829291074","","","","","","","",""
"465852","NYLI CLEAN OCEANS ETF","4658521700","NYLI CLEAN OCEANS ETF","","","","USD","UNITED STATES DOLLAR","COP","COLOMBIAN PESO","10","BRU","09/17/25","","","","","","","","","","","","","","","","","","","","","","","","0","","","","","","0.000000","","0.000000","0.000000","","0.000000","","","","","","","","","","","","","0.000256","","","","","","","","","","09/12/25","09/17/25","09/12/25","9:01:27 AM EDT","","","","","","","","","","","","0","0","0","","","","","5829291074","","","","","","","",""
"465852","NYLI CLEAN OCEANS ETF","4658522000","NYLI CLEAN OCEANS ETF","","","","USD","UNITED STATES DOLLAR","CZK","CZECH KORUNA","10","BRU","09/12/25","","","","","","","","","","","","","","","","","","","","","","","","0","","","","","","0.000000","","0.000000","0.000000","","0.000000","","","","","","","","","","","","","0.048130","","","","","","","","","","09/12/25","09/17/25","09/12/25","9:01:27 AM EDT","","","","","","","","","","","","0","0","0","","","","","5829291074","","","","","","","",""
"465852","NYLI CLEAN OCEANS ETF","4658522000","NYLI CLEAN OCEANS ETF","","","","USD","UNITED STATES DOLLAR","CZK","CZECH KORUNA","10","BRU","09/15/25","","","","","","","","","","","","","","","","","","","","","","","","0","","","","","","0.000000","","0.000000","0.000000","","0.000000","","","","","","","","","","","","","0.048130","","","","","","","","","","09/12/25","09/17/25","09/12/25","9:01:27 AM EDT","","","","","","","","","","","","0","0","0","","","","","5829291074","","","","","","","",""
"465852","NYLI CLEAN OCEANS ETF","4658522000","NYLI CLEAN OCEANS ETF","","","","USD","UNITED STATES DOLLAR","CZK","CZECH KORUNA","10","BRU","09/16/25","","","","","","","","","","","","","","","","","","","","","","","","0","","","","","","0.000000","","0.000000","0.000000","","0.000000","","","","","","","","","","","","","0.048130","","","","","","","","","","09/12/25","09/17/25","09/12/25","9:01:27 AM EDT","","","","","","","","","","","","0","0","0","","","","","5829291074","","","","","","","",""
"465852","NYLI CLEAN OCEANS ETF","4658522000","NYLI CLEAN OCEANS ETF","","","","USD","UNITED STATES DOLLAR","CZK","CZECH KORUNA","10","BRU","09/17/25","","","","","","","","","","","","","","","","","","","","","","","","0","","","","","","0.000000","","0.000000","0.000000","","0.000000","","","","","","","","","","","","","0.048130","","","","","","","","","","09/12/25","09/17/25","09/12/25","9:01:27 AM EDT","","","","","","","","","","","","0","0","0","","","","","5829291074","","","","","","","",""
"465852","NYLI CLEAN OCEANS ETF","4658522080","NYLI CLEAN OCEANS ETF","","","","USD","UNITED STATES DOLLAR","DKK","DANISH KRONE","10","BRU","09/12/25","","","","","","","","","","","","","","","","","","","","","","","","0","","","","","","-0.020000","","-0.020000","0.000000","","0.000000","","","","","","","","","","","","","0.157118","","","","","","","","","","09/12/25","09/17/25","09/12/25","9:01:27 AM EDT","","","","","","","","","","","","0","0","0","","","","","5829291074","","","","","","","",""
"465852","NYLI CLEAN OCEANS ETF","4658522080","NYLI CLEAN OCEANS ETF","","","","USD","UNITED STATES DOLLAR","DKK","DANISH KRONE","10","BRU","09/15/25","","","","","","","","","","","","","","","","","","","","","","","","0","","","","","","-0.020000","","-0.020000","0.000000","","0.000000","","","","","","","","","","","","","0.157118","","","","","","","","","","09/12/25","09/17/25","09/12/25","9:01:27 AM EDT","","","","","","","","","","","","0","0","0","","","","","5829291074","","","","","","","",""
"465852","NYLI CLEAN OCEANS ETF","4658522080","NYLI CLEAN OCEANS ETF","","","","USD","UNITED STATES DOLLAR","DKK","DANISH KRONE","10","BRU","09/16/25","","","","","","","","","","","","","","","","","","","","","","","","0","","","","","","-0.020000","","-0.020000","0.000000","","0.000000","","","","","","","","","","","","","0.157118","","","","","","","","","","09/12/25","09/17/25","09/12/25","9:01:27 AM EDT","","","","","","","","","","","","0","0","0","","","","","5829291074","","","","","","","",""
"465852","NYLI CLEAN OCEANS ETF","4658522080","NYLI CLEAN OCEANS ETF","","","","USD","UNITED STATES DOLLAR","DKK","DANISH KRONE","10","BRU","09/17/25","","","","","","","","","","","","","","","","","","","","","","","","0","","","","","","-0.020000","","-0.020000","0.000000","","0.000000","","","","","","","","","","","","","0.157118","","","","","","","","","","09/12/25","09/17/25","09/12/25","9:01:27 AM EDT","","","","","","","","","","","","0","0","0","","","","","5829291074","","","","","","","",""
"465852","NYLI CLEAN OCEANS ETF","4658529780","NYLI CLEAN OCEANS ETF","","","","USD","UNITED STATES DOLLAR","EUR","EURO","10","BRU","09/12/25","","","","","","","","","","","","","","","","","","","","","","","","0","","","","","","0.000000","","0.000000","0.000000","","0.000000","","","","","","","","","","","","","1.172800","","","","","","","","","","09/12/25","09/17/25","09/12/25","9:01:27 AM EDT","","","","","","","","","","","","0","0","0","","","","","5829291074","","","","","","","",""
"465852","NYLI CLEAN OCEANS ETF","4658529780","NYLI CLEAN OCEANS ETF","","","","USD","UNITED STATES DOLLAR","EUR","EURO","10","BRU","09/15/25","","","","","","","","","","","","","","","","","","","","","","","","0","","","","","","0.000000","","0.000000","0.000000","","0.000000","","","","","","","","","","","","","1.172800","","","","","","","","","","09/12/25","09/17/25","09/12/25","9:01:27 AM EDT","","","","","","","","","","","","0","0","0","","","","","5829291074","","","","","","","",""
"465852","NYLI CLEAN OCEANS ETF","4658529780","NYLI CLEAN OCEANS ETF","","","","USD","UNITED STATES DOLLAR","EUR","EURO","10","BRU","09/16/25","","","","","","","","","","","","","","","","","","","","","","","","0","","","","","","0.000000","","0.000000","0.000000","","0.000000","","","","","","","","","","","","","1.172800","","","","","","","","","","09/12/25","09/17/25","09/12/25","9:01:27 AM EDT","","","","","","","","","","","","0","0","0","","","","","5829291074","","","","","","","",""
"465852","NYLI CLEAN OCEANS ETF","4658529780","NYLI CLEAN OCEANS ETF","","","","USD","UNITED STATES DOLLAR","EUR","EURO","10","BRU","09/17/25","","","","","","","","","","","","","","","","","","","","","","","","0","","","","","","0.000000","","0.000000","0.000000","","0.000000","","","","","","","","","","","","","1.172800","","","","","","","","","","09/12/25","09/17/25","09/12/25","9:01:27 AM EDT","","","","","","","","","","","","0","0","0","","","","","5829291074","","","","","","","",""
"465852","NYLI CLEAN OCEANS ETF","4658523440","NYLI CLEAN OCEANS ETF","","","","USD","UNITED STATES DOLLAR","HKD","HONG KONG DOLLAR","11","BRU","09/12/25","","","","","","","","","","","","","","","","","","","","","","","","0","","","","","","0.000000","","0.000000","0.000000","","0.000000","","","","","","","","","","","","","0.128379","","","","","","","","","","09/12/25","09/17/25","09/12/25","9:01:27 AM EDT","","","","","","","","","","","","0","0","0","","","","","5829291074","","","","","","","",""
"465852","NYLI CLEAN OCEANS ETF","4658523440","NYLI CLEAN OCEANS ETF","","","","USD","UNITED STATES DOLLAR","HKD","HONG KONG DOLLAR","11","BRU","09/15/25","","","","","","","","","","","","","","","","","","","","","","","","0","","","","","","0.000000","","0.000000","0.000000","","0.000000","","","","","","","","","","","","","0.128379","","","","","","","","","","09/12/25","09/17/25","09/12/25","9:01:27 AM EDT","","","","","","","","","","","","0","0","0","","","","","5829291074","","","","","","","",""
"465852","NYLI CLEAN OCEANS ETF","4658523440","NYLI CLEAN OCEANS ETF","","","","USD","UNITED STATES DOLLAR","HKD","HONG KONG DOLLAR","11","BRU","09/16/25","","","","","","","","","","","","","","","","","","","","","","","","0","","","","","","0.000000","","0.000000","0.000000","","0.000000","","","","","","","","","","","","","0.128379","","","","","","","","","","09/12/25","09/17/25","09/12/25","9:01:27 AM EDT","","","","","","","","","","","","0","0","0","","","","","5829291074","","","","","","","",""
"465852","NYLI CLEAN OCEANS ETF","4658523440","NYLI CLEAN OCEANS ETF","","","","USD","UNITED STATES DOLLAR","HKD","HONG KONG DOLLAR","11","BRU","09/17/25","","","","","","","","","","","","","","","","","","","","","","","","0","","","","","","0.000000","","0.000000","0.000000","","0.000000","","","","","","","","","","","","","0.128379","","","","","","","","","","09/12/25","09/17/25","09/12/25","9:01:27 AM EDT","","","","","","","","","","","","0","0","0","","","","","5829291074","","","","","","","",""
"465852","NYLI CLEAN OCEANS ETF","4658523480","NYLI CLEAN OCEANS ETF","","","","USD","UNITED STATES DOLLAR","HUF","HUNGARIAN FORINT","10","BRU","09/12/25","","","","","","","","","","","","","","","","","","","","","","","","0","","","","","","0.000000","","0.000000","0.000000","","0.000000","","","","","","","","","","","","","0.002993","","","","","","","","","","09/12/25","09/17/25","09/12/25","9:01:27 AM EDT","","","","","","","","","","","","0","0","0","","","","","5829291074","","","","","","","",""
"465852","NYLI CLEAN OCEANS ETF","4658523480","NYLI CLEAN OCEANS ETF","","","","USD","UNITED STATES DOLLAR","HUF","HUNGARIAN FORINT","10","BRU","09/15/25","","","","","","","","","","","","","","","","","","","","","","","","0","","","","","","0.000000","","0.000000","0.000000","","0.000000","","","","","","","","","","","","","0.002993","","","","","","","","","","09/12/25","09/17/25","09/12/25","9:01:27 AM EDT","","","","","","","","","","","","0","0","0","","","","","5829291074","","","","","","","",""
"465852","NYLI CLEAN OCEANS ETF","4658523480","NYLI CLEAN OCEANS ETF","","","","USD","UNITED STATES DOLLAR","HUF","HUNGARIAN FORINT","10","BRU","09/16/25","","","","","","","","","","","","","","","","","","","","","","","","0","","","","","","0.000000","","0.000000","0.000000","","0.000000","","","","","","","","","","","","","0.002993","","","","","","","","","","09/12/25","09/17/25","09/12/25","9:01:27 AM EDT","","","","","","","","","","","","0","0","0","","","","","5829291074","","","","","","","",""
"465852","NYLI CLEAN OCEANS ETF","4658523480","NYLI CLEAN OCEANS ETF","","","","USD","UNITED STATES DOLLAR","HUF","HUNGARIAN FORINT","10","BRU","09/17/25","","","","","","","","","","","","","","","","","","","","","","","","0","","","","","","0.000000","","0.000000","0.000000","","0.000000","","","","","","","","","","","","","0.002993","","","","","","","","","","09/12/25","09/17/25","09/12/25","9:01:27 AM EDT","","","","","","","","","","","","0","0","0","","","","","5829291074","","","","","","","",""
"465852","NYLI CLEAN OCEANS ETF","4658523600","NYLI CLEAN OCEANS ETF","","","","USD","UNITED STATES DOLLAR","IDR","INDONESIAN RUPIAH","11","BRU","09/12/25","","","","","","","","","","","","","","","","","","","","","","","","0","","","","","","0.000000","","0.000000","0.000000","","0.000000","","","","","","","","","","","","","0.000061","","","","","","","","","","09/12/25","09/17/25","09/12/25","9:01:27 AM EDT","","","","","","","","","","","","0","0","0","","","","","5829291074","","","","","","","",""
"465852","NYLI CLEAN OCEANS ETF","4658523600","NYLI CLEAN OCEANS ETF","","","","USD","UNITED STATES DOLLAR","IDR","INDONESIAN RUPIAH","11","BRU","09/15/25","","","","","","","","","","","","","","","","","","","","","","","","0","","","","","","0.000000","","0.000000","0.000000","","0.000000","","","","","","","","","","","","","0.000061","","","","","","","","","","09/12/25","09/17/25","09/12/25","9:01:27 AM EDT","","","","","","","","","","","","0","0","0","","","","","5829291074","","","","","","","",""
"465852","NYLI CLEAN OCEANS ETF","4658523600","NYLI CLEAN OCEANS ETF","","","","USD","UNITED STATES DOLLAR","IDR","INDONESIAN RUPIAH","11","BRU","09/16/25","","","","","","","","","","","","","","","","","","","","","","","","0","","","","","","0.000000","","0.000000","0.000000","","0.000000","","","","","","","","","","","","","0.000061","","","","","","","","","","09/12/25","09/17/25","09/12/25","9:01:27 AM EDT","","","","","","","","","","","","0","0","0","","","","","5829291074","","","","","","","",""
"465852","NYLI CLEAN OCEANS ETF","4658523600","NYLI CLEAN OCEANS ETF","","","","USD","UNITED STATES DOLLAR","IDR","INDONESIAN RUPIAH","11","BRU","09/17/25","","","","","","","","","","","","","","","","","","","","","","","","0","","","","","","0.000000","","0.000000","0.000000","","0.000000","","","","","","","","","","","","","0.000061","","","","","","","","","","09/12/25","09/17/25","09/12/25","9:01:27 AM EDT","","","","","","","","","","","","0","0","0","","","","","5829291074","","","","","","","",""
"465852","NYLI CLEAN OCEANS ETF","4658523920","NYLI CLEAN OCEANS ETF","","","","USD","UNITED STATES DOLLAR","JPY","JAPANESE YEN","11","BRU","09/12/25","","","","","","","","","","","","","","","","","","","","","","","","0","","","","","","0.000000","","0.000000","0.000000","","0.000000","","","","","","","","","","","","","0.006794","","","","","","","","","","09/12/25","09/17/25","09/12/25","9:01:27 AM EDT","","","","","","","","","","","","0","0","0","","","","","5829291074","","","","","","","",""
"465852","NYLI CLEAN OCEANS ETF","4658523920","NYLI CLEAN OCEANS ETF","","","","USD","UNITED STATES DOLLAR","JPY","JAPANESE YEN","11","BRU","09/16/25","","","","","","","","","","","","","","","","","","","","","","","","0","","","","","","0.000000","","0.000000","0.000000","","0.000000","","","","","","","","","","","","","0.006794","","","","","","","","","","09/12/25","09/17/25","09/12/25","9:01:27 AM EDT","","","","","","","","","","","","0","0","0","","","","","5829291074","","","","","","","",""
"465852","NYLI CLEAN OCEANS ETF","4658523920","NYLI CLEAN OCEANS ETF","","","","USD","UNITED STATES DOLLAR","JPY","JAPANESE YEN","11","BRU","09/17/25","","","","","","","","","","","","","","","","","","","","","","","","0","","","","","","0.000000","","0.000000","0.000000","","0.000000","","","","","","","","","","","","","0.006794","","","","","","","","","","09/12/25","09/17/25","09/12/25","9:01:27 AM EDT","","","","","","","","","","","","0","0","0","","","","","5829291074","","","","","","","",""
"465852","NYLI CLEAN OCEANS ETF","4658524580","NYLI CLEAN OCEANS ETF","","","","USD","UNITED STATES DOLLAR","MYR","MALAYSIAN RINGGIT","11","BRU","09/12/25","","","","","","","","","","","","","","","","","","","","","","","","0","","","","","","0.000000","","0.000000","0.000000","","0.000000","","","","","","","","","","","","","0.236855","","","","","","","","","","09/12/25","09/17/25","09/12/25","9:01:27 AM EDT","","","","","","","","","","","","0","0","0","","","","","5829291074","","","","","","","",""
"465852","NYLI CLEAN OCEANS ETF","4658524580","NYLI CLEAN OCEANS ETF","","","","USD","UNITED STATES DOLLAR","MYR","MALAYSIAN RINGGIT","11","BRU","09/17/25","","","","","","","","","","","","","","","","","","","","","","","","0","","","","","","0.000000","","0.000000","0.000000","","0.000000","","","","","","","","","","","","","0.236855","","","","","","","","","","09/12/25","09/17/25","09/12/25","9:01:27 AM EDT","","","","","","","","","","","","0","0","0","","","","","5829291074","","","","","","","",""
"465852","NYLI CLEAN OCEANS ETF","4658524840","NYLI CLEAN OCEANS ETF","","","","USD","UNITED STATES DOLLAR","MXN","MEXICAN PESO","10","BRU","09/12/25","","","","","","","","","","","","","","","","","","","","","","","","0","","","","","","0.000000","","0.000000","0.000000","","0.000000","","","","","","","","","","","","","0.053959","","","","","","","","","","09/12/25","09/17/25","09/12/25","9:01:27 AM EDT","","","","","","","","","","","","0","0","0","","","","","5829291074","","","","","","","",""
"465852","NYLI CLEAN OCEANS ETF","4658524840","NYLI CLEAN OCEANS ETF","","","","USD","UNITED STATES DOLLAR","MXN","MEXICAN PESO","10","BRU","09/15/25","","","","","","","","","","","","","","","","","","","","","","","","0","","","","","","0.000000","","0.000000","0.000000","","0.000000","","","","","","","","","","","","","0.053959","","","","","","","","","","09/12/25","09/17/25","09/12/25","9:01:27 AM EDT","","","","","","","","","","","","0","0","0","","","","","5829291074","","","","","","","",""
"465852","NYLI CLEAN OCEANS ETF","4658524840","NYLI CLEAN OCEANS ETF","","","","USD","UNITED STATES DOLLAR","MXN","MEXICAN PESO","10","BRU","09/17/25","","","","","","","","","","","","","","","","","","","","","","","","0","","","","","","0.000000","","0.000000","0.000000","","0.000000","","","","","","","","","","","","","0.053959","","","","","","","","","","09/12/25","09/17/25","09/12/25","9:01:27 AM EDT","","","","","","","","","","","","0","0","0","","","","","5829291074","","","","","","","",""
"465852","NYLI CLEAN OCEANS ETF","4658523760","NYLI CLEAN OCEANS ETF","","","","USD","UNITED STATES DOLLAR","ILS","NEW ISRAELI SHEKEL","10","BRU","09/12/25","","","","","","","","","","","","","","","","","","","","","","","","0","","","","","","0.000000","","0.000000","0.000000","","0.000000","","","","","","","","","","","","","0.300960","","","","","","","","","","09/12/25","09/17/25","09/12/25","9:01:27 AM EDT","","","","","","","","","","","","0","0","0","","","","","5829291074","","","","","","","",""
"465852","NYLI CLEAN OCEANS ETF","4658523760","NYLI CLEAN OCEANS ETF","","","","USD","UNITED STATES DOLLAR","ILS","NEW ISRAELI SHEKEL","10","BRU","09/15/25","","","","","","","","","","","","","","","","","","","","","","","","0","","","","","","0.000000","","0.000000","0.000000","","0.000000","","","","","","","","","","","","","0.300960","","","","","","","","","","09/12/25","09/17/25","09/12/25","9:01:27 AM EDT","","","","","","","","","","","","0","0","0","","","","","5829291074","","","","","","","",""
"465852","NYLI CLEAN OCEANS ETF","4658523760","NYLI CLEAN OCEANS ETF","","","","USD","UNITED STATES DOLLAR","ILS","NEW ISRAELI SHEKEL","10","BRU","09/16/25","","","","","","","","","","","","","","","","","","","","","","","","0","","","","","","0.000000","","0.000000","0.000000","","0.000000","","","","","","","","","","","","","0.300960","","","","","","","","","","09/12/25","09/17/25","09/12/25","9:01:27 AM EDT","","","","","","","","","","","","0","0","0","","","","","5829291074","","","","","","","",""
"465852","NYLI CLEAN OCEANS ETF","4658523760","NYLI CLEAN OCEANS ETF","","","","USD","UNITED STATES DOLLAR","ILS","NEW ISRAELI SHEKEL","10","BRU","09/17/25","","","","","","","","","","","","","","","","","","","","","","","","0","","","","","","0.000000","","0.000000","0.000000","","0.000000","","","","","","","","","","","","","0.300960","","","","","","","","","","09/12/25","09/17/25","09/12/25","9:01:27 AM EDT","","","","","","","","","","","","0","0","0","","","","","5829291074","","","","","","","",""
"465852","NYLI CLEAN OCEANS ETF","4658529010","NYLI CLEAN OCEANS ETF","","","","USD","UNITED STATES DOLLAR","TWD","NEW TAIWAN DOLLAR","11","BRU","09/12/25","","","","","","","","","","","","","","","","","","","","","","","","0","","","","","","0.000000","","0.000000","0.000000","","0.000000","","","","","","","","","","","","","0.033006","","","","","","","","","","09/12/25","09/17/25","09/12/25","9:01:27 AM EDT","","","","","","","","","","","","0","0","0","","","","","5829291074","","","","","","","",""
"465852","NYLI CLEAN OCEANS ETF","4658529010","NYLI CLEAN OCEANS ETF","","","","USD","UNITED STATES DOLLAR","TWD","NEW TAIWAN DOLLAR","11","BRU","09/15/25","","","","","","","","","","","","","","","","","","","","","","","","0","","","","","","0.000000","","0.000000","0.000000","","0.000000","","","","","","","","","","","","","0.033006","","","","","","","","","","09/12/25","09/17/25","09/12/25","9:01:27 AM EDT","","","","","","","","","","","","0","0","0","","","","","5829291074","","","","","","","",""
"465852","NYLI CLEAN OCEANS ETF","4658529010","NYLI CLEAN OCEANS ETF","","","","USD","UNITED STATES DOLLAR","TWD","NEW TAIWAN DOLLAR","11","BRU","09/16/25","","","","","","","","","","","","","","","","","","","","","","","","0","","","","","","0.000000","","0.000000","0.000000","","0.000000","","","","","","","","","","","","","0.033006","","","","","","","","","","09/12/25","09/17/25","09/12/25","9:01:27 AM EDT","","","","","","","","","","","","0","0","0","","","","","5829291074","","","","","","","",""
"465852","NYLI CLEAN OCEANS ETF","4658529010","NYLI CLEAN OCEANS ETF","","","","USD","UNITED STATES DOLLAR","TWD","NEW TAIWAN DOLLAR","11","BRU","09/17/25","","","","","","","","","","","","","","","","","","","","","","","","0","","","","","","0.000000","","0.000000","0.000000","","0.000000","","","","","","","","","","","","","0.033006","","","","","","","","","","09/12/25","09/17/25","09/12/25","9:01:27 AM EDT","","","","","","","","","","","","0","0","0","","","","","5829291074","","","","","","","",""
"465852","NYLI CLEAN OCEANS ETF","4658529490","NYLI CLEAN OCEANS ETF","","","","USD","UNITED STATES DOLLAR","TRY","NEW TURKISH LIRA","10","BRU","09/12/25","","","","","","","","","","","","","","","","","","","","","","","","0","","","","","","0.000000","","0.000000","0.000000","","0.000000","","","","","","","","","","","","","0.024217","","","","","","","","","","09/12/25","09/17/25","09/12/25","9:01:27 AM EDT","","","","","","","","","","","","0","0","0","","","","","5829291074","","","","","","","",""
"465852","NYLI CLEAN OCEANS ETF","4658529490","NYLI CLEAN OCEANS ETF","","","","USD","UNITED STATES DOLLAR","TRY","NEW TURKISH LIRA","10","BRU","09/15/25","","","","","","","","","","","","","","","","","","","","","","","","0","","","","","","0.000000","","0.000000","0.000000","","0.000000","","","","","","","","","","","","","0.024217","","","","","","","","","","09/12/25","09/17/25","09/12/25","9:01:27 AM EDT","","","","","","","","","","","","0","0","0","","","","","5829291074","","","","","","","",""
"465852","NYLI CLEAN OCEANS ETF","4658529490","NYLI CLEAN OCEANS ETF","","","","USD","UNITED STATES DOLLAR","TRY","NEW TURKISH LIRA","10","BRU","09/16/25","","","","","","","","","","","","","","","","","","","","","","","","0","","","","","","0.000000","","0.000000","0.000000","","0.000000","","","","","","","","","","","","","0.024217","","","","","","","","","","09/12/25","09/17/25","09/12/25","9:01:27 AM EDT","","","","","","","","","","","","0","0","0","","","","","5829291074","","","","","","","",""
"465852","NYLI CLEAN OCEANS ETF","4658529490","NYLI CLEAN OCEANS ETF","","","","USD","UNITED STATES DOLLAR","TRY","NEW TURKISH LIRA","10","BRU","09/17/25","","","","","","","","","","","","","","","","","","","","","","","","0","","","","","","0.000000","","0.000000","0.000000","","0.000000","","","","","","","","","","","","","0.024217","","","","","","","","","","09/12/25","09/17/25","09/12/25","9:01:27 AM EDT","","","","","","","","","","","","0","0","0","","","","","5829291074","","","","","","","",""
"465852","NYLI CLEAN OCEANS ETF","4658525540","NYLI CLEAN OCEANS ETF","","","","USD","UNITED STATES DOLLAR","NZD","NEW ZEALAND DOLLAR","11","BRU","09/12/25","","","","","","","","","","","","","","","","","","","","","","","","0","","","","","","0.000000","","0.000000","0.000000","","0.000000","","","","","","","","","","","","","0.596250","","","","","","","","","","09/12/25","09/17/25","09/12/25","9:01:27 AM EDT","","","","","","","","","","","","0","0","0","","","","","5829291074","","","","","","","",""
"465852","NYLI CLEAN OCEANS ETF","4658525540","NYLI CLEAN OCEANS ETF","","","","USD","UNITED STATES DOLLAR","NZD","NEW ZEALAND DOLLAR","11","BRU","09/15/25","","","","","","","","","","","","","","","","","","","","","","","","0","","","","","","0.000000","","0.000000","0.000000","","0.000000","","","","","","","","","","","","","0.596250","","","","","","","","","","09/12/25","09/17/25","09/12/25","9:01:27 AM EDT","","","","","","","","","","","","0","0","0","","","","","5829291074","","","","","","","",""
"465852","NYLI CLEAN OCEANS ETF","4658525540","NYLI CLEAN OCEANS ETF","","","","USD","UNITED STATES DOLLAR","NZD","NEW ZEALAND DOLLAR","11","BRU","09/16/25","","","","","","","","","","","","","","","","","","","","","","","","0","","","","","","0.000000","","0.000000","0.000000","","0.000000","","","","","","","","","","","","","0.596250","","","","","","","","","","09/12/25","09/17/25","09/12/25","9:01:27 AM EDT","","","","","","","","","","","","0","0","0","","","","","5829291074","","","","","","","",""
"465852","NYLI CLEAN OCEANS ETF","4658525540","NYLI CLEAN OCEANS ETF","","","","USD","UNITED STATES DOLLAR","NZD","NEW ZEALAND DOLLAR","11","BRU","09/17/25","","","","","","","","","","","","","","","","","","","","","","","","0","","","","","","0.000000","","0.000000","0.000000","","0.000000","","","","","","","","","","","","","0.596250","","","","","","","","","","09/12/25","09/17/25","09/12/25","9:01:27 AM EDT","","","","","","","","","","","","0","0","0","","","","","5829291074","","","","","","","",""
"465852","NYLI CLEAN OCEANS ETF","4658525780","NYLI CLEAN OCEANS ETF","","","","USD","UNITED STATES DOLLAR","NOK","NORWEGIAN KRONE","10","BRU","09/12/25","","","","","","","","","","","","","","","","","","","","","","","","0","","","","","","0.000000","","0.000000","0.000000","","0.000000","","","","","","","","","","","","","0.101207","","","","","","","","","","09/12/25","09/17/25","09/12/25","9:01:27 AM EDT","","","","","","","","","","","","0","0","0","","","","","5829291074","","","","","","","",""
"465852","NYLI CLEAN OCEANS ETF","4658525780","NYLI CLEAN OCEANS ETF","","","","USD","UNITED STATES DOLLAR","NOK","NORWEGIAN KRONE","10","BRU","09/15/25","","","","","","","","","","","","","","","","","","","","","","","","0","","","","","","0.000000","","0.000000","0.000000","","0.000000","","","","","","","","","","","","","0.101207","","","","","","","","","","09/12/25","09/17/25","09/12/25","9:01:27 AM EDT","","","","","","","","","","","","0","0","0","","","","","5829291074","","","","","","","",""
"465852","NYLI CLEAN OCEANS ETF","4658525780","NYLI CLEAN OCEANS ETF","","","","USD","UNITED STATES DOLLAR","NOK","NORWEGIAN KRONE","10","BRU","09/16/25","","","","","","","","","","","","","","","","","","","","","","","","0","","","","","","0.000000","","0.000000","0.000000","","0.000000","","","","","","","","","","","","","0.101207","","","","","","","","","","09/12/25","09/17/25","09/12/25","9:01:27 AM EDT","","","","","","","","","","","","0","0","0","","","","","5829291074","","","","","","","",""
"465852","NYLI CLEAN OCEANS ETF","4658525780","NYLI CLEAN OCEANS ETF","","","","USD","UNITED STATES DOLLAR","NOK","NORWEGIAN KRONE","10","BRU","09/17/25","","","","","","","","","","","","","","","","","","","","","","","","0","","","","","","0.000000","","0.000000","0.000000","","0.000000","","","","","","","","","","","","","0.101207","","","","","","","","","","09/12/25","09/17/25","09/12/25","9:01:27 AM EDT","","","","","","","","","","","","0","0","0","","","","","5829291074","","","","","","","",""
"465852","NYLI CLEAN OCEANS ETF","4658526040","NYLI CLEAN OCEANS ETF","","","","USD","UNITED STATES DOLLAR","PEN","PERUVIAN NUEVO SOL","10","BRU","09/12/25","","","","","","","","","","","","","","","","","","","","","","","","0","","","","","","0.000000","","0.000000","0.000000","","0.000000","","","","","","","","","","","","","0.288064","","","","","","","","","","09/12/25","09/17/25","09/12/25","9:01:27 AM EDT","","","","","","","","","","","","0","0","0","","","","","5829291074","","","","","","","",""
"465852","NYLI CLEAN OCEANS ETF","4658526040","NYLI CLEAN OCEANS ETF","","","","USD","UNITED STATES DOLLAR","PEN","PERUVIAN NUEVO SOL","10","BRU","09/15/25","","","","","","","","","","","","","","","","","","","","","","","","0","","","","","","0.000000","","0.000000","0.000000","","0.000000","","","","","","","","","","","","","0.288064","","","","","","","","","","09/12/25","09/17/25","09/12/25","9:01:27 AM EDT","","","","","","","","","","","","0","0","0","","","","","5829291074","","","","","","","",""
"465852","NYLI CLEAN OCEANS ETF","4658526040","NYLI CLEAN OCEANS ETF","","","","USD","UNITED STATES DOLLAR","PEN","PERUVIAN NUEVO SOL","10","BRU","09/16/25","","","","","","","","","","","","","","","","","","","","","","","","0","","","","","","0.000000","","0.000000","0.000000","","0.000000","","","","","","","","","","","","","0.288064","","","","","","","","","","09/12/25","09/17/25","09/12/25","9:01:27 AM EDT","","","","","","","","","","","","0","0","0","","","","","5829291074","","","","","","","",""
"465852","NYLI CLEAN OCEANS ETF","4658526040","NYLI CLEAN OCEANS ETF","","","","USD","UNITED STATES DOLLAR","PEN","PERUVIAN NUEVO SOL","10","BRU","09/17/25","","","","","","","","","","","","","","","","","","","","","","","","0","","","","","","0.000000","","0.000000","0.000000","","0.000000","","","","","","","","","","","","","0.288064","","","","","","","","","","09/12/25","09/17/25","09/12/25","9:01:27 AM EDT","","","","","","","","","","","","0","0","0","","","","","5829291074","","","","","","","",""
"465852","NYLI CLEAN OCEANS ETF","4658526080","NYLI CLEAN OCEANS ETF","","","","USD","UNITED STATES DOLLAR","PHP","PHILIPPINE PESO","11","BRU","09/12/25","","","","","","","","","","","","","","","","","","","","","","","","0","","","","","","0.000000","","0.000000","0.000000","","0.000000","","","","","","","","","","","","","0.017487","","","","","","","","","","09/12/25","09/17/25","09/12/25","9:01:27 AM EDT","","","","","","","","","","","","0","0","0","","","","","5829291074","","","","","","","",""
"465852","NYLI CLEAN OCEANS ETF","4658526080","NYLI CLEAN OCEANS ETF","","","","USD","UNITED STATES DOLLAR","PHP","PHILIPPINE PESO","11","BRU","09/15/25","","","","","","","","","","","","","","","","","","","","","","","","0","","","","","","0.000000","","0.000000","0.000000","","0.000000","","","","","","","","","","","","","0.017487","","","","","","","","","","09/12/25","09/17/25","09/12/25","9:01:27 AM EDT","","","","","","","","","","","","0","0","0","","","","","5829291074","","","","","","","",""
"465852","NYLI CLEAN OCEANS ETF","4658526080","NYLI CLEAN OCEANS ETF","","","","USD","UNITED STATES DOLLAR","PHP","PHILIPPINE PESO","11","BRU","09/16/25","","","","","","","","","","","","","","","","","","","","","","","","0","","","","","","0.000000","","0.000000","0.000000","","0.000000","","","","","","","","","","","","","0.017487","","","","","","","","","","09/12/25","09/17/25","09/12/25","9:01:27 AM EDT","","","","","","","","","","","","0","0","0","","","","","5829291074","","","","","","","",""
"465852","NYLI CLEAN OCEANS ETF","4658526080","NYLI CLEAN OCEANS ETF","","","","USD","UNITED STATES DOLLAR","PHP","PHILIPPINE PESO","11","BRU","09/17/25","","","","","","","","","","","","","","","","","","","","","","","","0","","","","","","0.000000","","0.000000","0.000000","","0.000000","","","","","","","","","","","","","0.017487","","","","","","","","","","09/12/25","09/17/25","09/12/25","9:01:27 AM EDT","","","","","","","","","","","","0","0","0","","","","","5829291074","","","","","","","",""
"465852","NYLI CLEAN OCEANS ETF","4658529850","NYLI CLEAN OCEANS ETF","","","","USD","UNITED STATES DOLLAR","PLN","POLISH ZLOTY","10","BRU","09/12/25","","","","","","","","","","","","","","","","","","","","","","","","0","","","","","","0.000000","","0.000000","0.000000","","0.000000","","","","","","","","","","","","","0.275596","","","","","","","","","","09/12/25","09/17/25","09/12/25","9:01:27 AM EDT","","","","","","","","","","","","0","0","0","","","","","5829291074","","","","","","","",""
"465852","NYLI CLEAN OCEANS ETF","4658529850","NYLI CLEAN OCEANS ETF","","","","USD","UNITED STATES DOLLAR","PLN","POLISH ZLOTY","10","BRU","09/15/25","","","","","","","","","","","","","","","","","","","","","","","","0","","","","","","0.000000","","0.000000","0.000000","","0.000000","","","","","","","","","","","","","0.275596","","","","","","","","","","09/12/25","09/17/25","09/12/25","9:01:27 AM EDT","","","","","","","","","","","","0","0","0","","","","","5829291074","","","","","","","",""
"465852","NYLI CLEAN OCEANS ETF","4658529850","NYLI CLEAN OCEANS ETF","","","","USD","UNITED STATES DOLLAR","PLN","POLISH ZLOTY","10","BRU","09/16/25","","","","","","","","","","","","","","","","","","","","","","","","0","","","","","","0.000000","","0.000000","0.000000","","0.000000","","","","","","","","","","","","","0.275596","","","","","","","","","","09/12/25","09/17/25","09/12/25","9:01:27 AM EDT","","","","","","","","","","","","0","0","0","","","","","5829291074","","","","","","","",""
"465852","NYLI CLEAN OCEANS ETF","4658529850","NYLI CLEAN OCEANS ETF","","","","USD","UNITED STATES DOLLAR","PLN","POLISH ZLOTY","10","BRU","09/17/25","","","","","","","","","","","","","","","","","","","","","","","","0","","","","","","0.000000","","0.000000","0.000000","","0.000000","","","","","","","","","","","","","0.275596","","","","","","","","","","09/12/25","09/17/25","09/12/25","9:01:27 AM EDT","","","","","","","","","","","","0","0","0","","","","","5829291074","","","","","","","",""
"465852","NYLI CLEAN OCEANS ETF","4658528260","NYLI CLEAN OCEANS ETF","","","","USD","UNITED STATES DOLLAR","GBP","POUND STERLING","10","BRU","09/12/25","","","","","","","","","","","","","","","","","","","","","","","","0","","","","","","0.000000","","0.000000","0.000000","","0.000000","","","","","","","","","","","","","1.355850","","","","","","","","","","09/12/25","09/17/25","09/12/25","9:01:27 AM EDT","","","","","","","","","","","","0","0","0","","","","","5829291074","","","","","","","",""
"465852","NYLI CLEAN OCEANS ETF","4658528260","NYLI CLEAN OCEANS ETF","","","","USD","UNITED STATES DOLLAR","GBP","POUND STERLING","10","BRU","09/15/25","","","","","","","","","","","","","","","","","","","","","","","","0","","","","","","0.000000","","0.000000","0.000000","","0.000000","","","","","","","","","","","","","1.355850","","","","","","","","","","09/12/25","09/17/25","09/12/25","9:01:27 AM EDT","","","","","","","","","","","","0","0","0","","","","","5829291074","","","","","","","",""
"465852","NYLI CLEAN OCEANS ETF","4658528260","NYLI CLEAN OCEANS ETF","","","","USD","UNITED STATES DOLLAR","GBP","POUND STERLING","10","BRU","09/16/25","","","","","","","","","","","","","","","","","","","","","","","","0","","","","","","0.000000","","0.000000","0.000000","","0.000000","","","","","","","","","","","","","1.355850","","","","","","","","","","09/12/25","09/17/25","09/12/25","9:01:27 AM EDT","","","","","","","","","","","","0","0","0","","","","","5829291074","","","","","","","",""
"465852","NYLI CLEAN OCEANS ETF","4658528260","NYLI CLEAN OCEANS ETF","","","","USD","UNITED STATES DOLLAR","GBP","POUND STERLING","10","BRU","09/17/25","","","","","","","","","","","","","","","","","","","","","","","","0","","","","","","0.000000","","0.000000","0.000000","","0.000000","","","","","","","","","","","","","1.355850","","","","","","","","","","09/12/25","09/17/25","09/12/25","9:01:27 AM EDT","","","","","","","","","","","","0","0","0","","","","","5829291074","","","","","","","",""
"465852","NYLI CLEAN OCEANS ETF","4658520020","NYLI CLEAN OCEANS ETF","","","","USD","UNITED STATES DOLLAR","RUB","RUSSIAN RUBLE","10","BRU","09/12/25","","","","","","","","","","","","","","","","","","","","","","","","0","","","","","","0.000000","","0.000000","0.000000","","0.000000","","","","","","","","","","","","","0.011796","","","","","","","","","","09/12/25","09/17/25","09/12/25","9:01:27 AM EDT","","","","","","","","","","","","0","0","0","","","","","5829291074","","","","","","","",""
"465852","NYLI CLEAN OCEANS ETF","4658520020","NYLI CLEAN OCEANS ETF","","","","USD","UNITED STATES DOLLAR","RUB","RUSSIAN RUBLE","10","BRU","09/15/25","","","","","","","","","","","","","","","","","","","","","","","","0","","","","","","0.000000","","0.000000","0.000000","","0.000000","","","","","","","","","","","","","0.011796","","","","","","","","","","09/12/25","09/17/25","09/12/25","9:01:27 AM EDT","","","","","","","","","","","","0","0","0","","","","","5829291074","","","","","","","",""
"465852","NYLI CLEAN OCEANS ETF","4658520020","NYLI CLEAN OCEANS ETF","","","","USD","UNITED STATES DOLLAR","RUB","RUSSIAN RUBLE","10","BRU","09/16/25","","","","","","","","","","","","","","","","","","","","","","","","0","","","","","","0.000000","","0.000000","0.000000","","0.000000","","","","","","","","","","","","","0.011796","","","","","","","","","","09/12/25","09/17/25","09/12/25","9:01:27 AM EDT","","","","","","","","","","","","0","0","0","","","","","5829291074","","","","","","","",""
"465852","NYLI CLEAN OCEANS ETF","4658520020","NYLI CLEAN OCEANS ETF","","","","USD","UNITED STATES DOLLAR","RUB","RUSSIAN RUBLE","10","BRU","09/17/25","","","","","","","","","","","","","","","","","","","","","","","","0","","","","","","0.000000","","0.000000","0.000000","","0.000000","","","","","","","","","","","","","0.011796","","","","","","","","","","09/12/25","09/17/25","09/12/25","9:01:27 AM EDT","","","","","","","","","","","","0","0","0","","","","","5829291074","","","","","","","",""
"465852","NYLI CLEAN OCEANS ETF","4658527020","NYLI CLEAN OCEANS ETF","","","","USD","UNITED STATES DOLLAR","SGD","SINGAPORE DOLLAR","11","BRU","09/12/25","","","","","","","","","","","","","","","","","","","","","","","","0","","","","","","0.000000","","0.000000","0.000000","","0.000000","","","","","","","","","","","","","0.779970","","","","","","","","","","09/12/25","09/17/25","09/12/25","9:01:27 AM EDT","","","","","","","","","","","","0","0","0","","","","","5829291074","","","","","","","",""
"465852","NYLI CLEAN OCEANS ETF","4658527020","NYLI CLEAN OCEANS ETF","","","","USD","UNITED STATES DOLLAR","SGD","SINGAPORE DOLLAR","11","BRU","09/15/25","","","","","","","","","","","","","","","","","","","","","","","","0","","","","","","0.000000","","0.000000","0.000000","","0.000000","","","","","","","","","","","","","0.779970","","","","","","","","","","09/12/25","09/17/25","09/12/25","9:01:27 AM EDT","","","","","","","","","","","","0","0","0","","","","","5829291074","","","","","","","",""
"465852","NYLI CLEAN OCEANS ETF","4658527020","NYLI CLEAN OCEANS ETF","","","","USD","UNITED STATES DOLLAR","SGD","SINGAPORE DOLLAR","11","BRU","09/16/25","","","","","","","","","","","","","","","","","","","","","","","","0","","","","","","0.000000","","0.000000","0.000000","","0.000000","","","","","","","","","","","","","0.779970","","","","","","","","","","09/12/25","09/17/25","09/12/25","9:01:27 AM EDT","","","","","","","","","","","","0","0","0","","","","","5829291074","","","","","","","",""
"465852","NYLI CLEAN OCEANS ETF","4658527020","NYLI CLEAN OCEANS ETF","","","","USD","UNITED STATES DOLLAR","SGD","SINGAPORE DOLLAR","11","BRU","09/17/25","","","","","","","","","","","","","","","","","","","","","","","","0","","","","","","0.000000","","0.000000","0.000000","","0.000000","","","","","","","","","","","","","0.779970","","","","","","","","","","09/12/25","09/17/25","09/12/25","9:01:27 AM EDT","","","","","","","","","","","","0","0","0","","","","","5829291074","","","","","","","",""
"465852","NYLI CLEAN OCEANS ETF","4658527100","NYLI CLEAN OCEANS ETF","","","","USD","UNITED STATES DOLLAR","ZAR","SOUTH AFRICAN RAND","10","BRU","09/15/25","","","","","","","","","","","","","","","","","","","","","","","","0","","","","","","6699.670000","","6699.670000","384.570000","","384.570000","","","","","","","","","","","","","0.057401","","","","","","","","","","09/12/25","09/17/25","09/12/25","9:01:27 AM EDT","","","","","","","","","","","","0","0","0","","","","","5829291074","","","","","","","",""
"465852","NYLI CLEAN OCEANS ETF","4658527100","NYLI CLEAN OCEANS ETF","","","","USD","UNITED STATES DOLLAR","ZAR","SOUTH AFRICAN RAND","10","BRU","09/16/25","","","","","","","","","","","","","","","","","","","","","","","","0","","","","","","6699.670000","","6699.670000","384.570000","","384.570000","","","","","","","","","","","","","0.057401","","","","","","","","","","09/12/25","09/17/25","09/12/25","9:01:27 AM EDT","","","","","","","","","","","","0","0","0","","","","","5829291074","","","","","","","",""
"465852","NYLI CLEAN OCEANS ETF","4658527100","NYLI CLEAN OCEANS ETF","","","","USD","UNITED STATES DOLLAR","ZAR","SOUTH AFRICAN RAND","10","BRU","09/17/25","","","","","","","","","","","","","","","","","","","","","","","","0","","","","","","6699.670000","","6699.670000","384.570000","","384.570000","","","","","","","","","","","","","0.057401","","","","","","","","","","09/12/25","09/17/25","09/12/25","9:01:27 AM EDT","","","","","","","","","","","","0","0","0","","","","","5829291074","","","","","","","",""
"465852","NYLI CLEAN OCEANS ETF","4658524100","NYLI CLEAN OCEANS ETF","","","","USD","UNITED STATES DOLLAR","KRW","SOUTH KOREAN WON","11","BRU","09/12/25","","","","","","","","","","","","","","","","","","","","","","","","0","","","","","","0.000000","","0.000000","0.000000","","0.000000","","","","","","","","","","","","","0.000718","","","","","","","","","","09/12/25","09/17/25","09/12/25","9:01:27 AM EDT","","","","","","","","","","","","0","0","0","","","","","5829291074","","","","","","","",""
"465852","NYLI CLEAN OCEANS ETF","4658524100","NYLI CLEAN OCEANS ETF","","","","USD","UNITED STATES DOLLAR","KRW","SOUTH KOREAN WON","11","BRU","09/15/25","","","","","","","","","","","","","","","","","","","","","","","","0","","","","","","0.000000","","0.000000","0.000000","","0.000000","","","","","","","","","","","","","0.000718","","","","","","","","","","09/12/25","09/17/25","09/12/25","9:01:27 AM EDT","","","","","","","","","","","","0","0","0","","","","","5829291074","","","","","","","",""
"465852","NYLI CLEAN OCEANS ETF","4658524100","NYLI CLEAN OCEANS ETF","","","","USD","UNITED STATES DOLLAR","KRW","SOUTH KOREAN WON","11","BRU","09/16/25","","","","","","","","","","","","","","","","","","","","","","","","0","","","","","","0.000000","","0.000000","0.000000","","0.000000","","","","","","","","","","","","","0.000718","","","","","","","","","","09/12/25","09/17/25","09/12/25","9:01:27 AM EDT","","","","","","","","","","","","0","0","0","","","","","5829291074","","","","","","","",""
"465852","NYLI CLEAN OCEANS ETF","4658524100","NYLI CLEAN OCEANS ETF","","","","USD","UNITED STATES DOLLAR","KRW","SOUTH KOREAN WON","11","BRU","09/17/25","","","","","","","","","","","","","","","","","","","","","","","","0","","","","","","0.000000","","0.000000","0.000000","","0.000000","","","","","","","","","","","","","0.000718","","","","","","","","","","09/12/25","09/17/25","09/12/25","9:01:27 AM EDT","","","","","","","","","","","","0","0","0","","","","","5829291074","","","","","","","",""
"465852","NYLI CLEAN OCEANS ETF","4658527520","NYLI CLEAN OCEANS ETF","","","","USD","UNITED STATES DOLLAR","SEK","SWEDISH KRONA","10","BRU","09/12/25","","","","","","","","","","","","","","","","","","","","","","","","0","","","","","","0.000000","","0.000000","0.000000","","0.000000","","","","","","","","","","","","","0.107252","","","","","","","","","","09/12/25","09/17/25","09/12/25","9:01:27 AM EDT","","","","","","","","","","","","0","0","0","","","","","5829291074","","","","","","","",""
"465852","NYLI CLEAN OCEANS ETF","4658527520","NYLI CLEAN OCEANS ETF","","","","USD","UNITED STATES DOLLAR","SEK","SWEDISH KRONA","10","BRU","09/15/25","","","","","","","","","","","","","","","","","","","","","","","","0","","","","","","0.000000","","0.000000","0.000000","","0.000000","","","","","","","","","","","","","0.107252","","","","","","","","","","09/12/25","09/17/25","09/12/25","9:01:27 AM EDT","","","","","","","","","","","","0","0","0","","","","","5829291074","","","","","","","",""
"465852","NYLI CLEAN OCEANS ETF","4658527520","NYLI CLEAN OCEANS ETF","","","","USD","UNITED STATES DOLLAR","SEK","SWEDISH KRONA","10","BRU","09/16/25","","","","","","","","","","","","","","","","","","","","","","","","0","","","","","","0.000000","","0.000000","0.000000","","0.000000","","","","","","","","","","","","","0.107252","","","","","","","","","","09/12/25","09/17/25","09/12/25","9:01:27 AM EDT","","","","","","","","","","","","0","0","0","","","","","5829291074","","","","","","","",""
"465852","NYLI CLEAN OCEANS ETF","4658527520","NYLI CLEAN OCEANS ETF","","","","USD","UNITED STATES DOLLAR","SEK","SWEDISH KRONA","10","BRU","09/17/25","","","","","","","","","","","","","","","","","","","","","","","","0","","","","","","0.000000","","0.000000","0.000000","","0.000000","","","","","","","","","","","","","0.107252","","","","","","","","","","09/12/25","09/17/25","09/12/25","9:01:27 AM EDT","","","","","","","","","","","","0","0","0","","","","","5829291074","","","","","","","",""
"465852","NYLI CLEAN OCEANS ETF","4658527560","NYLI CLEAN OCEANS ETF","","","","USD","UNITED STATES DOLLAR","CHF","SWISS FRANC","10","BRU","09/12/25","","","","","","","","","","","","","","","","","","","","","","","","0","","","","","","0.000000","","0.000000","0.000000","","0.000000","","","","","","","","","","","","","1.256360","","","","","","","","","","09/12/25","09/17/25","09/12/25","9:01:27 AM EDT","","","","","","","","","","","","0","0","0","","","","","5829291074","","","","","","","",""
"465852","NYLI CLEAN OCEANS ETF","4658527560","NYLI CLEAN OCEANS ETF","","","","USD","UNITED STATES DOLLAR","CHF","SWISS FRANC","10","BRU","09/15/25","","","","","","","","","","","","","","","","","","","","","","","","0","","","","","","0.000000","","0.000000","0.000000","","0.000000","","","","","","","","","","","","","1.256360","","","","","","","","","","09/12/25","09/17/25","09/12/25","9:01:27 AM EDT","","","","","","","","","","","","0","0","0","","","","","5829291074","","","","","","","",""
"465852","NYLI CLEAN OCEANS ETF","4658527560","NYLI CLEAN OCEANS ETF","","","","USD","UNITED STATES DOLLAR","CHF","SWISS FRANC","10","BRU","09/16/25","","","","","","","","","","","","","","","","","","","","","","","","0","","","","","","0.000000","","0.000000","0.000000","","0.000000","","","","","","","","","","","","","1.256360","","","","","","","","","","09/12/25","09/17/25","09/12/25","9:01:27 AM EDT","","","","","","","","","","","","0","0","0","","","","","5829291074","","","","","","","",""
"465852","NYLI CLEAN OCEANS ETF","4658527560","NYLI CLEAN OCEANS ETF","","","","USD","UNITED STATES DOLLAR","CHF","SWISS FRANC","10","BRU","09/17/25","","","","","","","","","","","","","","","","","","","","","","","","0","","","","","","0.000000","","0.000000","0.000000","","0.000000","","","","","","","","","","","","","1.256360","","","","","","","","","","09/12/25","09/17/25","09/12/25","9:01:27 AM EDT","","","","","","","","","","","","0","0","0","","","","","5829291074","","","","","","","",""
"465852","NYLI CLEAN OCEANS ETF","4658527640","NYLI CLEAN OCEANS ETF","","","","USD","UNITED STATES DOLLAR","THB","THAILAND BAHT","11","BRU","09/12/25","","","","","","","","","","","","","","","","","","","","","","","","0","","","","","","0.000000","","0.000000","0.000000","","0.000000","","","","","","","","","","","","","0.031397","","","","","","","","","","09/12/25","09/17/25","09/12/25","9:01:27 AM EDT","","","","","","","","","","","","0","0","0","","","","","5829291074","","","","","","","",""
"465852","NYLI CLEAN OCEANS ETF","4658527640","NYLI CLEAN OCEANS ETF","","","","USD","UNITED STATES DOLLAR","THB","THAILAND BAHT","11","BRU","09/15/25","","","","","","","","","","","","","","","","","","","","","","","","0","","","","","","0.000000","","0.000000","0.000000","","0.000000","","","","","","","","","","","","","0.031397","","","","","","","","","","09/12/25","09/17/25","09/12/25","9:01:27 AM EDT","","","","","","","","","","","","0","0","0","","","","","5829291074","","","","","","","",""
"465852","NYLI CLEAN OCEANS ETF","4658527640","NYLI CLEAN OCEANS ETF","","","","USD","UNITED STATES DOLLAR","THB","THAILAND BAHT","11","BRU","09/16/25","","","","","","","","","","","","","","","","","","","","","","","","0","","","","","","0.000000","","0.000000","0.000000","","0.000000","","","","","","","","","","","","","0.031397","","","","","","","","","","09/12/25","09/17/25","09/12/25","9:01:27 AM EDT","","","","","","","","","","","","0","0","0","","","","","5829291074","","","","","","","",""
"465852","NYLI CLEAN OCEANS ETF","4658527640","NYLI CLEAN OCEANS ETF","","","","USD","UNITED STATES DOLLAR","THB","THAILAND BAHT","11","BRU","09/17/25","","","","","","","","","","","","","","","","","","","","","","","","0","","","","","","0.000000","","0.000000","0.000000","","0.000000","","","","","","","","","","","","","0.031397","","","","","","","","","","09/12/25","09/17/25","09/12/25","9:01:27 AM EDT","","","","","","","","","","","","0","0","0","","","","","5829291074","","","","","","","",""
"465852","NYLI CLEAN OCEANS ETF","4658527646","NYLI CLEAN OCEANS ETF","","","","USD","UNITED STATES DOLLAR","THB","THAILAND BAHT","11","BRU","09/12/25","","","","","","","","","","","","","","","","","","","","","","","","0","","","","","","0.000000","","0.000000","0.000000","","0.000000","","","","","","","","","","","","","0.031397","","","","","","","","","","09/12/25","09/17/25","09/12/25","9:01:27 AM EDT","","","","","","","","","","","","0","0","0","","","","","5829291074","","","","","","","",""
"465852","NYLI CLEAN OCEANS ETF","4658527646","NYLI CLEAN OCEANS ETF","","","","USD","UNITED STATES DOLLAR","THB","THAILAND BAHT","11","BRU","09/15/25","","","","","","","","","","","","","","","","","","","","","","","","0","","","","","","0.000000","","0.000000","0.000000","","0.000000","","","","","","","","","","","","","0.031397","","","","","","","","","","09/12/25","09/17/25","09/12/25","9:01:27 AM EDT","","","","","","","","","","","","0","0","0","","","","","5829291074","","","","","","","",""
"465852","NYLI CLEAN OCEANS ETF","4658527646","NYLI CLEAN OCEANS ETF","","","","USD","UNITED STATES DOLLAR","THB","THAILAND BAHT","11","BRU","09/16/25","","","","","","","","","","","","","","","","","","","","","","","","0","","","","","","0.000000","","0.000000","0.000000","","0.000000","","","","","","","","","","","","","0.031397","","","","","","","","","","09/12/25","09/17/25","09/12/25","9:01:27 AM EDT","","","","","","","","","","","","0","0","0","","","","","5829291074","","","","","","","",""
"465852","NYLI CLEAN OCEANS ETF","4658527646","NYLI CLEAN OCEANS ETF","","","","USD","UNITED STATES DOLLAR","THB","THAILAND BAHT","11","BRU","09/17/25","","","","","","","","","","","","","","","","","","","","","","","","0","","","","","","0.000000","","0.000000","0.000000","","0.000000","","","","","","","","","","","","","0.031397","","","","","","","","","","09/12/25","09/17/25","09/12/25","9:01:27 AM EDT","","","","","","","","","","","","0","0","0","","","","","5829291074","","","","","","","",""
"465852","NYLI CLEAN OCEANS ETF","4658528400","NYLI CLEAN OCEANS ETF","","","","USD","UNITED STATES DOLLAR","USD","UNITED STATES DOLLAR","31","NYG","09/12/25","","","","","","","","","","","","","","","","","","","","","","","","0","","","","","","0.000000","","0.000000","0.000000","","0.000000","","","","","","","","","","","","","1.000000","","","","","","","","","","09/12/25","09/17/25","09/12/25","9:01:27 AM EDT","","","","","","","","","","","","0","0","0","","","","","5829291074","","","","","","","",""
"465852","NYLI CLEAN OCEANS ETF","4658528400","NYLI CLEAN OCEANS ETF","X9X9USDDIRM7","","","USD","UNITED STATES DOLLAR","USD","UNITED STATES DOLLAR","31","NYG","09/12/25","","","","","","","","","","","","","","","","","","","","","","","","0","","","","","","0.000000","","0.000000","0.000000","","0.000000","","","","","","","","","","","","","1.000000","","","X9X9USDDIRM7","","","","","","","09/12/25","09/17/25","09/12/25","9:01:27 AM EDT","","","","","","","","","","","","0","0","0","","","","","5829291074","","","","","","","",""
"465852","NYLI CLEAN OCEANS ETF","4658528400","NYLI CLEAN OCEANS ETF","","","","USD","UNITED STATES DOLLAR","USD","UNITED STATES DOLLAR","31","NYG","09/15/25","","","","","","","","","","","","","","","","","","","","","","","","0","","","","","","0.000000","","0.000000","0.000000","","0.000000","","","","","","","","","","","","","1.000000","","","","","","","","","","09/12/25","09/17/25","09/12/25","9:01:27 AM EDT","","","","","","","","","","","","0","0","0","","","","","5829291074","","","","","","","",""
"465852","NYLI CLEAN OCEANS ETF","4658528400","NYLI CLEAN OCEANS ETF","","","","USD","UNITED STATES DOLLAR","USD","UNITED STATES DOLLAR","31","NYG","09/16/25","","","","","","","","","","","","","","","","","","","","","","","","0","","","","","","0.000000","","0.000000","0.000000","","0.000000","","","","","","","","","","","","","1.000000","","","","","","","","","","09/12/25","09/17/25","09/12/25","9:01:27 AM EDT","","","","","","","","","","","","0","0","0","","","","","5829291074","","","","","","","",""
"465852","NYLI CLEAN OCEANS ETF","4658528400","NYLI CLEAN OCEANS ETF","","","","USD","UNITED STATES DOLLAR","USD","UNITED STATES DOLLAR","31","NYG","09/17/25","","","","","","","","","","","","","","","","","","","","","","","","0","","","","","","0.000000","","0.000000","0.000000","","0.000000","","","","","","","","","","","","","1.000000","","","","","","","","","","09/12/25","09/17/25","09/12/25","9:01:27 AM EDT","","","","","","","","","","","","0","0","0","","","","","5829291074","","","","","","","",""
"478995","NYLI 500 INTERNATIONAL ETF","4789950360","NYLI 500 INTERNATIONAL ETF","","","","USD","UNITED STATES DOLLAR","AUD","AUSTRALIAN DOLLAR","11","BRU","09/12/25","","","","","","","","","","","","","","","","","","","","","","","","0","","","","","","0.000000","","0.000000","0.000000","","0.000000","","","","","","","","","","","","","0.664850","","","","","","","","","","09/12/25","09/17/25","09/12/25","9:01:27 AM EDT","","","","","","","","","","","","0","0","0","","","","","5829291038","","","","","","","",""
"478995","NYLI 500 INTERNATIONAL ETF","4789950360","NYLI 500 INTERNATIONAL ETF","","","","USD","UNITED STATES DOLLAR","AUD","AUSTRALIAN DOLLAR","11","BRU","09/15/25","","","","","","","","","","","","","","","","","","","","","","","","0","","","","","","0.000000","","0.000000","0.000000","","0.000000","","","","","","","","","","","","","0.664850","","","","","","","","","","09/12/25","09/17/25","09/12/25","9:01:27 AM EDT","","","","","","","","","","","","0","0","0","","","","","5829291038","","","","","","","",""
"478995","NYLI 500 INTERNATIONAL ETF","4789950360","NYLI 500 INTERNATIONAL ETF","","","","USD","UNITED STATES DOLLAR","AUD","AUSTRALIAN DOLLAR","11","BRU","09/16/25","","","","","","","","","","","","","","","","","","","","","","","","0","","","","","","0.000000","","0.000000","0.000000","","0.000000","","","","","","","","","","","","","0.664850","","","","","","","","","","09/12/25","09/17/25","09/12/25","9:01:27 AM EDT","","","","","","","","","","","","0","0","0","","","","","5829291038","","","","","","","",""
"478995","NYLI 500 INTERNATIONAL ETF","4789950360","NYLI 500 INTERNATIONAL ETF","","","","USD","UNITED STATES DOLLAR","AUD","AUSTRALIAN DOLLAR","11","BRU","09/17/25","","","","","","","","","","","","","","","","","","","","","","","","0","","","","","","0.000000","","0.000000","0.000000","","0.000000","","","","","","","","","","","","","0.664850","","","","","","","","","","09/12/25","09/17/25","09/12/25","9:01:27 AM EDT","","","","","","","","","","","","0","0","0","","","","","5829291038","","","","","","","",""
"478995","NYLI 500 INTERNATIONAL ETF","4789951240","NYLI 500 INTERNATIONAL ETF","","","","USD","UNITED STATES DOLLAR","CAD","CANADIAN DOLLAR","10","BRU","09/12/25","","","","","","","","","","","","","","","","","","","","","","","","0","","","","","","-25.460000","","-25.460000","-18.390000","","-18.390000","","","","","","","","","","","","","0.722465","","","","","","","","","","09/12/25","09/17/25","09/12/25","9:01:27 AM EDT","","","","","","","","","","","","0","0","0","","","","","5829291038","","","","","","","",""
"478995","NYLI 500 INTERNATIONAL ETF","4789951240","NYLI 500 INTERNATIONAL ETF","","","","USD","UNITED STATES DOLLAR","CAD","CANADIAN DOLLAR","10","BRU","09/15/25","","","","","","","","","","","","","","","","","","","","","","","","0","","","","","","-25.460000","","-25.460000","-18.390000","","-18.390000","","","","","","","","","","","","","0.722465","","","","","","","","","","09/12/25","09/17/25","09/12/25","9:01:27 AM EDT","","","","","","","","","","","","0","0","0","","","","","5829291038","","","","","","","",""
"478995","NYLI 500 INTERNATIONAL ETF","4789951240","NYLI 500 INTERNATIONAL ETF","","","","USD","UNITED STATES DOLLAR","CAD","CANADIAN DOLLAR","10","BRU","09/16/25","","","","","","","","","","","","","","","","","","","","","","","","0","","","","","","-25.460000","","-25.460000","-18.390000","","-18.390000","","","","","","","","","","","","","0.722465","","","","","","","","","","09/12/25","09/17/25","09/12/25","9:01:27 AM EDT","","","","","","","","","","","","0","0","0","","","","","5829291038","","","","","","","",""
"478995","NYLI 500 INTERNATIONAL ETF","4789951240","NYLI 500 INTERNATIONAL ETF","","","","USD","UNITED STATES DOLLAR","CAD","CANADIAN DOLLAR","10","BRU","09/17/25","","","","","","","","","","","","","","","","","","","","","","","","0","","","","","","-25.460000","","-25.460000","-18.390000","","-18.390000","","","","","","","","","","","","","0.722465","","","","","","","","","","09/12/25","09/17/25","09/12/25","9:01:27 AM EDT","","","","","","","","","","","","0","0","0","","","","","5829291038","","","","","","","",""
"478995","NYLI 500 INTERNATIONAL ETF","4789952080","NYLI 500 INTERNATIONAL ETF","","","","USD","UNITED STATES DOLLAR","DKK","DANISH KRONE","10","BRU","09/12/25","","","","","","","","","","","","","","","","","","","","","","","","0","","","","","","0.000000","","0.000000","0.000000","","0.000000","","","","","","","","","","","","","0.157118","","","","","","","","","","09/12/25","09/17/25","09/12/25","9:01:27 AM EDT","","","","","","","","","","","","0","0","0","","","","","5829291038","","","","","","","",""
"478995","NYLI 500 INTERNATIONAL ETF","4789952080","NYLI 500 INTERNATIONAL ETF","","","","USD","UNITED STATES DOLLAR","DKK","DANISH KRONE","10","BRU","09/15/25","","","","","","","","","","","","","","","","","","","","","","","","0","","","","","","0.000000","","0.000000","0.000000","","0.000000","","","","","","","","","","","","","0.157118","","","","","","","","","","09/12/25","09/17/25","09/12/25","9:01:27 AM EDT","","","","","","","","","","","","0","0","0","","","","","5829291038","","","","","","","",""
"478995","NYLI 500 INTERNATIONAL ETF","4789952080","NYLI 500 INTERNATIONAL ETF","","","","USD","UNITED STATES DOLLAR","DKK","DANISH KRONE","10","BRU","09/16/25","","","","","","","","","","","","","","","","","","","","","","","","0","","","","","","0.000000","","0.000000","0.000000","","0.000000","","","","","","","","","","","","","0.157118","","","","","","","","","","09/12/25","09/17/25","09/12/25","9:01:27 AM EDT","","","","","","","","","","","","0","0","0","","","","","5829291038","","","","","","","",""
"478995","NYLI 500 INTERNATIONAL ETF","4789952080","NYLI 500 INTERNATIONAL ETF","","","","USD","UNITED STATES DOLLAR","DKK","DANISH KRONE","10","BRU","09/17/25","","","","","","","","","","","","","","","","","","","","","","","","0","","","","","","0.000000","","0.000000","0.000000","","0.000000","","","","","","","","","","","","","0.157118","","","","","","","","","","09/12/25","09/17/25","09/12/25","9:01:27 AM EDT","","","","","","","","","","","","0","0","0","","","","","5829291038","","","","","","","",""
"478995","NYLI 500 INTERNATIONAL ETF","4789959780","NYLI 500 INTERNATIONAL ETF","","","","USD","UNITED STATES DOLLAR","EUR","EURO","10","BRU","09/15/25","","","","","","","","","","","","","","","","","","","","","","","","0","","","","","","63.230000","","63.230000","74.160000","","74.160000","","","","","","","","","","","","","1.172800","","","","","","","","","","09/12/25","09/17/25","09/12/25","9:01:27 AM EDT","","","","","","","","","","","","0","0","0","","","","","5829291038","","","","","","","",""
"478995","NYLI 500 INTERNATIONAL ETF","4789959780","NYLI 500 INTERNATIONAL ETF","","","","USD","UNITED STATES DOLLAR","EUR","EURO","10","BRU","09/16/25","","","","","","","","","","","","","","","","","","","","","","","","0","","","","","","63.230000","","63.230000","74.160000","","74.160000","","","","","","","","","","","","","1.172800","","","","","","","","","","09/12/25","09/17/25","09/12/25","9:01:27 AM EDT","","","","","","","","","","","","0","0","0","","","","","5829291038","","","","","","","",""
"478995","NYLI 500 INTERNATIONAL ETF","4789959780","NYLI 500 INTERNATIONAL ETF","","","","USD","UNITED STATES DOLLAR","EUR","EURO","10","BRU","09/17/25","","","","","","","","","","","","","","","","","","","","","","","","0","","","","","","63.230000","","63.230000","74.160000","","74.160000","","","","","","","","","","","","","1.172800","","","","","","","","","","09/12/25","09/17/25","09/12/25","9:01:27 AM EDT","","","","","","","","","","","","0","0","0","","","","","5829291038","","","","","","","",""
"478995","NYLI 500 INTERNATIONAL ETF","4789953440","NYLI 500 INTERNATIONAL ETF","","","","USD","UNITED STATES DOLLAR","HKD","HONG KONG DOLLAR","11","BRU","09/12/25","","","","","","","","","","","","","","","","","","","","","","","","0","","","","","","0.000000","","0.000000","0.000000","","0.000000","","","","","","","","","","","","","0.128379","","","","","","","","","","09/12/25","09/17/25","09/12/25","9:01:27 AM EDT","","","","","","","","","","","","0","0","0","","","","","5829291038","","","","","","","",""
"478995","NYLI 500 INTERNATIONAL ETF","4789953440","NYLI 500 INTERNATIONAL ETF","","","","USD","UNITED STATES DOLLAR","HKD","HONG KONG DOLLAR","11","BRU","09/15/25","","","","","","","","","","","","","","","","","","","","","","","","0","","","","","","0.000000","","0.000000","0.000000","","0.000000","","","","","","","","","","","","","0.128379","","","","","","","","","","09/12/25","09/17/25","09/12/25","9:01:27 AM EDT","","","","","","","","","","","","0","0","0","","","","","5829291038","","","","","","","",""
"478995","NYLI 500 INTERNATIONAL ETF","4789953440","NYLI 500 INTERNATIONAL ETF","","","","USD","UNITED STATES DOLLAR","HKD","HONG KONG DOLLAR","11","BRU","09/16/25","","","","","","","","","","","","","","","","","","","","","","","","0","","","","","","0.000000","","0.000000","0.000000","","0.000000","","","","","","","","","","","","","0.128379","","","","","","","","","","09/12/25","09/17/25","09/12/25","9:01:27 AM EDT","","","","","","","","","","","","0","0","0","","","","","5829291038","","","","","","","",""
"478995","NYLI 500 INTERNATIONAL ETF","4789953440","NYLI 500 INTERNATIONAL ETF","","","","USD","UNITED STATES DOLLAR","HKD","HONG KONG DOLLAR","11","BRU","09/17/25","","","","","","","","","","","","","","","","","","","","","","","","0","","","","","","0.000000","","0.000000","0.000000","","0.000000","","","","","","","","","","","","","0.128379","","","","","","","","","","09/12/25","09/17/25","09/12/25","9:01:27 AM EDT","","","","","","","","","","","","0","0","0","","","","","5829291038","","","","","","","",""
"478995","NYLI 500 INTERNATIONAL ETF","4789953920","NYLI 500 INTERNATIONAL ETF","","","","USD","UNITED STATES DOLLAR","JPY","JAPANESE YEN","11","BRU","09/12/25","","","","","","","","","","","","","","","","","","","","","","","","0","","","","","","-1900.000000","","-1900.000000","-12.910000","","-12.910000","","","","","","","","","","","","","0.006794","","","","","","","","","","09/12/25","09/17/25","09/12/25","9:01:27 AM EDT","","","","","","","","","","","","0","0","0","","","","","5829291038","","","","","","","",""
"478995","NYLI 500 INTERNATIONAL ETF","4789953920","NYLI 500 INTERNATIONAL ETF","","","","USD","UNITED STATES DOLLAR","JPY","JAPANESE YEN","11","BRU","09/16/25","","","","","","","","","","","","","","","","","","","","","","","","0","","","","","","-1900.000000","","-1900.000000","-12.910000","","-12.910000","","","","","","","","","","","","","0.006794","","","","","","","","","","09/12/25","09/17/25","09/12/25","9:01:27 AM EDT","","","","","","","","","","","","0","0","0","","","","","5829291038","","","","","","","",""
"478995","NYLI 500 INTERNATIONAL ETF","4789953920","NYLI 500 INTERNATIONAL ETF","","","","USD","UNITED STATES DOLLAR","JPY","JAPANESE YEN","11","BRU","09/17/25","","","","","","","","","","","","","","","","","","","","","","","","0","","","","","","-1900.000000","","-1900.000000","-12.910000","","-12.910000","","","","","","","","","","","","","0.006794","","","","","","","","","","09/12/25","09/17/25","09/12/25","9:01:27 AM EDT","","","","","","","","","","","","0","0","0","","","","","5829291038","","","","","","","",""
"478995","NYLI 500 INTERNATIONAL ETF","4789953760","NYLI 500 INTERNATIONAL ETF","","","","USD","UNITED STATES DOLLAR","ILS","NEW ISRAELI SHEKEL","10","BRU","09/12/25","","","","","","","","","","","","","","","","","","","","","","","","0","","","","","","860.120000","","860.120000","258.860000","","258.860000","","","","","","","","","","","","","0.300960","","","","","","","","","","09/12/25","09/17/25","09/12/25","9:01:27 AM EDT","","","","","","","","","","","","0","0","0","","","","","5829291038","","","","","","","",""
"478995","NYLI 500 INTERNATIONAL ETF","4789953760","NYLI 500 INTERNATIONAL ETF","","","","USD","UNITED STATES DOLLAR","ILS","NEW ISRAELI SHEKEL","10","BRU","09/15/25","","","","","","","","","","","","","","","","","","","","","","","","0","","","","","","860.120000","","860.120000","258.860000","","258.860000","","","","","","","","","","","","","0.300960","","","","","","","","","","09/12/25","09/17/25","09/12/25","9:01:27 AM EDT","","","","","","","","","","","","0","0","0","","","","","5829291038","","","","","","","",""
"478995","NYLI 500 INTERNATIONAL ETF","4789953760","NYLI 500 INTERNATIONAL ETF","","","","USD","UNITED STATES DOLLAR","ILS","NEW ISRAELI SHEKEL","10","BRU","09/16/25","","","","","","","","","","","","","","","","","","","","","","","","0","","","","","","860.120000","","860.120000","258.860000","","258.860000","","","","","","","","","","","","","0.300960","","","","","","","","","","09/12/25","09/17/25","09/12/25","9:01:27 AM EDT","","","","","","","","","","","","0","0","0","","","","","5829291038","","","","","","","",""
"478995","NYLI 500 INTERNATIONAL ETF","4789953760","NYLI 500 INTERNATIONAL ETF","","","","USD","UNITED STATES DOLLAR","ILS","NEW ISRAELI SHEKEL","10","BRU","09/17/25","","","","","","","","","","","","","","","","","","","","","","","","0","","","","","","860.120000","","860.120000","258.860000","","258.860000","","","","","","","","","","","","","0.300960","","","","","","","","","","09/12/25","09/17/25","09/12/25","9:01:27 AM EDT","","","","","","","","","","","","0","0","0","","","","","5829291038","","","","","","","",""
"478995","NYLI 500 INTERNATIONAL ETF","4789955540","NYLI 500 INTERNATIONAL ETF","","","","USD","UNITED STATES DOLLAR","NZD","NEW ZEALAND DOLLAR","11","BRU","09/12/25","","","","","","","","","","","","","","","","","","","","","","","","0","","","","","","0.000000","","0.000000","0.000000","","0.000000","","","","","","","","","","","","","0.596250","","","","","","","","","","09/12/25","09/17/25","09/12/25","9:01:27 AM EDT","","","","","","","","","","","","0","0","0","","","","","5829291038","","","","","","","",""
"478995","NYLI 500 INTERNATIONAL ETF","4789955540","NYLI 500 INTERNATIONAL ETF","","","","USD","UNITED STATES DOLLAR","NZD","NEW ZEALAND DOLLAR","11","BRU","09/15/25","","","","","","","","","","","","","","","","","","","","","","","","0","","","","","","0.000000","","0.000000","0.000000","","0.000000","","","","","","","","","","","","","0.596250","","","","","","","","","","09/12/25","09/17/25","09/12/25","9:01:27 AM EDT","","","","","","","","","","","","0","0","0","","","","","5829291038","","","","","","","",""
"478995","NYLI 500 INTERNATIONAL ETF","4789955540","NYLI 500 INTERNATIONAL ETF","","","","USD","UNITED STATES DOLLAR","NZD","NEW ZEALAND DOLLAR","11","BRU","09/16/25","","","","","","","","","","","","","","","","","","","","","","","","0","","","","","","0.000000","","0.000000","0.000000","","0.000000","","","","","","","","","","","","","0.596250","","","","","","","","","","09/12/25","09/17/25","09/12/25","9:01:27 AM EDT","","","","","","","","","","","","0","0","0","","","","","5829291038","","","","","","","",""
"478995","NYLI 500 INTERNATIONAL ETF","4789955540","NYLI 500 INTERNATIONAL ETF","","","","USD","UNITED STATES DOLLAR","NZD","NEW ZEALAND DOLLAR","11","BRU","09/17/25","","","","","","","","","","","","","","","","","","","","","","","","0","","","","","","0.000000","","0.000000","0.000000","","0.000000","","","","","","","","","","","","","0.596250","","","","","","","","","","09/12/25","09/17/25","09/12/25","9:01:27 AM EDT","","","","","","","","","","","","0","0","0","","","","","5829291038","","","","","","","",""
"478995","NYLI 500 INTERNATIONAL ETF","4789955780","NYLI 500 INTERNATIONAL ETF","","","","USD","UNITED STATES DOLLAR","NOK","NORWEGIAN KRONE","10","BRU","09/12/25","","","","","","","","","","","","","","","","","","","","","","","","0","","","","","","0.000000","","0.000000","0.000000","","0.000000","","","","","","","","","","","","","0.101207","","","","","","","","","","09/12/25","09/17/25","09/12/25","9:01:27 AM EDT","","","","","","","","","","","","0","0","0","","","","","5829291038","","","","","","","",""
"478995","NYLI 500 INTERNATIONAL ETF","4789955780","NYLI 500 INTERNATIONAL ETF","","","","USD","UNITED STATES DOLLAR","NOK","NORWEGIAN KRONE","10","BRU","09/15/25","","","","","","","","","","","","","","","","","","","","","","","","0","","","","","","0.000000","","0.000000","0.000000","","0.000000","","","","","","","","","","","","","0.101207","","","","","","","","","","09/12/25","09/17/25","09/12/25","9:01:27 AM EDT","","","","","","","","","","","","0","0","0","","","","","5829291038","","","","","","","",""
"478995","NYLI 500 INTERNATIONAL ETF","4789955780","NYLI 500 INTERNATIONAL ETF","","","","USD","UNITED STATES DOLLAR","NOK","NORWEGIAN KRONE","10","BRU","09/16/25","","","","","","","","","","","","","","","","","","","","","","","","0","","","","","","0.000000","","0.000000","0.000000","","0.000000","","","","","","","","","","","","","0.101207","","","","","","","","","","09/12/25","09/17/25","09/12/25","9:01:27 AM EDT","","","","","","","","","","","","0","0","0","","","","","5829291038","","","","","","","",""
"478995","NYLI 500 INTERNATIONAL ETF","4789955780","NYLI 500 INTERNATIONAL ETF","","","","USD","UNITED STATES DOLLAR","NOK","NORWEGIAN KRONE","10","BRU","09/17/25","","","","","","","","","","","","","","","","","","","","","","","","0","","","","","","0.000000","","0.000000","0.000000","","0.000000","","","","","","","","","","","","","0.101207","","","","","","","","","","09/12/25","09/17/25","09/12/25","9:01:27 AM EDT","","","","","","","","","","","","0","0","0","","","","","5829291038","","","","","","","",""
"478995","NYLI 500 INTERNATIONAL ETF","4789959850","NYLI 500 INTERNATIONAL ETF","","","","USD","UNITED STATES DOLLAR","PLN","POLISH ZLOTY","10","BRU","09/12/25","","","","","","","","","","","","","","","","","","","","","","","","0","","","","","","0.000000","","0.000000","0.000000","","0.000000","","","","","","","","","","","","","0.275596","","","","","","","","","","09/12/25","09/17/25","09/12/25","9:01:27 AM EDT","","","","","","","","","","","","0","0","0","","","","","5829291038","","","","","","","",""
"478995","NYLI 500 INTERNATIONAL ETF","4789959850","NYLI 500 INTERNATIONAL ETF","","","","USD","UNITED STATES DOLLAR","PLN","POLISH ZLOTY","10","BRU","09/15/25","","","","","","","","","","","","","","","","","","","","","","","","0","","","","","","0.000000","","0.000000","0.000000","","0.000000","","","","","","","","","","","","","0.275596","","","","","","","","","","09/12/25","09/17/25","09/12/25","9:01:27 AM EDT","","","","","","","","","","","","0","0","0","","","","","5829291038","","","","","","","",""
"478995","NYLI 500 INTERNATIONAL ETF","4789959850","NYLI 500 INTERNATIONAL ETF","","","","USD","UNITED STATES DOLLAR","PLN","POLISH ZLOTY","10","BRU","09/16/25","","","","","","","","","","","","","","","","","","","","","","","","0","","","","","","0.000000","","0.000000","0.000000","","0.000000","","","","","","","","","","","","","0.275596","","","","","","","","","","09/12/25","09/17/25","09/12/25","9:01:27 AM EDT","","","","","","","","","","","","0","0","0","","","","","5829291038","","","","","","","",""
"478995","NYLI 500 INTERNATIONAL ETF","4789959850","NYLI 500 INTERNATIONAL ETF","","","","USD","UNITED STATES DOLLAR","PLN","POLISH ZLOTY","10","BRU","09/17/25","","","","","","","","","","","","","","","","","","","","","","","","0","","","","","","0.000000","","0.000000","0.000000","","0.000000","","","","","","","","","","","","","0.275596","","","","","","","","","","09/12/25","09/17/25","09/12/25","9:01:27 AM EDT","","","","","","","","","","","","0","0","0","","","","","5829291038","","","","","","","",""
"478995","NYLI 500 INTERNATIONAL ETF","4789958260","NYLI 500 INTERNATIONAL ETF","","","","USD","UNITED STATES DOLLAR","GBP","POUND STERLING","10","BRU","09/12/25","","","","","","","","","","","","","","","","","","","","","","","","0","","","","","","-4.250000","","-4.250000","-5.760000","","-5.760000","","","","","","","","","","","","","1.355850","","","","","","","","","","09/12/25","09/17/25","09/12/25","9:01:27 AM EDT","","","","","","","","","","","","0","0","0","","","","","5829291038","","","","","","","",""
"478995","NYLI 500 INTERNATIONAL ETF","4789958260","NYLI 500 INTERNATIONAL ETF","","","","USD","UNITED STATES DOLLAR","GBP","POUND STERLING","10","BRU","09/15/25","","","","","","","","","","","","","","","","","","","","","","","","0","","","","","","-4.250000","","-4.250000","-5.760000","","-5.760000","","","","","","","","","","","","","1.355850","","","","","","","","","","09/12/25","09/17/25","09/12/25","9:01:27 AM EDT","","","","","","","","","","","","0","0","0","","","","","5829291038","","","","","","","",""
"478995","NYLI 500 INTERNATIONAL ETF","4789958260","NYLI 500 INTERNATIONAL ETF","","","","USD","UNITED STATES DOLLAR","GBP","POUND STERLING","10","BRU","09/16/25","","","","","","","","","","","","","","","","","","","","","","","","0","","","","","","-4.250000","","-4.250000","-5.760000","","-5.760000","","","","","","","","","","","","","1.355850","","","","","","","","","","09/12/25","09/17/25","09/12/25","9:01:27 AM EDT","","","","","","","","","","","","0","0","0","","","","","5829291038","","","","","","","",""
"478995","NYLI 500 INTERNATIONAL ETF","4789958260","NYLI 500 INTERNATIONAL ETF","","","","USD","UNITED STATES DOLLAR","GBP","POUND STERLING","10","BRU","09/17/25","","","","","","","","","","","","","","","","","","","","","","","","0","","","","","","-4.250000","","-4.250000","-5.760000","","-5.760000","","","","","","","","","","","","","1.355850","","","","","","","","","","09/12/25","09/17/25","09/12/25","9:01:27 AM EDT","","","","","","","","","","","","0","0","0","","","","","5829291038","","","","","","","",""
"478995","NYLI 500 INTERNATIONAL ETF","4789957020","NYLI 500 INTERNATIONAL ETF","","","","USD","UNITED STATES DOLLAR","SGD","SINGAPORE DOLLAR","11","BRU","09/12/25","","","","","","","","","","","","","","","","","","","","","","","","0","","","","","","0.000000","","0.000000","0.000000","","0.000000","","","","","","","","","","","","","0.779970","","","","","","","","","","09/12/25","09/17/25","09/12/25","9:01:27 AM EDT","","","","","","","","","","","","0","0","0","","","","","5829291038","","","","","","","",""
"478995","NYLI 500 INTERNATIONAL ETF","4789957020","NYLI 500 INTERNATIONAL ETF","","","","USD","UNITED STATES DOLLAR","SGD","SINGAPORE DOLLAR","11","BRU","09/15/25","","","","","","","","","","","","","","","","","","","","","","","","0","","","","","","0.000000","","0.000000","0.000000","","0.000000","","","","","","","","","","","","","0.779970","","","","","","","","","","09/12/25","09/17/25","09/12/25","9:01:27 AM EDT","","","","","","","","","","","","0","0","0","","","","","5829291038","","","","","","","",""
"478995","NYLI 500 INTERNATIONAL ETF","4789957020","NYLI 500 INTERNATIONAL ETF","","","","USD","UNITED STATES DOLLAR","SGD","SINGAPORE DOLLAR","11","BRU","09/16/25","","","","","","","","","","","","","","","","","","","","","","","","0","","","","","","0.000000","","0.000000","0.000000","","0.000000","","","","","","","","","","","","","0.779970","","","","","","","","","","09/12/25","09/17/25","09/12/25","9:01:27 AM EDT","","","","","","","","","","","","0","0","0","","","","","5829291038","","","","","","","",""
"478995","NYLI 500 INTERNATIONAL ETF","4789957020","NYLI 500 INTERNATIONAL ETF","","","","USD","UNITED STATES DOLLAR","SGD","SINGAPORE DOLLAR","11","BRU","09/17/25","","","","","","","","","","","","","","","","","","","","","","","","0","","","","","","0.000000","","0.000000","0.000000","","0.000000","","","","","","","","","","","","","0.779970","","","","","","","","","","09/12/25","09/17/25","09/12/25","9:01:27 AM EDT","","","","","","","","","","","","0","0","0","","","","","5829291038","","","","","","","",""
"478995","NYLI 500 INTERNATIONAL ETF","4789957520","NYLI 500 INTERNATIONAL ETF","","","","USD","UNITED STATES DOLLAR","SEK","SWEDISH KRONA","10","BRU","09/12/25","","","","","","","","","","","","","","","","","","","","","","","","0","","","","","","0.000000","","0.000000","0.000000","","0.000000","","","","","","","","","","","","","0.107252","","","","","","","","","","09/12/25","09/17/25","09/12/25","9:01:27 AM EDT","","","","","","","","","","","","0","0","0","","","","","5829291038","","","","","","","",""
"478995","NYLI 500 INTERNATIONAL ETF","4789957520","NYLI 500 INTERNATIONAL ETF","","","","USD","UNITED STATES DOLLAR","SEK","SWEDISH KRONA","10","BRU","09/15/25","","","","","","","","","","","","","","","","","","","","","","","","0","","","","","","0.000000","","0.000000","0.000000","","0.000000","","","","","","","","","","","","","0.107252","","","","","","","","","","09/12/25","09/17/25","09/12/25","9:01:27 AM EDT","","","","","","","","","","","","0","0","0","","","","","5829291038","","","","","","","",""
"478995","NYLI 500 INTERNATIONAL ETF","4789957520","NYLI 500 INTERNATIONAL ETF","","","","USD","UNITED STATES DOLLAR","SEK","SWEDISH KRONA","10","BRU","09/16/25","","","","","","","","","","","","","","","","","","","","","","","","0","","","","","","0.000000","","0.000000","0.000000","","0.000000","","","","","","","","","","","","","0.107252","","","","","","","","","","09/12/25","09/17/25","09/12/25","9:01:27 AM EDT","","","","","","","","","","","","0","0","0","","","","","5829291038","","","","","","","",""
"478995","NYLI 500 INTERNATIONAL ETF","4789957520","NYLI 500 INTERNATIONAL ETF","","","","USD","UNITED STATES DOLLAR","SEK","SWEDISH KRONA","10","BRU","09/17/25","","","","","","","","","","","","","","","","","","","","","","","","0","","","","","","0.000000","","0.000000","0.000000","","0.000000","","","","","","","","","","","","","0.107252","","","","","","","","","","09/12/25","09/17/25","09/12/25","9:01:27 AM EDT","","","","","","","","","","","","0","0","0","","","","","5829291038","","","","","","","",""
"478995","NYLI 500 INTERNATIONAL ETF","4789957560","NYLI 500 INTERNATIONAL ETF","","","","USD","UNITED STATES DOLLAR","CHF","SWISS FRANC","10","BRU","09/12/25","","","","","","","","","","","","","","","","","","","","","","","","0","","","","","","0.000000","","0.000000","0.000000","","0.000000","","","","","","","","","","","","","1.256360","","","","","","","","","","09/12/25","09/17/25","09/12/25","9:01:27 AM EDT","","","","","","","","","","","","0","0","0","","","","","5829291038","","","","","","","",""
"478995","NYLI 500 INTERNATIONAL ETF","4789957560","NYLI 500 INTERNATIONAL ETF","","","","USD","UNITED STATES DOLLAR","CHF","SWISS FRANC","10","BRU","09/15/25","","","","","","","","","","","","","","","","","","","","","","","","0","","","","","","0.000000","","0.000000","0.000000","","0.000000","","","","","","","","","","","","","1.256360","","","","","","","","","","09/12/25","09/17/25","09/12/25","9:01:27 AM EDT","","","","","","","","","","","","0","0","0","","","","","5829291038","","","","","","","",""
"478995","NYLI 500 INTERNATIONAL ETF","4789957560","NYLI 500 INTERNATIONAL ETF","","","","USD","UNITED STATES DOLLAR","CHF","SWISS FRANC","10","BRU","09/16/25","","","","","","","","","","","","","","","","","","","","","","","","0","","","","","","0.000000","","0.000000","0.000000","","0.000000","","","","","","","","","","","","","1.256360","","","","","","","","","","09/12/25","09/17/25","09/12/25","9:01:27 AM EDT","","","","","","","","","","","","0","0","0","","","","","5829291038","","","","","","","",""
"478995","NYLI 500 INTERNATIONAL ETF","4789957560","NYLI 500 INTERNATIONAL ETF","","","","USD","UNITED STATES DOLLAR","CHF","SWISS FRANC","10","BRU","09/17/25","","","","","","","","","","","","","","","","","","","","","","","","0","","","","","","0.000000","","0.000000","0.000000","","0.000000","","","","","","","","","","","","","1.256360","","","","","","","","","","09/12/25","09/17/25","09/12/25","9:01:27 AM EDT","","","","","","","","","","","","0","0","0","","","","","5829291038","","","","","","","",""
"478995","NYLI 500 INTERNATIONAL ETF","4789958400","NYLI 500 INTERNATIONAL ETF","X9X9USDALS02","","","USD","UNITED STATES DOLLAR","USD","UNITED STATES DOLLAR","31","NYG","09/12/25","","","","","","","","","","","","","","","","","","","","","","","","0","","","","","","29236.970000","","29706.590000","29236.970000","","29706.590000","","","","","","","","","","","","","1.000000","","","X9X9USDALS02","","","","","","","09/12/25","09/17/25","09/12/25","9:01:27 AM EDT","","","","","","","","","","","","0","0","0","","","","","5829291038","","","","","","","",""
"478995","NYLI 500 INTERNATIONAL ETF","4789958400","NYLI 500 INTERNATIONAL ETF","X9X9USDDIRM7","","","USD","UNITED STATES DOLLAR","USD","UNITED STATES DOLLAR","31","NYG","09/12/25","","","","","","","","","","","","","","","","","","","","","","","","0","","","","","","29236.970000","","29706.590000","29236.970000","","29706.590000","","","","","","","","","","","","","1.000000","","","X9X9USDDIRM7","","","","","","","09/12/25","09/17/25","09/12/25","9:01:27 AM EDT","","","","","","","","","","","","0","0","0","","","","","5829291038","","","","","","","",""
"478995","NYLI 500 INTERNATIONAL ETF","4789958400","NYLI 500 INTERNATIONAL ETF","","","","USD","UNITED STATES DOLLAR","USD","UNITED STATES DOLLAR","31","NYG","09/15/25","","","","","","","","","","","","","","","","","","","","","","","","0","","","","","","29706.590000","","29706.590000","29706.590000","","29706.590000","","","","","","","","","","","","","1.000000","","","","","","","","","","09/12/25","09/17/25","09/12/25","9:01:27 AM EDT","","","","","","","","","","","","0","0","0","","","","","5829291038","","","","","","","",""
"478995","NYLI 500 INTERNATIONAL ETF","4789958400","NYLI 500 INTERNATIONAL ETF","","","","USD","UNITED STATES DOLLAR","USD","UNITED STATES DOLLAR","31","NYG","09/16/25","","","","","","","","","","","","","","","","","","","","","","","","0","","","","","","29706.590000","","29706.590000","29706.590000","","29706.590000","","","","","","","","","","","","","1.000000","","","","","","","","","","09/12/25","09/17/25","09/12/25","9:01:27 AM EDT","","","","","","","","","","","","0","0","0","","","","","5829291038","","","","","","","",""
"478995","NYLI 500 INTERNATIONAL ETF","4789958400","NYLI 500 INTERNATIONAL ETF","","","","USD","UNITED STATES DOLLAR","USD","UNITED STATES DOLLAR","31","NYG","09/17/25","","","","","","","","","","","","","","","","","","","","","","","","0","","","","","","29706.590000","","29706.590000","29706.590000","","29706.590000","","","","","","","","","","","","","1.000000","","","","","","","","","","09/12/25","09/17/25","09/12/25","9:01:27 AM EDT","","","","","","","","","","","","0","0","0","","","","","5829291038","","","","","","","",""
"657250","IQ CHAIKIN US SMALL CAP ETF","6572508400","IQ CHAIKIN US SMALL CAP ETF","","","","USD","UNITED STATES DOLLAR","USD","UNITED STATES DOLLAR","31","NYG","09/12/25","","","","","","","","","","","","","","","","","","","","","","","","0","","","","","","24069.560000","","24069.560000","24069.560000","","24069.560000","","","","","","","","","","","","","1.000000","","","","","","","","","","09/12/25","09/17/25","09/12/25","9:01:27 AM EDT","","","","","","","","","","","","0","0","0","","","","","5829290990","","","","","","","",""
"657250","IQ CHAIKIN US SMALL CAP ETF","6572508400","IQ CHAIKIN US SMALL CAP ETF","X9X9USDDIRM7","","","USD","UNITED STATES DOLLAR","USD","UNITED STATES DOLLAR","31","NYG","09/12/25","","","","","","","","","","","","","","","","","","","","","","","","0","","","","","","24069.560000","","24069.560000","24069.560000","","24069.560000","","","","","","","","","","","","","1.000000","","","X9X9USDDIRM7","","","","","","","09/12/25","09/17/25","09/12/25","9:01:27 AM EDT","","","","","","","","","","","","0","0","0","","","","","5829290990","","","","","","","",""
"657250","IQ CHAIKIN US SMALL CAP ETF","6572508400","IQ CHAIKIN US SMALL CAP ETF","X9X9USDALS02","","","USD","UNITED STATES DOLLAR","USD","UNITED STATES DOLLAR","31","NYG","09/12/25","","","","","","","","","","","","","","","","","","","","","","","","0","","","","","","24069.560000","","24069.560000","24069.560000","","24069.560000","","","","","","","","","","","","","1.000000","","","X9X9USDALS02","","","","","","","09/12/25","09/17/25","09/12/25","9:01:27 AM EDT","","","","","","","","","","","","0","0","0","","","","","5829290990","","","","","","","",""
"657250","IQ CHAIKIN US SMALL CAP ETF","6572508400","IQ CHAIKIN US SMALL CAP ETF","","","","USD","UNITED STATES DOLLAR","USD","UNITED STATES DOLLAR","31","NYG","09/15/25","","","","","","","","","","","","","","","","","","","","","","","","0","","","","","","24069.560000","","24069.560000","24069.560000","","24069.560000","","","","","","","","","","","","","1.000000","","","","","","","","","","09/12/25","09/17/25","09/12/25","9:01:27 AM EDT","","","","","","","","","","","","0","0","0","","","","","5829290990","","","","","","","",""
"657250","IQ CHAIKIN US SMALL CAP ETF","6572508400","IQ CHAIKIN US SMALL CAP ETF","","","","USD","UNITED STATES DOLLAR","USD","UNITED STATES DOLLAR","31","NYG","09/16/25","","","","","","","","","","","","","","","","","","","","","","","","0","","","","","","24069.560000","","24069.560000","24069.560000","","24069.560000","","","","","","","","","","","","","1.000000","","","","","","","","","","09/12/25","09/17/25","09/12/25","9:01:27 AM EDT","","","","","","","","","","","","0","0","0","","","","","5829290990","","","","","","","",""
"657250","IQ CHAIKIN US SMALL CAP ETF","6572508400","IQ CHAIKIN US SMALL CAP ETF","","","","USD","UNITED STATES DOLLAR","USD","UNITED STATES DOLLAR","31","NYG","09/17/25","","","","","","","","","","","","","","","","","","","","","","","","0","","","","","","24069.560000","","24069.560000","24069.560000","","24069.560000","","","","","","","","","","","","","1.000000","","","","","","","","","","09/12/25","09/17/25","09/12/25","9:01:27 AM EDT","","","","","","","","","","","","0","0","0","","","","","5829290990","","","","","","","",""
"676966","NYLIAC  INDEXIQ ETF SMA 1839","6769668400","NYLIAC  INDEXIQ ETF SMA 1839","","","","USD","UNITED STATES DOLLAR","USD","UNITED STATES DOLLAR","31","NYG","09/12/25","","","","","","","","","","","","","","","","","","","","","","","","0","","","","","","199042.580000","","199042.580000","199042.580000","","199042.580000","","","","","","","","","","","","","1.000000","","","","","","","","","","09/12/25","09/17/25","09/12/25","9:01:27 AM EDT","","","","","","","","","","","","0","0","0","","","","","9937705970","","","","","","","",""
"676966","NYLIAC  INDEXIQ ETF SMA 1839","6769668400","NYLIAC  INDEXIQ ETF SMA 1839","X9X9USDDRET1","","","USD","UNITED STATES DOLLAR","USD","UNITED STATES DOLLAR","31","NYG","09/12/25","","","","","","","","","","","","","","","","","","","","","","","","0","","","","","","199042.580000","","199042.580000","199042.580000","","199042.580000","","","","","","","","","","","","","1.000000","","","X9X9USDDRET1","","","","","","","09/12/25","09/17/25","09/12/25","9:01:27 AM EDT","","","","","","","","","","","","0","0","0","","","","","9937705970","","","","","","","",""
"676966","NYLIAC  INDEXIQ ETF SMA 1839","6769668400","NYLIAC  INDEXIQ ETF SMA 1839","","","","USD","UNITED STATES DOLLAR","USD","UNITED STATES DOLLAR","31","NYG","09/15/25","","","","","","","","","","","","","","","","","","","","","","","","0","","","","","","199042.580000","","199042.580000","199042.580000","","199042.580000","","","","","","","","","","","","","1.000000","","","","","","","","","","09/12/25","09/17/25","09/12/25","9:01:27 AM EDT","","","","","","","","","","","","0","0","0","","","","","9937705970","","","","","","","",""
"676966","NYLIAC  INDEXIQ ETF SMA 1839","6769668400","NYLIAC  INDEXIQ ETF SMA 1839","","","","USD","UNITED STATES DOLLAR","USD","UNITED STATES DOLLAR","31","NYG","09/16/25","","","","","","","","","","","","","","","","","","","","","","","","0","","","","","","199042.580000","","199042.580000","199042.580000","","199042.580000","","","","","","","","","","","","","1.000000","","","","","","","","","","09/12/25","09/17/25","09/12/25","9:01:27 AM EDT","","","","","","","","","","","","0","0","0","","","","","9937705970","","","","","","","",""
"676966","NYLIAC  INDEXIQ ETF SMA 1839","6769668400","NYLIAC  INDEXIQ ETF SMA 1839","","","","USD","UNITED STATES DOLLAR","USD","UNITED STATES DOLLAR","31","NYG","09/17/25","","","","","","","","","","","","","","","","","","","","","","","","0","","","","","","199042.580000","","199042.580000","199042.580000","","199042.580000","","","","","","","","","","","","","1.000000","","","","","","","","","","09/12/25","09/17/25","09/12/25","9:01:27 AM EDT","","","","","","","","","","","","0","0","0","","","","","9937705970","","","","","","","",""
"776443","NYLIAC GEN EQ ETF FDA CLEAR  2300","7764438400","NYLIAC GEN EQ ETF FDA CLEAR  2300","","","","USD","UNITED STATES DOLLAR","USD","UNITED STATES DOLLAR","31","NYG","09/12/25","","","","","","","","","","","","","","","","","","","","","","","","0","","","","","","277095.990000","","277095.990000","277095.990000","","277095.990000","","","","","","","","","","","","","1.000000","","","","","","","","","","09/12/25","09/17/25","09/12/25","9:01:27 AM EDT","","","","","","","","","","","","0","0","0","","","","","9937706361","","","","","","","",""
"776443","NYLIAC GEN EQ ETF FDA CLEAR  2300","7764438400","NYLIAC GEN EQ ETF FDA CLEAR  2300","X9X9USDDRET1","","","USD","UNITED STATES DOLLAR","USD","UNITED STATES DOLLAR","31","NYG","09/12/25","","","","","","","","","","","","","","","","","","","","","","","","0","","","","","","277095.990000","","277095.990000","277095.990000","","277095.990000","","","","","","","","","","","","","1.000000","","","X9X9USDDRET1","","","","","","","09/12/25","09/17/25","09/12/25","9:01:27 AM EDT","","","","","","","","","","","","0","0","0","","","","","9937706361","","","","","","","",""
"776443","NYLIAC GEN EQ ETF FDA CLEAR  2300","7764438400","NYLIAC GEN EQ ETF FDA CLEAR  2300","","","","USD","UNITED STATES DOLLAR","USD","UNITED STATES DOLLAR","31","NYG","09/15/25","","","","","","","","","","","","","","","","","","","","","","","","0","","","","","","277095.990000","","277095.990000","277095.990000","","277095.990000","","","","","","","","","","","","","1.000000","","","","","","","","","","09/12/25","09/17/25","09/12/25","9:01:27 AM EDT","","","","","","","","","","","","0","0","0","","","","","9937706361","","","","","","","",""
"776443","NYLIAC GEN EQ ETF FDA CLEAR  2300","7764438400","NYLIAC GEN EQ ETF FDA CLEAR  2300","","","","USD","UNITED STATES DOLLAR","USD","UNITED STATES DOLLAR","31","NYG","09/16/25","","","","","","","","","","","","","","","","","","","","","","","","0","","","","","","277095.990000","","277095.990000","277095.990000","","277095.990000","","","","","","","","","","","","","1.000000","","","","","","","","","","09/12/25","09/17/25","09/12/25","9:01:27 AM EDT","","","","","","","","","","","","0","0","0","","","","","9937706361","","","","","","","",""
"776443","NYLIAC GEN EQ ETF FDA CLEAR  2300","7764438400","NYLIAC GEN EQ ETF FDA CLEAR  2300","","","","USD","UNITED STATES DOLLAR","USD","UNITED STATES DOLLAR","31","NYG","09/17/25","","","","","","","","","","","","","","","","","","","","","","","","0","","","","","","277095.990000","","277095.990000","277095.990000","","277095.990000","","","","","","","","","","","","","1.000000","","","","","","","","","","09/12/25","09/17/25","09/12/25","9:01:27 AM EDT","","","","","","","","","","","","0","0","0","","","","","9937706361","","","","","","","",""
